DC-OPF sfun ready: 118 buses, 54 generators, 186 branches
Loaded 9 failure rules from /scratch/w84/hxr547/tsum/demos/case118/results_both_seeded/seed_rules_fail.json
Loaded 636 survival rules from /scratch/w84/hxr547/tsum/demos/case118/results_both_seeded/seed_rules_surv.json

Failure rule length distribution:
  3 conditions: 9 rules

Survival rule length distribution:
  136 conditions: 1 rules
  141 conditions: 2 rules
  142 conditions: 1 rules
  143 conditions: 2 rules
  145 conditions: 3 rules
  146 conditions: 4 rules
  147 conditions: 5 rules
  148 conditions: 5 rules
  149 conditions: 5 rules
  150 conditions: 7 rules
  151 conditions: 16 rules
  152 conditions: 12 rules
  153 conditions: 19 rules
  154 conditions: 15 rules
  155 conditions: 16 rules
  156 conditions: 16 rules
  157 conditions: 28 rules
  158 conditions: 38 rules
  159 conditions: 25 rules
  160 conditions: 33 rules
  161 conditions: 49 rules
  162 conditions: 36 rules
  163 conditions: 31 rules
  164 conditions: 29 rules
  165 conditions: 37 rules
  166 conditions: 32 rules
  167 conditions: 34 rules
  168 conditions: 32 rules
  169 conditions: 26 rules
  170 conditions: 23 rules
  171 conditions: 18 rules
  172 conditions: 6 rules
  173 conditions: 11 rules
  174 conditions: 4 rules
  175 conditions: 7 rules
  176 conditions: 2 rules
  177 conditions: 2 rules
  178 conditions: 1 rules
  180 conditions: 1 rules
  182 conditions: 1 rules
  183 conditions: 1 rules

============================================================
Phase 3: TSUM rule extraction (seeded with 9 failure + 636 survival rules)
============================================================
  Critical components: vbus59, vbus11, vbus75, vbus60, vbus82, vbus45, vbus79, vbus96, vbus94, vbus80, vbus78, vbus37, vbus3, vbus23, vbus33, vbus17, vbus106, vbus118, vbus39, vbus116, vbus47, vbus16, vbus41, vbus48, vbus53, vbus98, vbus49, vbus90, vbus13, vbus88, vbus67, vbus50, vbus101, vbus92, vbus89, vbus97, br125, vbus35, vbus20, vbus29, vbus2, vbus7, br47, vbus14, vbus68, br183, vbus57, vbus22, vbus44, br29, br61, br185, vbus58, br16, vbus52, vbus21, vbus43, vbus51, br71, vbus54, vbus42, vbus83, vbus86, vbus77, br152, vbus27, vbus15, vbus62, vbus112, vbus12, vbus32, vbus40, vbus95, br22, vbus56, vbus85, br68, vbus93, vbus74, vbus1, vbus31, vbus18, vbus99, vbus110, vbus105, vbus19, vbus34, vbus6, vbus76, vbus107, br72, vbus100, br28, vbus109, vbus55, vbus66, vbus70, vbus46, br147, vbus8, vbus115, vbus91, vbus104, vbus36, vbus4, vbus5, vbus102, br34, br121, vbus69, vbus28, vbus117, br184, vbus72, br181, vbus113, vbus103, br129, vbus73, vbus24, br151, br70, br133, vbus38, vbus84, br51, br48, vbus61, br74, br148, br59, br150, br81, vbus114, vbus25, br145, br88, br131, br52, br116, br180, br137, br144, vbus108, br35, br162, br17, br4, br90, vbus65, br11, br12, br149, br33, vbus30, br160, br161, br13, br80, br167, br83, br58, br69, br128, br146, br132, br27, br103, br175, br56, br8, br2, br25, br135, br120, br15, br10, br105, br6, br141, br55, br173, br1, br64, br157, br136, br19, br139, br101, br171, br31, br82, br73, br36, br96, br122, br21, br130, br138, br53, br63, br172, br107, br40, br54, br23, br84, br44, br89, br123, br142, br67, br66, br20, br104, br38, br41, br30
  Seed rules:  9 failure + 636 survival rules
  Convergence: unk_prob < 1e-05
  Device:      cpu
  Workers:     96

Starting rule extraction...

Loaded 636 initial survival rules
Loaded 9 initial failure rules
Parallel mode: 96 CPU workers for sfun + minimization
---
Round: 1, Unk. prob.: 1.000e+00
Surv probs: 0.000e+00, Fail probs: 0.000e+00
No. of non-dominant rules: 645, Survival rules: 636, Failure rules: 9
Batch update: 96 rules added, 0 existing rules removed (0 new rules dominated)
Survival: 96 rules added, 0 removed (from 96 candidates)
Updated sys_vals: [13.675, 13.699, 13.735, 13.738, 13.743, 13.753, 13.755, 13.756, 13.762, 13.764, 13.765, 13.768, 13.769, 13.77, 13.773, 13.774, 13.775, 13.777, 13.778, 13.779, 13.78, 13.781, 13.783, 13.784, 13.785, 13.786, 13.788, 13.789, 13.79, 13.791, 13.792, 13.793, 13.794, 13.795, 13.796, 13.797, 13.798, 13.799, 13.8]
---
Round: 2, Unk. prob.: 9.740e-01
Surv probs: 2.604e-02, Fail probs: 0.000e+00
No. of non-dominant rules: 741, Survival rules: 732, Failure rules: 9
Batch update: 96 rules added, 0 existing rules removed (0 new rules dominated)
Survival: 96 rules added, 0 removed (from 96 candidates)
Updated sys_vals: [13.669, 13.675, 13.699, 13.733, 13.735, 13.738, 13.743, 13.753, 13.755, 13.756, 13.759, 13.76, 13.762, 13.764, 13.765, 13.767, 13.768, 13.769, 13.77, 13.771, 13.772, 13.773, 13.774, 13.775, 13.777, 13.778, 13.779, 13.78, 13.781, 13.782, 13.783, 13.784, 13.785, 13.786, 13.787, 13.788, 13.789, 13.79, 13.791, 13.792, 13.793, 13.794, 13.795, 13.796, 13.797, 13.798, 13.799, 13.8]
---
Round: 3, Unk. prob.: 9.401e-01
Surv probs: 5.988e-02, Fail probs: 0.000e+00
No. of non-dominant rules: 837, Survival rules: 828, Failure rules: 9
Batch update: 96 rules added, 0 existing rules removed (0 new rules dominated)
Survival: 96 rules added, 0 removed (from 96 candidates)
Updated sys_vals: [13.669, 13.675, 13.677, 13.699, 13.716, 13.733, 13.734, 13.735, 13.738, 13.743, 13.745, 13.746, 13.753, 13.755, 13.756, 13.759, 13.76, 13.762, 13.763, 13.764, 13.765, 13.766, 13.767, 13.768, 13.769, 13.77, 13.771, 13.772, 13.773, 13.774, 13.775, 13.776, 13.777, 13.778, 13.779, 13.78, 13.781, 13.782, 13.783, 13.784, 13.785, 13.786, 13.787, 13.788, 13.789, 13.79, 13.791, 13.792, 13.793, 13.794, 13.795, 13.796, 13.797, 13.798, 13.799, 13.8]
---
Round: 4, Unk. prob.: 9.096e-01
Surv probs: 9.038e-02, Fail probs: 0.000e+00
No. of non-dominant rules: 933, Survival rules: 924, Failure rules: 9
Batch update: 96 rules added, 0 existing rules removed (0 new rules dominated)
Survival: 96 rules added, 0 removed (from 96 candidates)
Updated sys_vals: [13.669, 13.675, 13.677, 13.699, 13.709, 13.715, 13.716, 13.725, 13.733, 13.734, 13.735, 13.738, 13.743, 13.745, 13.746, 13.747, 13.75, 13.753, 13.755, 13.756, 13.757, 13.759, 13.76, 13.762, 13.763, 13.764, 13.765, 13.766, 13.767, 13.768, 13.769, 13.77, 13.771, 13.772, 13.773, 13.774, 13.775, 13.776, 13.777, 13.778, 13.779, 13.78, 13.781, 13.782, 13.783, 13.784, 13.785, 13.786, 13.787, 13.788, 13.789, 13.79, 13.791, 13.792, 13.793, 13.794, 13.795, 13.796, 13.797, 13.798, 13.799, 13.8]
---
Round: 5, Unk. prob.: 8.887e-01
Surv probs: 1.113e-01, Fail probs: 0.000e+00
No. of non-dominant rules: 1029, Survival rules: 1020, Failure rules: 9
Batch update: 96 rules added, 0 existing rules removed (0 new rules dominated)
Survival: 96 rules added, 0 removed (from 96 candidates)
Updated sys_vals: [13.669, 13.675, 13.677, 13.69, 13.694, 13.699, 13.703, 13.708, 13.709, 13.715, 13.716, 13.718, 13.725, 13.728, 13.729, 13.733, 13.734, 13.735, 13.738, 13.743, 13.745, 13.746, 13.747, 13.75, 13.751, 13.752, 13.753, 13.755, 13.756, 13.757, 13.758, 13.759, 13.76, 13.762, 13.763, 13.764, 13.765, 13.766, 13.767, 13.768, 13.769, 13.77, 13.771, 13.772, 13.773, 13.774, 13.775, 13.776, 13.777, 13.778, 13.779, 13.78, 13.781, 13.782, 13.783, 13.784, 13.785, 13.786, 13.787, 13.788, 13.789, 13.79, 13.791, 13.792, 13.793, 13.794, 13.795, 13.796, 13.797, 13.798, 13.799, 13.8]
---
Round: 6, Unk. prob.: 8.671e-01
Surv probs: 1.329e-01, Fail probs: 1.000e-05
No. of non-dominant rules: 1125, Survival rules: 1116, Failure rules: 9
Batch update: 96 rules added, 0 existing rules removed (0 new rules dominated)
Survival: 96 rules added, 0 removed (from 96 candidates)
Updated sys_vals: [13.669, 13.675, 13.677, 13.68, 13.69, 13.694, 13.699, 13.703, 13.708, 13.709, 13.715, 13.716, 13.718, 13.725, 13.728, 13.729, 13.733, 13.734, 13.735, 13.738, 13.743, 13.745, 13.746, 13.747, 13.75, 13.751, 13.752, 13.753, 13.755, 13.756, 13.757, 13.758, 13.759, 13.76, 13.761, 13.762, 13.763, 13.764, 13.765, 13.766, 13.767, 13.768, 13.769, 13.77, 13.771, 13.772, 13.773, 13.774, 13.775, 13.776, 13.777, 13.778, 13.779, 13.78, 13.781, 13.782, 13.783, 13.784, 13.785, 13.786, 13.787, 13.788, 13.789, 13.79, 13.791, 13.792, 13.793, 13.794, 13.795, 13.796, 13.797, 13.798, 13.799, 13.8]
---
Round: 7, Unk. prob.: 8.497e-01
Surv probs: 1.503e-01, Fail probs: 0.000e+00
No. of non-dominant rules: 1221, Survival rules: 1212, Failure rules: 9
Batch update: 96 rules added, 0 existing rules removed (0 new rules dominated)
Survival: 96 rules added, 0 removed (from 96 candidates)
Updated sys_vals: [13.669, 13.675, 13.677, 13.68, 13.69, 13.694, 13.699, 13.703, 13.704, 13.708, 13.709, 13.715, 13.716, 13.718, 13.725, 13.728, 13.729, 13.733, 13.734, 13.735, 13.737, 13.738, 13.743, 13.745, 13.746, 13.747, 13.749, 13.75, 13.751, 13.752, 13.753, 13.755, 13.756, 13.757, 13.758, 13.759, 13.76, 13.761, 13.762, 13.763, 13.764, 13.765, 13.766, 13.767, 13.768, 13.769, 13.77, 13.771, 13.772, 13.773, 13.774, 13.775, 13.776, 13.777, 13.778, 13.779, 13.78, 13.781, 13.782, 13.783, 13.784, 13.785, 13.786, 13.787, 13.788, 13.789, 13.79, 13.791, 13.792, 13.793, 13.794, 13.795, 13.796, 13.797, 13.798, 13.799, 13.8]
---
Round: 8, Unk. prob.: 8.357e-01
Surv probs: 1.643e-01, Fail probs: 0.000e+00
No. of non-dominant rules: 1317, Survival rules: 1308, Failure rules: 9
Batch update: 96 rules added, 0 existing rules removed (0 new rules dominated)
Survival: 96 rules added, 0 removed (from 96 candidates)
Updated sys_vals: [13.669, 13.675, 13.676, 13.677, 13.68, 13.69, 13.694, 13.699, 13.703, 13.704, 13.708, 13.709, 13.715, 13.716, 13.717, 13.718, 13.719, 13.722, 13.725, 13.728, 13.729, 13.73, 13.733, 13.734, 13.735, 13.737, 13.738, 13.743, 13.745, 13.746, 13.747, 13.749, 13.75, 13.751, 13.752, 13.753, 13.754, 13.755, 13.756, 13.757, 13.758, 13.759, 13.76, 13.761, 13.762, 13.763, 13.764, 13.765, 13.766, 13.767, 13.768, 13.769, 13.77, 13.771, 13.772, 13.773, 13.774, 13.775, 13.776, 13.777, 13.778, 13.779, 13.78, 13.781, 13.782, 13.783, 13.784, 13.785, 13.786, 13.787, 13.788, 13.789, 13.79, 13.791, 13.792, 13.793, 13.794, 13.795, 13.796, 13.797, 13.798, 13.799, 13.8]
---
Round: 9, Unk. prob.: 8.226e-01
Surv probs: 1.774e-01, Fail probs: 1.000e-05
No. of non-dominant rules: 1413, Survival rules: 1404, Failure rules: 9
Batch update: 96 rules added, 0 existing rules removed (0 new rules dominated)
Survival: 96 rules added, 0 removed (from 96 candidates)
Updated sys_vals: [13.669, 13.675, 13.676, 13.677, 13.68, 13.682, 13.69, 13.694, 13.699, 13.703, 13.704, 13.708, 13.709, 13.715, 13.716, 13.717, 13.718, 13.719, 13.722, 13.725, 13.727, 13.728, 13.729, 13.73, 13.733, 13.734, 13.735, 13.737, 13.738, 13.74, 13.743, 13.745, 13.746, 13.747, 13.749, 13.75, 13.751, 13.752, 13.753, 13.754, 13.755, 13.756, 13.757, 13.758, 13.759, 13.76, 13.761, 13.762, 13.763, 13.764, 13.765, 13.766, 13.767, 13.768, 13.769, 13.77, 13.771, 13.772, 13.773, 13.774, 13.775, 13.776, 13.777, 13.778, 13.779, 13.78, 13.781, 13.782, 13.783, 13.784, 13.785, 13.786, 13.787, 13.788, 13.789, 13.79, 13.791, 13.792, 13.793, 13.794, 13.795, 13.796, 13.797, 13.798, 13.799, 13.8]
---
Round: 10, Unk. prob.: 8.149e-01
Surv probs: 1.850e-01, Fail probs: 4.000e-05
No. of non-dominant rules: 1509, Survival rules: 1500, Failure rules: 9
Batch update: 96 rules added, 0 existing rules removed (0 new rules dominated)
Survival: 96 rules added, 0 removed (from 96 candidates)
Updated sys_vals: [13.665, 13.669, 13.675, 13.676, 13.677, 13.68, 13.682, 13.69, 13.694, 13.699, 13.703, 13.704, 13.708, 13.709, 13.71, 13.715, 13.716, 13.717, 13.718, 13.719, 13.722, 13.725, 13.727, 13.728, 13.729, 13.73, 13.733, 13.734, 13.735, 13.737, 13.738, 13.74, 13.742, 13.743, 13.745, 13.746, 13.747, 13.749, 13.75, 13.751, 13.752, 13.753, 13.754, 13.755, 13.756, 13.757, 13.758, 13.759, 13.76, 13.761, 13.762, 13.763, 13.764, 13.765, 13.766, 13.767, 13.768, 13.769, 13.77, 13.771, 13.772, 13.773, 13.774, 13.775, 13.776, 13.777, 13.778, 13.779, 13.78, 13.781, 13.782, 13.783, 13.784, 13.785, 13.786, 13.787, 13.788, 13.789, 13.79, 13.791, 13.792, 13.793, 13.794, 13.795, 13.796, 13.797, 13.798, 13.799, 13.8]
---
Round: 11, Unk. prob.: 8.045e-01
Surv probs: 1.955e-01, Fail probs: 0.000e+00
No. of non-dominant rules: 1605, Survival rules: 1596, Failure rules: 9
Batch update: 96 rules added, 0 existing rules removed (0 new rules dominated)
Survival: 96 rules added, 0 removed (from 96 candidates)
Updated sys_vals: [13.665, 13.669, 13.675, 13.676, 13.677, 13.68, 13.682, 13.69, 13.694, 13.699, 13.703, 13.704, 13.708, 13.709, 13.71, 13.715, 13.716, 13.717, 13.718, 13.719, 13.721, 13.722, 13.725, 13.726, 13.727, 13.728, 13.729, 13.73, 13.733, 13.734, 13.735, 13.737, 13.738, 13.74, 13.742, 13.743, 13.745, 13.746, 13.747, 13.749, 13.75, 13.751, 13.752, 13.753, 13.754, 13.755, 13.756, 13.757, 13.758, 13.759, 13.76, 13.761, 13.762, 13.763, 13.764, 13.765, 13.766, 13.767, 13.768, 13.769, 13.77, 13.771, 13.772, 13.773, 13.774, 13.775, 13.776, 13.777, 13.778, 13.779, 13.78, 13.781, 13.782, 13.783, 13.784, 13.785, 13.786, 13.787, 13.788, 13.789, 13.79, 13.791, 13.792, 13.793, 13.794, 13.795, 13.796, 13.797, 13.798, 13.799, 13.8]
---
Round: 12, Unk. prob.: 7.975e-01
Surv probs: 2.025e-01, Fail probs: 0.000e+00
No. of non-dominant rules: 1701, Survival rules: 1692, Failure rules: 9
Batch update: 96 rules added, 0 existing rules removed (0 new rules dominated)
Survival: 96 rules added, 0 removed (from 96 candidates)
Updated sys_vals: [13.665, 13.669, 13.675, 13.676, 13.677, 13.68, 13.682, 13.69, 13.694, 13.699, 13.703, 13.704, 13.708, 13.709, 13.71, 13.715, 13.716, 13.717, 13.718, 13.719, 13.721, 13.722, 13.725, 13.726, 13.727, 13.728, 13.729, 13.73, 13.733, 13.734, 13.735, 13.737, 13.738, 13.74, 13.742, 13.743, 13.745, 13.746, 13.747, 13.749, 13.75, 13.751, 13.752, 13.753, 13.754, 13.755, 13.756, 13.757, 13.758, 13.759, 13.76, 13.761, 13.762, 13.763, 13.764, 13.765, 13.766, 13.767, 13.768, 13.769, 13.77, 13.771, 13.772, 13.773, 13.774, 13.775, 13.776, 13.777, 13.778, 13.779, 13.78, 13.781, 13.782, 13.783, 13.784, 13.785, 13.786, 13.787, 13.788, 13.789, 13.79, 13.791, 13.792, 13.793, 13.794, 13.795, 13.796, 13.797, 13.798, 13.799, 13.8]
---
Round: 13, Unk. prob.: 7.901e-01
Surv probs: 2.099e-01, Fail probs: 2.000e-05
No. of non-dominant rules: 1797, Survival rules: 1788, Failure rules: 9
Batch update: 96 rules added, 0 existing rules removed (0 new rules dominated)
Survival: 96 rules added, 0 removed (from 96 candidates)
Updated sys_vals: [13.665, 13.669, 13.675, 13.676, 13.677, 13.68, 13.682, 13.685, 13.69, 13.694, 13.699, 13.703, 13.704, 13.707, 13.708, 13.709, 13.71, 13.715, 13.716, 13.717, 13.718, 13.719, 13.721, 13.722, 13.725, 13.726, 13.727, 13.728, 13.729, 13.73, 13.732, 13.733, 13.734, 13.735, 13.737, 13.738, 13.74, 13.742, 13.743, 13.745, 13.746, 13.747, 13.749, 13.75, 13.751, 13.752, 13.753, 13.754, 13.755, 13.756, 13.757, 13.758, 13.759, 13.76, 13.761, 13.762, 13.763, 13.764, 13.765, 13.766, 13.767, 13.768, 13.769, 13.77, 13.771, 13.772, 13.773, 13.774, 13.775, 13.776, 13.777, 13.778, 13.779, 13.78, 13.781, 13.782, 13.783, 13.784, 13.785, 13.786, 13.787, 13.788, 13.789, 13.79, 13.791, 13.792, 13.793, 13.794, 13.795, 13.796, 13.797, 13.798, 13.799, 13.8]
---
Round: 14, Unk. prob.: 7.768e-01
Surv probs: 2.232e-01, Fail probs: 0.000e+00
No. of non-dominant rules: 1893, Survival rules: 1884, Failure rules: 9
Batch update: 96 rules added, 0 existing rules removed (0 new rules dominated)
Survival: 96 rules added, 0 removed (from 96 candidates)
Updated sys_vals: [13.665, 13.669, 13.675, 13.676, 13.677, 13.68, 13.682, 13.685, 13.69, 13.694, 13.699, 13.701, 13.703, 13.704, 13.707, 13.708, 13.709, 13.71, 13.715, 13.716, 13.717, 13.718, 13.719, 13.721, 13.722, 13.725, 13.726, 13.727, 13.728, 13.729, 13.73, 13.732, 13.733, 13.734, 13.735, 13.737, 13.738, 13.739, 13.74, 13.742, 13.743, 13.745, 13.746, 13.747, 13.749, 13.75, 13.751, 13.752, 13.753, 13.754, 13.755, 13.756, 13.757, 13.758, 13.759, 13.76, 13.761, 13.762, 13.763, 13.764, 13.765, 13.766, 13.767, 13.768, 13.769, 13.77, 13.771, 13.772, 13.773, 13.774, 13.775, 13.776, 13.777, 13.778, 13.779, 13.78, 13.781, 13.782, 13.783, 13.784, 13.785, 13.786, 13.787, 13.788, 13.789, 13.79, 13.791, 13.792, 13.793, 13.794, 13.795, 13.796, 13.797, 13.798, 13.799, 13.8]
---
Round: 15, Unk. prob.: 7.710e-01
Surv probs: 2.290e-01, Fail probs: 1.000e-05
No. of non-dominant rules: 1989, Survival rules: 1980, Failure rules: 9
Batch update: 96 rules added, 0 existing rules removed (0 new rules dominated)
Survival: 96 rules added, 0 removed (from 96 candidates)
Updated sys_vals: [13.665, 13.669, 13.675, 13.676, 13.677, 13.68, 13.682, 13.685, 13.69, 13.694, 13.699, 13.701, 13.703, 13.704, 13.707, 13.708, 13.709, 13.71, 13.715, 13.716, 13.717, 13.718, 13.719, 13.72, 13.721, 13.722, 13.725, 13.726, 13.727, 13.728, 13.729, 13.73, 13.731, 13.732, 13.733, 13.734, 13.735, 13.737, 13.738, 13.739, 13.74, 13.741, 13.742, 13.743, 13.744, 13.745, 13.746, 13.747, 13.749, 13.75, 13.751, 13.752, 13.753, 13.754, 13.755, 13.756, 13.757, 13.758, 13.759, 13.76, 13.761, 13.762, 13.763, 13.764, 13.765, 13.766, 13.767, 13.768, 13.769, 13.77, 13.771, 13.772, 13.773, 13.774, 13.775, 13.776, 13.777, 13.778, 13.779, 13.78, 13.781, 13.782, 13.783, 13.784, 13.785, 13.786, 13.787, 13.788, 13.789, 13.79, 13.791, 13.792, 13.793, 13.794, 13.795, 13.796, 13.797, 13.798, 13.799, 13.8]
---
Round: 16, Unk. prob.: 7.622e-01
Surv probs: 2.378e-01, Fail probs: 0.000e+00
No. of non-dominant rules: 2085, Survival rules: 2076, Failure rules: 9
Batch update: 95 rules added, 0 existing rules removed (0 new rules dominated)
Survival: 95 rules added, 0 removed (from 95 candidates)
Batch update: 1 rules added, 0 existing rules removed (0 new rules dominated)
Failure: 1 rules added, 0 removed (from 1 candidates)
Updated sys_vals: [13.665, 13.669, 13.675, 13.676, 13.677, 13.68, 13.682, 13.685, 13.689, 13.69, 13.694, 13.699, 13.701, 13.703, 13.704, 13.707, 13.708, 13.709, 13.71, 13.715, 13.716, 13.717, 13.718, 13.719, 13.72, 13.721, 13.722, 13.725, 13.726, 13.727, 13.728, 13.729, 13.73, 13.731, 13.732, 13.733, 13.734, 13.735, 13.737, 13.738, 13.739, 13.74, 13.741, 13.742, 13.743, 13.744, 13.745, 13.746, 13.747, 13.749, 13.75, 13.751, 13.752, 13.753, 13.754, 13.755, 13.756, 13.757, 13.758, 13.759, 13.76, 13.761, 13.762, 13.763, 13.764, 13.765, 13.766, 13.767, 13.768, 13.769, 13.77, 13.771, 13.772, 13.773, 13.774, 13.775, 13.776, 13.777, 13.778, 13.779, 13.78, 13.781, 13.782, 13.783, 13.784, 13.785, 13.786, 13.787, 13.788, 13.789, 13.79, 13.791, 13.792, 13.793, 13.794, 13.795, 13.796, 13.797, 13.798, 13.799, 13.8, 13.836]
---
Round: 17, Unk. prob.: 7.553e-01
Surv probs: 2.447e-01, Fail probs: 0.000e+00
No. of non-dominant rules: 2181, Survival rules: 2171, Failure rules: 10
Batch update: 96 rules added, 0 existing rules removed (0 new rules dominated)
Survival: 96 rules added, 0 removed (from 96 candidates)
Updated sys_vals: [13.665, 13.669, 13.675, 13.676, 13.677, 13.68, 13.682, 13.685, 13.689, 13.69, 13.694, 13.699, 13.701, 13.703, 13.704, 13.707, 13.708, 13.709, 13.71, 13.711, 13.715, 13.716, 13.717, 13.718, 13.719, 13.72, 13.721, 13.722, 13.725, 13.726, 13.727, 13.728, 13.729, 13.73, 13.731, 13.732, 13.733, 13.734, 13.735, 13.737, 13.738, 13.739, 13.74, 13.741, 13.742, 13.743, 13.744, 13.745, 13.746, 13.747, 13.748, 13.749, 13.75, 13.751, 13.752, 13.753, 13.754, 13.755, 13.756, 13.757, 13.758, 13.759, 13.76, 13.761, 13.762, 13.763, 13.764, 13.765, 13.766, 13.767, 13.768, 13.769, 13.77, 13.771, 13.772, 13.773, 13.774, 13.775, 13.776, 13.777, 13.778, 13.779, 13.78, 13.781, 13.782, 13.783, 13.784, 13.785, 13.786, 13.787, 13.788, 13.789, 13.79, 13.791, 13.792, 13.793, 13.794, 13.795, 13.796, 13.797, 13.798, 13.799, 13.8, 13.836]
---
Round: 18, Unk. prob.: 7.538e-01
Surv probs: 2.462e-01, Fail probs: 1.000e-05
No. of non-dominant rules: 2277, Survival rules: 2267, Failure rules: 10
Batch update: 96 rules added, 0 existing rules removed (0 new rules dominated)
Survival: 96 rules added, 0 removed (from 96 candidates)
Updated sys_vals: [13.665, 13.669, 13.675, 13.676, 13.677, 13.68, 13.682, 13.685, 13.689, 13.69, 13.694, 13.699, 13.701, 13.703, 13.704, 13.707, 13.708, 13.709, 13.71, 13.711, 13.715, 13.716, 13.717, 13.718, 13.719, 13.72, 13.721, 13.722, 13.725, 13.726, 13.727, 13.728, 13.729, 13.73, 13.731, 13.732, 13.733, 13.734, 13.735, 13.737, 13.738, 13.739, 13.74, 13.741, 13.742, 13.743, 13.744, 13.745, 13.746, 13.747, 13.748, 13.749, 13.75, 13.751, 13.752, 13.753, 13.754, 13.755, 13.756, 13.757, 13.758, 13.759, 13.76, 13.761, 13.762, 13.763, 13.764, 13.765, 13.766, 13.767, 13.768, 13.769, 13.77, 13.771, 13.772, 13.773, 13.774, 13.775, 13.776, 13.777, 13.778, 13.779, 13.78, 13.781, 13.782, 13.783, 13.784, 13.785, 13.786, 13.787, 13.788, 13.789, 13.79, 13.791, 13.792, 13.793, 13.794, 13.795, 13.796, 13.797, 13.798, 13.799, 13.8, 13.836]
---
Round: 19, Unk. prob.: 7.469e-01
Surv probs: 2.530e-01, Fail probs: 1.000e-05
No. of non-dominant rules: 2373, Survival rules: 2363, Failure rules: 10
Batch update: 96 rules added, 0 existing rules removed (0 new rules dominated)
Survival: 96 rules added, 0 removed (from 96 candidates)
Updated sys_vals: [13.665, 13.669, 13.675, 13.676, 13.677, 13.68, 13.682, 13.685, 13.689, 13.69, 13.694, 13.696, 13.699, 13.7, 13.701, 13.703, 13.704, 13.707, 13.708, 13.709, 13.71, 13.711, 13.715, 13.716, 13.717, 13.718, 13.719, 13.72, 13.721, 13.722, 13.725, 13.726, 13.727, 13.728, 13.729, 13.73, 13.731, 13.732, 13.733, 13.734, 13.735, 13.737, 13.738, 13.739, 13.74, 13.741, 13.742, 13.743, 13.744, 13.745, 13.746, 13.747, 13.748, 13.749, 13.75, 13.751, 13.752, 13.753, 13.754, 13.755, 13.756, 13.757, 13.758, 13.759, 13.76, 13.761, 13.762, 13.763, 13.764, 13.765, 13.766, 13.767, 13.768, 13.769, 13.77, 13.771, 13.772, 13.773, 13.774, 13.775, 13.776, 13.777, 13.778, 13.779, 13.78, 13.781, 13.782, 13.783, 13.784, 13.785, 13.786, 13.787, 13.788, 13.789, 13.79, 13.791, 13.792, 13.793, 13.794, 13.795, 13.796, 13.797, 13.798, 13.799, 13.8, 13.836]
---
Round: 20, Unk. prob.: 7.363e-01
Surv probs: 2.637e-01, Fail probs: 1.000e-05
No. of non-dominant rules: 2469, Survival rules: 2459, Failure rules: 10
Batch update: 96 rules added, 0 existing rules removed (0 new rules dominated)
Survival: 96 rules added, 0 removed (from 96 candidates)
Updated sys_vals: [13.665, 13.669, 13.675, 13.676, 13.677, 13.68, 13.682, 13.685, 13.689, 13.69, 13.694, 13.696, 13.699, 13.7, 13.701, 13.703, 13.704, 13.707, 13.708, 13.709, 13.71, 13.711, 13.715, 13.716, 13.717, 13.718, 13.719, 13.72, 13.721, 13.722, 13.725, 13.726, 13.727, 13.728, 13.729, 13.73, 13.731, 13.732, 13.733, 13.734, 13.735, 13.737, 13.738, 13.739, 13.74, 13.741, 13.742, 13.743, 13.744, 13.745, 13.746, 13.747, 13.748, 13.749, 13.75, 13.751, 13.752, 13.753, 13.754, 13.755, 13.756, 13.757, 13.758, 13.759, 13.76, 13.761, 13.762, 13.763, 13.764, 13.765, 13.766, 13.767, 13.768, 13.769, 13.77, 13.771, 13.772, 13.773, 13.774, 13.775, 13.776, 13.777, 13.778, 13.779, 13.78, 13.781, 13.782, 13.783, 13.784, 13.785, 13.786, 13.787, 13.788, 13.789, 13.79, 13.791, 13.792, 13.793, 13.794, 13.795, 13.796, 13.797, 13.798, 13.799, 13.8, 13.836]
---
Round: 21, Unk. prob.: 7.333e-01
Surv probs: 2.667e-01, Fail probs: 0.000e+00
No. of non-dominant rules: 2565, Survival rules: 2555, Failure rules: 10
Batch update: 96 rules added, 0 existing rules removed (0 new rules dominated)
Survival: 96 rules added, 0 removed (from 96 candidates)
Updated sys_vals: [13.665, 13.669, 13.675, 13.676, 13.677, 13.68, 13.682, 13.685, 13.689, 13.69, 13.694, 13.696, 13.698, 13.699, 13.7, 13.701, 13.703, 13.704, 13.707, 13.708, 13.709, 13.71, 13.711, 13.715, 13.716, 13.717, 13.718, 13.719, 13.72, 13.721, 13.722, 13.725, 13.726, 13.727, 13.728, 13.729, 13.73, 13.731, 13.732, 13.733, 13.734, 13.735, 13.737, 13.738, 13.739, 13.74, 13.741, 13.742, 13.743, 13.744, 13.745, 13.746, 13.747, 13.748, 13.749, 13.75, 13.751, 13.752, 13.753, 13.754, 13.755, 13.756, 13.757, 13.758, 13.759, 13.76, 13.761, 13.762, 13.763, 13.764, 13.765, 13.766, 13.767, 13.768, 13.769, 13.77, 13.771, 13.772, 13.773, 13.774, 13.775, 13.776, 13.777, 13.778, 13.779, 13.78, 13.781, 13.782, 13.783, 13.784, 13.785, 13.786, 13.787, 13.788, 13.789, 13.79, 13.791, 13.792, 13.793, 13.794, 13.795, 13.796, 13.797, 13.798, 13.799, 13.8, 13.836]
---
Round: 22, Unk. prob.: 7.248e-01
Surv probs: 2.752e-01, Fail probs: 0.000e+00
No. of non-dominant rules: 2661, Survival rules: 2651, Failure rules: 10
Batch update: 96 rules added, 0 existing rules removed (0 new rules dominated)
Survival: 96 rules added, 0 removed (from 96 candidates)
Updated sys_vals: [13.665, 13.669, 13.675, 13.676, 13.677, 13.68, 13.682, 13.685, 13.689, 13.69, 13.691, 13.694, 13.696, 13.698, 13.699, 13.7, 13.701, 13.703, 13.704, 13.707, 13.708, 13.709, 13.71, 13.711, 13.714, 13.715, 13.716, 13.717, 13.718, 13.719, 13.72, 13.721, 13.722, 13.725, 13.726, 13.727, 13.728, 13.729, 13.73, 13.731, 13.732, 13.733, 13.734, 13.735, 13.737, 13.738, 13.739, 13.74, 13.741, 13.742, 13.743, 13.744, 13.745, 13.746, 13.747, 13.748, 13.749, 13.75, 13.751, 13.752, 13.753, 13.754, 13.755, 13.756, 13.757, 13.758, 13.759, 13.76, 13.761, 13.762, 13.763, 13.764, 13.765, 13.766, 13.767, 13.768, 13.769, 13.77, 13.771, 13.772, 13.773, 13.774, 13.775, 13.776, 13.777, 13.778, 13.779, 13.78, 13.781, 13.782, 13.783, 13.784, 13.785, 13.786, 13.787, 13.788, 13.789, 13.79, 13.791, 13.792, 13.793, 13.794, 13.795, 13.796, 13.797, 13.798, 13.799, 13.8, 13.836]
---
Round: 23, Unk. prob.: 7.215e-01
Surv probs: 2.785e-01, Fail probs: 0.000e+00
No. of non-dominant rules: 2757, Survival rules: 2747, Failure rules: 10
Batch update: 96 rules added, 0 existing rules removed (0 new rules dominated)
Survival: 96 rules added, 0 removed (from 96 candidates)
Updated sys_vals: [13.665, 13.669, 13.675, 13.676, 13.677, 13.68, 13.682, 13.685, 13.689, 13.69, 13.691, 13.694, 13.696, 13.698, 13.699, 13.7, 13.701, 13.703, 13.704, 13.707, 13.708, 13.709, 13.71, 13.711, 13.714, 13.715, 13.716, 13.717, 13.718, 13.719, 13.72, 13.721, 13.722, 13.725, 13.726, 13.727, 13.728, 13.729, 13.73, 13.731, 13.732, 13.733, 13.734, 13.735, 13.737, 13.738, 13.739, 13.74, 13.741, 13.742, 13.743, 13.744, 13.745, 13.746, 13.747, 13.748, 13.749, 13.75, 13.751, 13.752, 13.753, 13.754, 13.755, 13.756, 13.757, 13.758, 13.759, 13.76, 13.761, 13.762, 13.763, 13.764, 13.765, 13.766, 13.767, 13.768, 13.769, 13.77, 13.771, 13.772, 13.773, 13.774, 13.775, 13.776, 13.777, 13.778, 13.779, 13.78, 13.781, 13.782, 13.783, 13.784, 13.785, 13.786, 13.787, 13.788, 13.789, 13.79, 13.791, 13.792, 13.793, 13.794, 13.795, 13.796, 13.797, 13.798, 13.799, 13.8, 13.836]
---
Round: 24, Unk. prob.: 7.157e-01
Surv probs: 2.843e-01, Fail probs: 0.000e+00
No. of non-dominant rules: 2853, Survival rules: 2843, Failure rules: 10
Batch update: 96 rules added, 0 existing rules removed (0 new rules dominated)
Survival: 96 rules added, 0 removed (from 96 candidates)
Updated sys_vals: [13.665, 13.669, 13.675, 13.676, 13.677, 13.68, 13.682, 13.685, 13.689, 13.69, 13.691, 13.694, 13.696, 13.698, 13.699, 13.7, 13.701, 13.703, 13.704, 13.706, 13.707, 13.708, 13.709, 13.71, 13.711, 13.714, 13.715, 13.716, 13.717, 13.718, 13.719, 13.72, 13.721, 13.722, 13.725, 13.726, 13.727, 13.728, 13.729, 13.73, 13.731, 13.732, 13.733, 13.734, 13.735, 13.737, 13.738, 13.739, 13.74, 13.741, 13.742, 13.743, 13.744, 13.745, 13.746, 13.747, 13.748, 13.749, 13.75, 13.751, 13.752, 13.753, 13.754, 13.755, 13.756, 13.757, 13.758, 13.759, 13.76, 13.761, 13.762, 13.763, 13.764, 13.765, 13.766, 13.767, 13.768, 13.769, 13.77, 13.771, 13.772, 13.773, 13.774, 13.775, 13.776, 13.777, 13.778, 13.779, 13.78, 13.781, 13.782, 13.783, 13.784, 13.785, 13.786, 13.787, 13.788, 13.789, 13.79, 13.791, 13.792, 13.793, 13.794, 13.795, 13.796, 13.797, 13.798, 13.799, 13.8, 13.836]
---
Round: 25, Unk. prob.: 7.126e-01
Surv probs: 2.874e-01, Fail probs: 0.000e+00
No. of non-dominant rules: 2949, Survival rules: 2939, Failure rules: 10
Batch update: 96 rules added, 0 existing rules removed (0 new rules dominated)
Survival: 96 rules added, 0 removed (from 96 candidates)
Updated sys_vals: [13.665, 13.669, 13.675, 13.676, 13.677, 13.678, 13.68, 13.682, 13.685, 13.689, 13.69, 13.691, 13.694, 13.696, 13.698, 13.699, 13.7, 13.701, 13.703, 13.704, 13.706, 13.707, 13.708, 13.709, 13.71, 13.711, 13.714, 13.715, 13.716, 13.717, 13.718, 13.719, 13.72, 13.721, 13.722, 13.725, 13.726, 13.727, 13.728, 13.729, 13.73, 13.731, 13.732, 13.733, 13.734, 13.735, 13.737, 13.738, 13.739, 13.74, 13.741, 13.742, 13.743, 13.744, 13.745, 13.746, 13.747, 13.748, 13.749, 13.75, 13.751, 13.752, 13.753, 13.754, 13.755, 13.756, 13.757, 13.758, 13.759, 13.76, 13.761, 13.762, 13.763, 13.764, 13.765, 13.766, 13.767, 13.768, 13.769, 13.77, 13.771, 13.772, 13.773, 13.774, 13.775, 13.776, 13.777, 13.778, 13.779, 13.78, 13.781, 13.782, 13.783, 13.784, 13.785, 13.786, 13.787, 13.788, 13.789, 13.79, 13.791, 13.792, 13.793, 13.794, 13.795, 13.796, 13.797, 13.798, 13.799, 13.8, 13.836]
---
Round: 26, Unk. prob.: 7.066e-01
Surv probs: 2.933e-01, Fail probs: 3.000e-05
No. of non-dominant rules: 3045, Survival rules: 3035, Failure rules: 10
Batch update: 96 rules added, 0 existing rules removed (0 new rules dominated)
Survival: 96 rules added, 0 removed (from 96 candidates)
Updated sys_vals: [13.665, 13.669, 13.675, 13.676, 13.677, 13.678, 13.68, 13.682, 13.685, 13.689, 13.69, 13.691, 13.693, 13.694, 13.695, 13.696, 13.698, 13.699, 13.7, 13.701, 13.703, 13.704, 13.706, 13.707, 13.708, 13.709, 13.71, 13.711, 13.714, 13.715, 13.716, 13.717, 13.718, 13.719, 13.72, 13.721, 13.722, 13.725, 13.726, 13.727, 13.728, 13.729, 13.73, 13.731, 13.732, 13.733, 13.734, 13.735, 13.737, 13.738, 13.739, 13.74, 13.741, 13.742, 13.743, 13.744, 13.745, 13.746, 13.747, 13.748, 13.749, 13.75, 13.751, 13.752, 13.753, 13.754, 13.755, 13.756, 13.757, 13.758, 13.759, 13.76, 13.761, 13.762, 13.763, 13.764, 13.765, 13.766, 13.767, 13.768, 13.769, 13.77, 13.771, 13.772, 13.773, 13.774, 13.775, 13.776, 13.777, 13.778, 13.779, 13.78, 13.781, 13.782, 13.783, 13.784, 13.785, 13.786, 13.787, 13.788, 13.789, 13.79, 13.791, 13.792, 13.793, 13.794, 13.795, 13.796, 13.797, 13.798, 13.799, 13.8, 13.836]
---
Round: 27, Unk. prob.: 7.024e-01
Surv probs: 2.976e-01, Fail probs: 0.000e+00
No. of non-dominant rules: 3141, Survival rules: 3131, Failure rules: 10
Batch update: 96 rules added, 0 existing rules removed (0 new rules dominated)
Survival: 96 rules added, 0 removed (from 96 candidates)
Updated sys_vals: [13.665, 13.669, 13.671, 13.675, 13.676, 13.677, 13.678, 13.68, 13.682, 13.685, 13.689, 13.69, 13.691, 13.693, 13.694, 13.695, 13.696, 13.698, 13.699, 13.7, 13.701, 13.703, 13.704, 13.706, 13.707, 13.708, 13.709, 13.71, 13.711, 13.714, 13.715, 13.716, 13.717, 13.718, 13.719, 13.72, 13.721, 13.722, 13.725, 13.726, 13.727, 13.728, 13.729, 13.73, 13.731, 13.732, 13.733, 13.734, 13.735, 13.737, 13.738, 13.739, 13.74, 13.741, 13.742, 13.743, 13.744, 13.745, 13.746, 13.747, 13.748, 13.749, 13.75, 13.751, 13.752, 13.753, 13.754, 13.755, 13.756, 13.757, 13.758, 13.759, 13.76, 13.761, 13.762, 13.763, 13.764, 13.765, 13.766, 13.767, 13.768, 13.769, 13.77, 13.771, 13.772, 13.773, 13.774, 13.775, 13.776, 13.777, 13.778, 13.779, 13.78, 13.781, 13.782, 13.783, 13.784, 13.785, 13.786, 13.787, 13.788, 13.789, 13.79, 13.791, 13.792, 13.793, 13.794, 13.795, 13.796, 13.797, 13.798, 13.799, 13.8, 13.836]
---
Round: 28, Unk. prob.: 6.993e-01
Surv probs: 3.007e-01, Fail probs: 0.000e+00
No. of non-dominant rules: 3237, Survival rules: 3227, Failure rules: 10
Batch update: 96 rules added, 0 existing rules removed (0 new rules dominated)
Survival: 96 rules added, 0 removed (from 96 candidates)
Updated sys_vals: [13.665, 13.669, 13.671, 13.675, 13.676, 13.677, 13.678, 13.68, 13.682, 13.685, 13.689, 13.69, 13.691, 13.693, 13.694, 13.695, 13.696, 13.698, 13.699, 13.7, 13.701, 13.703, 13.704, 13.706, 13.707, 13.708, 13.709, 13.71, 13.711, 13.714, 13.715, 13.716, 13.717, 13.718, 13.719, 13.72, 13.721, 13.722, 13.723, 13.725, 13.726, 13.727, 13.728, 13.729, 13.73, 13.731, 13.732, 13.733, 13.734, 13.735, 13.737, 13.738, 13.739, 13.74, 13.741, 13.742, 13.743, 13.744, 13.745, 13.746, 13.747, 13.748, 13.749, 13.75, 13.751, 13.752, 13.753, 13.754, 13.755, 13.756, 13.757, 13.758, 13.759, 13.76, 13.761, 13.762, 13.763, 13.764, 13.765, 13.766, 13.767, 13.768, 13.769, 13.77, 13.771, 13.772, 13.773, 13.774, 13.775, 13.776, 13.777, 13.778, 13.779, 13.78, 13.781, 13.782, 13.783, 13.784, 13.785, 13.786, 13.787, 13.788, 13.789, 13.79, 13.791, 13.792, 13.793, 13.794, 13.795, 13.796, 13.797, 13.798, 13.799, 13.8, 13.836]
---
Round: 29, Unk. prob.: 6.954e-01
Surv probs: 3.046e-01, Fail probs: 1.000e-05
No. of non-dominant rules: 3333, Survival rules: 3323, Failure rules: 10
Batch update: 96 rules added, 0 existing rules removed (0 new rules dominated)
Survival: 96 rules added, 0 removed (from 96 candidates)
Updated sys_vals: [13.665, 13.669, 13.671, 13.675, 13.676, 13.677, 13.678, 13.68, 13.682, 13.685, 13.689, 13.69, 13.691, 13.693, 13.694, 13.695, 13.696, 13.698, 13.699, 13.7, 13.701, 13.703, 13.704, 13.706, 13.707, 13.708, 13.709, 13.71, 13.711, 13.714, 13.715, 13.716, 13.717, 13.718, 13.719, 13.72, 13.721, 13.722, 13.723, 13.725, 13.726, 13.727, 13.728, 13.729, 13.73, 13.731, 13.732, 13.733, 13.734, 13.735, 13.737, 13.738, 13.739, 13.74, 13.741, 13.742, 13.743, 13.744, 13.745, 13.746, 13.747, 13.748, 13.749, 13.75, 13.751, 13.752, 13.753, 13.754, 13.755, 13.756, 13.757, 13.758, 13.759, 13.76, 13.761, 13.762, 13.763, 13.764, 13.765, 13.766, 13.767, 13.768, 13.769, 13.77, 13.771, 13.772, 13.773, 13.774, 13.775, 13.776, 13.777, 13.778, 13.779, 13.78, 13.781, 13.782, 13.783, 13.784, 13.785, 13.786, 13.787, 13.788, 13.789, 13.79, 13.791, 13.792, 13.793, 13.794, 13.795, 13.796, 13.797, 13.798, 13.799, 13.8, 13.836]
---
Round: 30, Unk. prob.: 6.911e-01
Surv probs: 3.089e-01, Fail probs: 0.000e+00
No. of non-dominant rules: 3429, Survival rules: 3419, Failure rules: 10
Batch update: 96 rules added, 0 existing rules removed (0 new rules dominated)
Survival: 96 rules added, 0 removed (from 96 candidates)
Updated sys_vals: [13.665, 13.669, 13.671, 13.675, 13.676, 13.677, 13.678, 13.68, 13.682, 13.685, 13.688, 13.689, 13.69, 13.691, 13.693, 13.694, 13.695, 13.696, 13.698, 13.699, 13.7, 13.701, 13.703, 13.704, 13.706, 13.707, 13.708, 13.709, 13.71, 13.711, 13.714, 13.715, 13.716, 13.717, 13.718, 13.719, 13.72, 13.721, 13.722, 13.723, 13.725, 13.726, 13.727, 13.728, 13.729, 13.73, 13.731, 13.732, 13.733, 13.734, 13.735, 13.736, 13.737, 13.738, 13.739, 13.74, 13.741, 13.742, 13.743, 13.744, 13.745, 13.746, 13.747, 13.748, 13.749, 13.75, 13.751, 13.752, 13.753, 13.754, 13.755, 13.756, 13.757, 13.758, 13.759, 13.76, 13.761, 13.762, 13.763, 13.764, 13.765, 13.766, 13.767, 13.768, 13.769, 13.77, 13.771, 13.772, 13.773, 13.774, 13.775, 13.776, 13.777, 13.778, 13.779, 13.78, 13.781, 13.782, 13.783, 13.784, 13.785, 13.786, 13.787, 13.788, 13.789, 13.79, 13.791, 13.792, 13.793, 13.794, 13.795, 13.796, 13.797, 13.798, 13.799, 13.8, 13.836]
---
Round: 31, Unk. prob.: 6.878e-01
Surv probs: 3.122e-01, Fail probs: 0.000e+00
No. of non-dominant rules: 3525, Survival rules: 3515, Failure rules: 10
Batch update: 96 rules added, 0 existing rules removed (0 new rules dominated)
Survival: 96 rules added, 0 removed (from 96 candidates)
Updated sys_vals: [13.665, 13.669, 13.671, 13.675, 13.676, 13.677, 13.678, 13.68, 13.682, 13.685, 13.688, 13.689, 13.69, 13.691, 13.693, 13.694, 13.695, 13.696, 13.698, 13.699, 13.7, 13.701, 13.703, 13.704, 13.705, 13.706, 13.707, 13.708, 13.709, 13.71, 13.711, 13.714, 13.715, 13.716, 13.717, 13.718, 13.719, 13.72, 13.721, 13.722, 13.723, 13.725, 13.726, 13.727, 13.728, 13.729, 13.73, 13.731, 13.732, 13.733, 13.734, 13.735, 13.736, 13.737, 13.738, 13.739, 13.74, 13.741, 13.742, 13.743, 13.744, 13.745, 13.746, 13.747, 13.748, 13.749, 13.75, 13.751, 13.752, 13.753, 13.754, 13.755, 13.756, 13.757, 13.758, 13.759, 13.76, 13.761, 13.762, 13.763, 13.764, 13.765, 13.766, 13.767, 13.768, 13.769, 13.77, 13.771, 13.772, 13.773, 13.774, 13.775, 13.776, 13.777, 13.778, 13.779, 13.78, 13.781, 13.782, 13.783, 13.784, 13.785, 13.786, 13.787, 13.788, 13.789, 13.79, 13.791, 13.792, 13.793, 13.794, 13.795, 13.796, 13.797, 13.798, 13.799, 13.8, 13.836]
---
Round: 32, Unk. prob.: 6.812e-01
Surv probs: 3.188e-01, Fail probs: 1.000e-05
No. of non-dominant rules: 3621, Survival rules: 3611, Failure rules: 10
Batch update: 96 rules added, 0 existing rules removed (0 new rules dominated)
Survival: 96 rules added, 0 removed (from 96 candidates)
Updated sys_vals: [13.665, 13.669, 13.671, 13.675, 13.676, 13.677, 13.678, 13.68, 13.682, 13.685, 13.688, 13.689, 13.69, 13.691, 13.693, 13.694, 13.695, 13.696, 13.698, 13.699, 13.7, 13.701, 13.703, 13.704, 13.705, 13.706, 13.707, 13.708, 13.709, 13.71, 13.711, 13.714, 13.715, 13.716, 13.717, 13.718, 13.719, 13.72, 13.721, 13.722, 13.723, 13.725, 13.726, 13.727, 13.728, 13.729, 13.73, 13.731, 13.732, 13.733, 13.734, 13.735, 13.736, 13.737, 13.738, 13.739, 13.74, 13.741, 13.742, 13.743, 13.744, 13.745, 13.746, 13.747, 13.748, 13.749, 13.75, 13.751, 13.752, 13.753, 13.754, 13.755, 13.756, 13.757, 13.758, 13.759, 13.76, 13.761, 13.762, 13.763, 13.764, 13.765, 13.766, 13.767, 13.768, 13.769, 13.77, 13.771, 13.772, 13.773, 13.774, 13.775, 13.776, 13.777, 13.778, 13.779, 13.78, 13.781, 13.782, 13.783, 13.784, 13.785, 13.786, 13.787, 13.788, 13.789, 13.79, 13.791, 13.792, 13.793, 13.794, 13.795, 13.796, 13.797, 13.798, 13.799, 13.8, 13.836]
---
Round: 33, Unk. prob.: 6.767e-01
Surv probs: 3.233e-01, Fail probs: 0.000e+00
No. of non-dominant rules: 3717, Survival rules: 3707, Failure rules: 10
Batch update: 96 rules added, 0 existing rules removed (0 new rules dominated)
Survival: 96 rules added, 0 removed (from 96 candidates)
Updated sys_vals: [13.66, 13.665, 13.669, 13.671, 13.675, 13.676, 13.677, 13.678, 13.68, 13.682, 13.685, 13.688, 13.689, 13.69, 13.691, 13.693, 13.694, 13.695, 13.696, 13.698, 13.699, 13.7, 13.701, 13.703, 13.704, 13.705, 13.706, 13.707, 13.708, 13.709, 13.71, 13.711, 13.714, 13.715, 13.716, 13.717, 13.718, 13.719, 13.72, 13.721, 13.722, 13.723, 13.725, 13.726, 13.727, 13.728, 13.729, 13.73, 13.731, 13.732, 13.733, 13.734, 13.735, 13.736, 13.737, 13.738, 13.739, 13.74, 13.741, 13.742, 13.743, 13.744, 13.745, 13.746, 13.747, 13.748, 13.749, 13.75, 13.751, 13.752, 13.753, 13.754, 13.755, 13.756, 13.757, 13.758, 13.759, 13.76, 13.761, 13.762, 13.763, 13.764, 13.765, 13.766, 13.767, 13.768, 13.769, 13.77, 13.771, 13.772, 13.773, 13.774, 13.775, 13.776, 13.777, 13.778, 13.779, 13.78, 13.781, 13.782, 13.783, 13.784, 13.785, 13.786, 13.787, 13.788, 13.789, 13.79, 13.791, 13.792, 13.793, 13.794, 13.795, 13.796, 13.797, 13.798, 13.799, 13.8, 13.836]
---
Round: 34, Unk. prob.: 6.776e-01
Surv probs: 3.224e-01, Fail probs: 0.000e+00
No. of non-dominant rules: 3813, Survival rules: 3803, Failure rules: 10
Batch update: 96 rules added, 0 existing rules removed (0 new rules dominated)
Survival: 96 rules added, 0 removed (from 96 candidates)
Updated sys_vals: [13.66, 13.665, 13.669, 13.671, 13.675, 13.676, 13.677, 13.678, 13.68, 13.682, 13.685, 13.688, 13.689, 13.69, 13.691, 13.693, 13.694, 13.695, 13.696, 13.698, 13.699, 13.7, 13.701, 13.703, 13.704, 13.705, 13.706, 13.707, 13.708, 13.709, 13.71, 13.711, 13.714, 13.715, 13.716, 13.717, 13.718, 13.719, 13.72, 13.721, 13.722, 13.723, 13.725, 13.726, 13.727, 13.728, 13.729, 13.73, 13.731, 13.732, 13.733, 13.734, 13.735, 13.736, 13.737, 13.738, 13.739, 13.74, 13.741, 13.742, 13.743, 13.744, 13.745, 13.746, 13.747, 13.748, 13.749, 13.75, 13.751, 13.752, 13.753, 13.754, 13.755, 13.756, 13.757, 13.758, 13.759, 13.76, 13.761, 13.762, 13.763, 13.764, 13.765, 13.766, 13.767, 13.768, 13.769, 13.77, 13.771, 13.772, 13.773, 13.774, 13.775, 13.776, 13.777, 13.778, 13.779, 13.78, 13.781, 13.782, 13.783, 13.784, 13.785, 13.786, 13.787, 13.788, 13.789, 13.79, 13.791, 13.792, 13.793, 13.794, 13.795, 13.796, 13.797, 13.798, 13.799, 13.8, 13.836]
---
Round: 35, Unk. prob.: 6.719e-01
Surv probs: 3.281e-01, Fail probs: 2.000e-05
No. of non-dominant rules: 3909, Survival rules: 3899, Failure rules: 10
Batch update: 96 rules added, 0 existing rules removed (0 new rules dominated)
Survival: 96 rules added, 0 removed (from 96 candidates)
Updated sys_vals: [13.66, 13.665, 13.669, 13.671, 13.675, 13.676, 13.677, 13.678, 13.68, 13.682, 13.685, 13.688, 13.689, 13.69, 13.691, 13.693, 13.694, 13.695, 13.696, 13.698, 13.699, 13.7, 13.701, 13.703, 13.704, 13.705, 13.706, 13.707, 13.708, 13.709, 13.71, 13.711, 13.714, 13.715, 13.716, 13.717, 13.718, 13.719, 13.72, 13.721, 13.722, 13.723, 13.725, 13.726, 13.727, 13.728, 13.729, 13.73, 13.731, 13.732, 13.733, 13.734, 13.735, 13.736, 13.737, 13.738, 13.739, 13.74, 13.741, 13.742, 13.743, 13.744, 13.745, 13.746, 13.747, 13.748, 13.749, 13.75, 13.751, 13.752, 13.753, 13.754, 13.755, 13.756, 13.757, 13.758, 13.759, 13.76, 13.761, 13.762, 13.763, 13.764, 13.765, 13.766, 13.767, 13.768, 13.769, 13.77, 13.771, 13.772, 13.773, 13.774, 13.775, 13.776, 13.777, 13.778, 13.779, 13.78, 13.781, 13.782, 13.783, 13.784, 13.785, 13.786, 13.787, 13.788, 13.789, 13.79, 13.791, 13.792, 13.793, 13.794, 13.795, 13.796, 13.797, 13.798, 13.799, 13.8, 13.836]
---
Round: 36, Unk. prob.: 6.666e-01
Surv probs: 3.334e-01, Fail probs: 2.000e-05
No. of non-dominant rules: 4005, Survival rules: 3995, Failure rules: 10
Batch update: 96 rules added, 0 existing rules removed (0 new rules dominated)
Survival: 96 rules added, 0 removed (from 96 candidates)
Updated sys_vals: [13.66, 13.665, 13.669, 13.671, 13.675, 13.676, 13.677, 13.678, 13.68, 13.682, 13.683, 13.685, 13.688, 13.689, 13.69, 13.691, 13.693, 13.694, 13.695, 13.696, 13.698, 13.699, 13.7, 13.701, 13.703, 13.704, 13.705, 13.706, 13.707, 13.708, 13.709, 13.71, 13.711, 13.714, 13.715, 13.716, 13.717, 13.718, 13.719, 13.72, 13.721, 13.722, 13.723, 13.725, 13.726, 13.727, 13.728, 13.729, 13.73, 13.731, 13.732, 13.733, 13.734, 13.735, 13.736, 13.737, 13.738, 13.739, 13.74, 13.741, 13.742, 13.743, 13.744, 13.745, 13.746, 13.747, 13.748, 13.749, 13.75, 13.751, 13.752, 13.753, 13.754, 13.755, 13.756, 13.757, 13.758, 13.759, 13.76, 13.761, 13.762, 13.763, 13.764, 13.765, 13.766, 13.767, 13.768, 13.769, 13.77, 13.771, 13.772, 13.773, 13.774, 13.775, 13.776, 13.777, 13.778, 13.779, 13.78, 13.781, 13.782, 13.783, 13.784, 13.785, 13.786, 13.787, 13.788, 13.789, 13.79, 13.791, 13.792, 13.793, 13.794, 13.795, 13.796, 13.797, 13.798, 13.799, 13.8, 13.836]
---
Round: 37, Unk. prob.: 6.683e-01
Surv probs: 3.317e-01, Fail probs: 0.000e+00
No. of non-dominant rules: 4101, Survival rules: 4091, Failure rules: 10
Batch update: 96 rules added, 0 existing rules removed (0 new rules dominated)
Survival: 96 rules added, 0 removed (from 96 candidates)
Updated sys_vals: [13.66, 13.665, 13.669, 13.671, 13.675, 13.676, 13.677, 13.678, 13.68, 13.682, 13.683, 13.685, 13.688, 13.689, 13.69, 13.691, 13.692, 13.693, 13.694, 13.695, 13.696, 13.698, 13.699, 13.7, 13.701, 13.703, 13.704, 13.705, 13.706, 13.707, 13.708, 13.709, 13.71, 13.711, 13.714, 13.715, 13.716, 13.717, 13.718, 13.719, 13.72, 13.721, 13.722, 13.723, 13.724, 13.725, 13.726, 13.727, 13.728, 13.729, 13.73, 13.731, 13.732, 13.733, 13.734, 13.735, 13.736, 13.737, 13.738, 13.739, 13.74, 13.741, 13.742, 13.743, 13.744, 13.745, 13.746, 13.747, 13.748, 13.749, 13.75, 13.751, 13.752, 13.753, 13.754, 13.755, 13.756, 13.757, 13.758, 13.759, 13.76, 13.761, 13.762, 13.763, 13.764, 13.765, 13.766, 13.767, 13.768, 13.769, 13.77, 13.771, 13.772, 13.773, 13.774, 13.775, 13.776, 13.777, 13.778, 13.779, 13.78, 13.781, 13.782, 13.783, 13.784, 13.785, 13.786, 13.787, 13.788, 13.789, 13.79, 13.791, 13.792, 13.793, 13.794, 13.795, 13.796, 13.797, 13.798, 13.799, 13.8, 13.836]
---
Round: 38, Unk. prob.: 6.640e-01
Surv probs: 3.360e-01, Fail probs: 0.000e+00
No. of non-dominant rules: 4197, Survival rules: 4187, Failure rules: 10
Batch update: 96 rules added, 0 existing rules removed (0 new rules dominated)
Survival: 96 rules added, 0 removed (from 96 candidates)
Updated sys_vals: [13.66, 13.663, 13.665, 13.666, 13.669, 13.671, 13.675, 13.676, 13.677, 13.678, 13.68, 13.682, 13.683, 13.685, 13.688, 13.689, 13.69, 13.691, 13.692, 13.693, 13.694, 13.695, 13.696, 13.698, 13.699, 13.7, 13.701, 13.703, 13.704, 13.705, 13.706, 13.707, 13.708, 13.709, 13.71, 13.711, 13.714, 13.715, 13.716, 13.717, 13.718, 13.719, 13.72, 13.721, 13.722, 13.723, 13.724, 13.725, 13.726, 13.727, 13.728, 13.729, 13.73, 13.731, 13.732, 13.733, 13.734, 13.735, 13.736, 13.737, 13.738, 13.739, 13.74, 13.741, 13.742, 13.743, 13.744, 13.745, 13.746, 13.747, 13.748, 13.749, 13.75, 13.751, 13.752, 13.753, 13.754, 13.755, 13.756, 13.757, 13.758, 13.759, 13.76, 13.761, 13.762, 13.763, 13.764, 13.765, 13.766, 13.767, 13.768, 13.769, 13.77, 13.771, 13.772, 13.773, 13.774, 13.775, 13.776, 13.777, 13.778, 13.779, 13.78, 13.781, 13.782, 13.783, 13.784, 13.785, 13.786, 13.787, 13.788, 13.789, 13.79, 13.791, 13.792, 13.793, 13.794, 13.795, 13.796, 13.797, 13.798, 13.799, 13.8, 13.836]
---
Round: 39, Unk. prob.: 6.618e-01
Surv probs: 3.382e-01, Fail probs: 0.000e+00
No. of non-dominant rules: 4293, Survival rules: 4283, Failure rules: 10
Batch update: 96 rules added, 0 existing rules removed (0 new rules dominated)
Survival: 96 rules added, 0 removed (from 96 candidates)
Updated sys_vals: [13.66, 13.663, 13.665, 13.666, 13.669, 13.671, 13.675, 13.676, 13.677, 13.678, 13.68, 13.682, 13.683, 13.685, 13.688, 13.689, 13.69, 13.691, 13.692, 13.693, 13.694, 13.695, 13.696, 13.698, 13.699, 13.7, 13.701, 13.703, 13.704, 13.705, 13.706, 13.707, 13.708, 13.709, 13.71, 13.711, 13.714, 13.715, 13.716, 13.717, 13.718, 13.719, 13.72, 13.721, 13.722, 13.723, 13.724, 13.725, 13.726, 13.727, 13.728, 13.729, 13.73, 13.731, 13.732, 13.733, 13.734, 13.735, 13.736, 13.737, 13.738, 13.739, 13.74, 13.741, 13.742, 13.743, 13.744, 13.745, 13.746, 13.747, 13.748, 13.749, 13.75, 13.751, 13.752, 13.753, 13.754, 13.755, 13.756, 13.757, 13.758, 13.759, 13.76, 13.761, 13.762, 13.763, 13.764, 13.765, 13.766, 13.767, 13.768, 13.769, 13.77, 13.771, 13.772, 13.773, 13.774, 13.775, 13.776, 13.777, 13.778, 13.779, 13.78, 13.781, 13.782, 13.783, 13.784, 13.785, 13.786, 13.787, 13.788, 13.789, 13.79, 13.791, 13.792, 13.793, 13.794, 13.795, 13.796, 13.797, 13.798, 13.799, 13.8, 13.836]
---
Round: 40, Unk. prob.: 6.570e-01
Surv probs: 3.430e-01, Fail probs: 2.000e-05
No. of non-dominant rules: 4389, Survival rules: 4379, Failure rules: 10
Batch update: 96 rules added, 0 existing rules removed (0 new rules dominated)
Survival: 96 rules added, 0 removed (from 96 candidates)
Updated sys_vals: [13.654, 13.66, 13.663, 13.665, 13.666, 13.669, 13.671, 13.675, 13.676, 13.677, 13.678, 13.68, 13.682, 13.683, 13.685, 13.686, 13.688, 13.689, 13.69, 13.691, 13.692, 13.693, 13.694, 13.695, 13.696, 13.698, 13.699, 13.7, 13.701, 13.703, 13.704, 13.705, 13.706, 13.707, 13.708, 13.709, 13.71, 13.711, 13.714, 13.715, 13.716, 13.717, 13.718, 13.719, 13.72, 13.721, 13.722, 13.723, 13.724, 13.725, 13.726, 13.727, 13.728, 13.729, 13.73, 13.731, 13.732, 13.733, 13.734, 13.735, 13.736, 13.737, 13.738, 13.739, 13.74, 13.741, 13.742, 13.743, 13.744, 13.745, 13.746, 13.747, 13.748, 13.749, 13.75, 13.751, 13.752, 13.753, 13.754, 13.755, 13.756, 13.757, 13.758, 13.759, 13.76, 13.761, 13.762, 13.763, 13.764, 13.765, 13.766, 13.767, 13.768, 13.769, 13.77, 13.771, 13.772, 13.773, 13.774, 13.775, 13.776, 13.777, 13.778, 13.779, 13.78, 13.781, 13.782, 13.783, 13.784, 13.785, 13.786, 13.787, 13.788, 13.789, 13.79, 13.791, 13.792, 13.793, 13.794, 13.795, 13.796, 13.797, 13.798, 13.799, 13.8, 13.836]
---
Round: 41, Unk. prob.: 6.520e-01
Surv probs: 3.480e-01, Fail probs: 1.000e-05
No. of non-dominant rules: 4485, Survival rules: 4475, Failure rules: 10
Batch update: 96 rules added, 0 existing rules removed (0 new rules dominated)
Survival: 96 rules added, 0 removed (from 96 candidates)
Updated sys_vals: [13.654, 13.66, 13.663, 13.665, 13.666, 13.669, 13.671, 13.675, 13.676, 13.677, 13.678, 13.68, 13.682, 13.683, 13.685, 13.686, 13.688, 13.689, 13.69, 13.691, 13.692, 13.693, 13.694, 13.695, 13.696, 13.698, 13.699, 13.7, 13.701, 13.703, 13.704, 13.705, 13.706, 13.707, 13.708, 13.709, 13.71, 13.711, 13.714, 13.715, 13.716, 13.717, 13.718, 13.719, 13.72, 13.721, 13.722, 13.723, 13.724, 13.725, 13.726, 13.727, 13.728, 13.729, 13.73, 13.731, 13.732, 13.733, 13.734, 13.735, 13.736, 13.737, 13.738, 13.739, 13.74, 13.741, 13.742, 13.743, 13.744, 13.745, 13.746, 13.747, 13.748, 13.749, 13.75, 13.751, 13.752, 13.753, 13.754, 13.755, 13.756, 13.757, 13.758, 13.759, 13.76, 13.761, 13.762, 13.763, 13.764, 13.765, 13.766, 13.767, 13.768, 13.769, 13.77, 13.771, 13.772, 13.773, 13.774, 13.775, 13.776, 13.777, 13.778, 13.779, 13.78, 13.781, 13.782, 13.783, 13.784, 13.785, 13.786, 13.787, 13.788, 13.789, 13.79, 13.791, 13.792, 13.793, 13.794, 13.795, 13.796, 13.797, 13.798, 13.799, 13.8, 13.836]
---
Round: 42, Unk. prob.: 6.504e-01
Surv probs: 3.496e-01, Fail probs: 2.000e-05
No. of non-dominant rules: 4581, Survival rules: 4571, Failure rules: 10
Batch update: 96 rules added, 0 existing rules removed (0 new rules dominated)
Survival: 96 rules added, 0 removed (from 96 candidates)
Updated sys_vals: [13.654, 13.66, 13.663, 13.665, 13.666, 13.669, 13.671, 13.675, 13.676, 13.677, 13.678, 13.68, 13.682, 13.683, 13.685, 13.686, 13.688, 13.689, 13.69, 13.691, 13.692, 13.693, 13.694, 13.695, 13.696, 13.698, 13.699, 13.7, 13.701, 13.703, 13.704, 13.705, 13.706, 13.707, 13.708, 13.709, 13.71, 13.711, 13.714, 13.715, 13.716, 13.717, 13.718, 13.719, 13.72, 13.721, 13.722, 13.723, 13.724, 13.725, 13.726, 13.727, 13.728, 13.729, 13.73, 13.731, 13.732, 13.733, 13.734, 13.735, 13.736, 13.737, 13.738, 13.739, 13.74, 13.741, 13.742, 13.743, 13.744, 13.745, 13.746, 13.747, 13.748, 13.749, 13.75, 13.751, 13.752, 13.753, 13.754, 13.755, 13.756, 13.757, 13.758, 13.759, 13.76, 13.761, 13.762, 13.763, 13.764, 13.765, 13.766, 13.767, 13.768, 13.769, 13.77, 13.771, 13.772, 13.773, 13.774, 13.775, 13.776, 13.777, 13.778, 13.779, 13.78, 13.781, 13.782, 13.783, 13.784, 13.785, 13.786, 13.787, 13.788, 13.789, 13.79, 13.791, 13.792, 13.793, 13.794, 13.795, 13.796, 13.797, 13.798, 13.799, 13.8, 13.836]
---
Round: 43, Unk. prob.: 6.471e-01
Surv probs: 3.529e-01, Fail probs: 0.000e+00
No. of non-dominant rules: 4677, Survival rules: 4667, Failure rules: 10
Batch update: 96 rules added, 0 existing rules removed (0 new rules dominated)
Survival: 96 rules added, 0 removed (from 96 candidates)
Updated sys_vals: [13.654, 13.66, 13.663, 13.665, 13.666, 13.669, 13.671, 13.675, 13.676, 13.677, 13.678, 13.68, 13.682, 13.683, 13.685, 13.686, 13.688, 13.689, 13.69, 13.691, 13.692, 13.693, 13.694, 13.695, 13.696, 13.698, 13.699, 13.7, 13.701, 13.703, 13.704, 13.705, 13.706, 13.707, 13.708, 13.709, 13.71, 13.711, 13.714, 13.715, 13.716, 13.717, 13.718, 13.719, 13.72, 13.721, 13.722, 13.723, 13.724, 13.725, 13.726, 13.727, 13.728, 13.729, 13.73, 13.731, 13.732, 13.733, 13.734, 13.735, 13.736, 13.737, 13.738, 13.739, 13.74, 13.741, 13.742, 13.743, 13.744, 13.745, 13.746, 13.747, 13.748, 13.749, 13.75, 13.751, 13.752, 13.753, 13.754, 13.755, 13.756, 13.757, 13.758, 13.759, 13.76, 13.761, 13.762, 13.763, 13.764, 13.765, 13.766, 13.767, 13.768, 13.769, 13.77, 13.771, 13.772, 13.773, 13.774, 13.775, 13.776, 13.777, 13.778, 13.779, 13.78, 13.781, 13.782, 13.783, 13.784, 13.785, 13.786, 13.787, 13.788, 13.789, 13.79, 13.791, 13.792, 13.793, 13.794, 13.795, 13.796, 13.797, 13.798, 13.799, 13.8, 13.836]
---
Round: 44, Unk. prob.: 6.430e-01
Surv probs: 3.570e-01, Fail probs: 0.000e+00
No. of non-dominant rules: 4773, Survival rules: 4763, Failure rules: 10
Batch update: 96 rules added, 0 existing rules removed (0 new rules dominated)
Survival: 96 rules added, 0 removed (from 96 candidates)
Updated sys_vals: [13.654, 13.66, 13.663, 13.665, 13.666, 13.669, 13.671, 13.675, 13.676, 13.677, 13.678, 13.68, 13.682, 13.683, 13.685, 13.686, 13.688, 13.689, 13.69, 13.691, 13.692, 13.693, 13.694, 13.695, 13.696, 13.698, 13.699, 13.7, 13.701, 13.703, 13.704, 13.705, 13.706, 13.707, 13.708, 13.709, 13.71, 13.711, 13.714, 13.715, 13.716, 13.717, 13.718, 13.719, 13.72, 13.721, 13.722, 13.723, 13.724, 13.725, 13.726, 13.727, 13.728, 13.729, 13.73, 13.731, 13.732, 13.733, 13.734, 13.735, 13.736, 13.737, 13.738, 13.739, 13.74, 13.741, 13.742, 13.743, 13.744, 13.745, 13.746, 13.747, 13.748, 13.749, 13.75, 13.751, 13.752, 13.753, 13.754, 13.755, 13.756, 13.757, 13.758, 13.759, 13.76, 13.761, 13.762, 13.763, 13.764, 13.765, 13.766, 13.767, 13.768, 13.769, 13.77, 13.771, 13.772, 13.773, 13.774, 13.775, 13.776, 13.777, 13.778, 13.779, 13.78, 13.781, 13.782, 13.783, 13.784, 13.785, 13.786, 13.787, 13.788, 13.789, 13.79, 13.791, 13.792, 13.793, 13.794, 13.795, 13.796, 13.797, 13.798, 13.799, 13.8, 13.836]
---
Round: 45, Unk. prob.: 6.369e-01
Surv probs: 3.631e-01, Fail probs: 0.000e+00
No. of non-dominant rules: 4869, Survival rules: 4859, Failure rules: 10
Batch update: 96 rules added, 0 existing rules removed (0 new rules dominated)
Survival: 96 rules added, 0 removed (from 96 candidates)
Updated sys_vals: [13.654, 13.66, 13.663, 13.665, 13.666, 13.669, 13.671, 13.675, 13.676, 13.677, 13.678, 13.679, 13.68, 13.682, 13.683, 13.685, 13.686, 13.688, 13.689, 13.69, 13.691, 13.692, 13.693, 13.694, 13.695, 13.696, 13.698, 13.699, 13.7, 13.701, 13.703, 13.704, 13.705, 13.706, 13.707, 13.708, 13.709, 13.71, 13.711, 13.714, 13.715, 13.716, 13.717, 13.718, 13.719, 13.72, 13.721, 13.722, 13.723, 13.724, 13.725, 13.726, 13.727, 13.728, 13.729, 13.73, 13.731, 13.732, 13.733, 13.734, 13.735, 13.736, 13.737, 13.738, 13.739, 13.74, 13.741, 13.742, 13.743, 13.744, 13.745, 13.746, 13.747, 13.748, 13.749, 13.75, 13.751, 13.752, 13.753, 13.754, 13.755, 13.756, 13.757, 13.758, 13.759, 13.76, 13.761, 13.762, 13.763, 13.764, 13.765, 13.766, 13.767, 13.768, 13.769, 13.77, 13.771, 13.772, 13.773, 13.774, 13.775, 13.776, 13.777, 13.778, 13.779, 13.78, 13.781, 13.782, 13.783, 13.784, 13.785, 13.786, 13.787, 13.788, 13.789, 13.79, 13.791, 13.792, 13.793, 13.794, 13.795, 13.796, 13.797, 13.798, 13.799, 13.8, 13.836]
---
Round: 46, Unk. prob.: 6.369e-01
Surv probs: 3.631e-01, Fail probs: 1.000e-05
No. of non-dominant rules: 4965, Survival rules: 4955, Failure rules: 10
Batch update: 96 rules added, 0 existing rules removed (0 new rules dominated)
Survival: 96 rules added, 0 removed (from 96 candidates)
Updated sys_vals: [13.654, 13.66, 13.663, 13.665, 13.666, 13.669, 13.671, 13.675, 13.676, 13.677, 13.678, 13.679, 13.68, 13.682, 13.683, 13.685, 13.686, 13.688, 13.689, 13.69, 13.691, 13.692, 13.693, 13.694, 13.695, 13.696, 13.698, 13.699, 13.7, 13.701, 13.703, 13.704, 13.705, 13.706, 13.707, 13.708, 13.709, 13.71, 13.711, 13.714, 13.715, 13.716, 13.717, 13.718, 13.719, 13.72, 13.721, 13.722, 13.723, 13.724, 13.725, 13.726, 13.727, 13.728, 13.729, 13.73, 13.731, 13.732, 13.733, 13.734, 13.735, 13.736, 13.737, 13.738, 13.739, 13.74, 13.741, 13.742, 13.743, 13.744, 13.745, 13.746, 13.747, 13.748, 13.749, 13.75, 13.751, 13.752, 13.753, 13.754, 13.755, 13.756, 13.757, 13.758, 13.759, 13.76, 13.761, 13.762, 13.763, 13.764, 13.765, 13.766, 13.767, 13.768, 13.769, 13.77, 13.771, 13.772, 13.773, 13.774, 13.775, 13.776, 13.777, 13.778, 13.779, 13.78, 13.781, 13.782, 13.783, 13.784, 13.785, 13.786, 13.787, 13.788, 13.789, 13.79, 13.791, 13.792, 13.793, 13.794, 13.795, 13.796, 13.797, 13.798, 13.799, 13.8, 13.836]
---
Round: 47, Unk. prob.: 6.349e-01
Surv probs: 3.651e-01, Fail probs: 0.000e+00
No. of non-dominant rules: 5061, Survival rules: 5051, Failure rules: 10
Batch update: 96 rules added, 0 existing rules removed (0 new rules dominated)
Survival: 96 rules added, 0 removed (from 96 candidates)
Updated sys_vals: [13.654, 13.66, 13.663, 13.665, 13.666, 13.669, 13.671, 13.675, 13.676, 13.677, 13.678, 13.679, 13.68, 13.682, 13.683, 13.685, 13.686, 13.688, 13.689, 13.69, 13.691, 13.692, 13.693, 13.694, 13.695, 13.696, 13.698, 13.699, 13.7, 13.701, 13.703, 13.704, 13.705, 13.706, 13.707, 13.708, 13.709, 13.71, 13.711, 13.714, 13.715, 13.716, 13.717, 13.718, 13.719, 13.72, 13.721, 13.722, 13.723, 13.724, 13.725, 13.726, 13.727, 13.728, 13.729, 13.73, 13.731, 13.732, 13.733, 13.734, 13.735, 13.736, 13.737, 13.738, 13.739, 13.74, 13.741, 13.742, 13.743, 13.744, 13.745, 13.746, 13.747, 13.748, 13.749, 13.75, 13.751, 13.752, 13.753, 13.754, 13.755, 13.756, 13.757, 13.758, 13.759, 13.76, 13.761, 13.762, 13.763, 13.764, 13.765, 13.766, 13.767, 13.768, 13.769, 13.77, 13.771, 13.772, 13.773, 13.774, 13.775, 13.776, 13.777, 13.778, 13.779, 13.78, 13.781, 13.782, 13.783, 13.784, 13.785, 13.786, 13.787, 13.788, 13.789, 13.79, 13.791, 13.792, 13.793, 13.794, 13.795, 13.796, 13.797, 13.798, 13.799, 13.8, 13.836]
---
Round: 48, Unk. prob.: 6.345e-01
Surv probs: 3.655e-01, Fail probs: 2.000e-05
No. of non-dominant rules: 5157, Survival rules: 5147, Failure rules: 10
Batch update: 96 rules added, 0 existing rules removed (0 new rules dominated)
Survival: 96 rules added, 0 removed (from 96 candidates)
Updated sys_vals: [13.654, 13.66, 13.663, 13.665, 13.666, 13.669, 13.671, 13.675, 13.676, 13.677, 13.678, 13.679, 13.68, 13.682, 13.683, 13.685, 13.686, 13.688, 13.689, 13.69, 13.691, 13.692, 13.693, 13.694, 13.695, 13.696, 13.698, 13.699, 13.7, 13.701, 13.703, 13.704, 13.705, 13.706, 13.707, 13.708, 13.709, 13.71, 13.711, 13.714, 13.715, 13.716, 13.717, 13.718, 13.719, 13.72, 13.721, 13.722, 13.723, 13.724, 13.725, 13.726, 13.727, 13.728, 13.729, 13.73, 13.731, 13.732, 13.733, 13.734, 13.735, 13.736, 13.737, 13.738, 13.739, 13.74, 13.741, 13.742, 13.743, 13.744, 13.745, 13.746, 13.747, 13.748, 13.749, 13.75, 13.751, 13.752, 13.753, 13.754, 13.755, 13.756, 13.757, 13.758, 13.759, 13.76, 13.761, 13.762, 13.763, 13.764, 13.765, 13.766, 13.767, 13.768, 13.769, 13.77, 13.771, 13.772, 13.773, 13.774, 13.775, 13.776, 13.777, 13.778, 13.779, 13.78, 13.781, 13.782, 13.783, 13.784, 13.785, 13.786, 13.787, 13.788, 13.789, 13.79, 13.791, 13.792, 13.793, 13.794, 13.795, 13.796, 13.797, 13.798, 13.799, 13.8, 13.836]
---
Round: 49, Unk. prob.: 6.317e-01
Surv probs: 3.683e-01, Fail probs: 2.000e-05
No. of non-dominant rules: 5253, Survival rules: 5243, Failure rules: 10
Batch update: 96 rules added, 0 existing rules removed (0 new rules dominated)
Survival: 96 rules added, 0 removed (from 96 candidates)
Updated sys_vals: [13.654, 13.66, 13.663, 13.665, 13.666, 13.669, 13.671, 13.675, 13.676, 13.677, 13.678, 13.679, 13.68, 13.682, 13.683, 13.685, 13.686, 13.688, 13.689, 13.69, 13.691, 13.692, 13.693, 13.694, 13.695, 13.696, 13.698, 13.699, 13.7, 13.701, 13.703, 13.704, 13.705, 13.706, 13.707, 13.708, 13.709, 13.71, 13.711, 13.714, 13.715, 13.716, 13.717, 13.718, 13.719, 13.72, 13.721, 13.722, 13.723, 13.724, 13.725, 13.726, 13.727, 13.728, 13.729, 13.73, 13.731, 13.732, 13.733, 13.734, 13.735, 13.736, 13.737, 13.738, 13.739, 13.74, 13.741, 13.742, 13.743, 13.744, 13.745, 13.746, 13.747, 13.748, 13.749, 13.75, 13.751, 13.752, 13.753, 13.754, 13.755, 13.756, 13.757, 13.758, 13.759, 13.76, 13.761, 13.762, 13.763, 13.764, 13.765, 13.766, 13.767, 13.768, 13.769, 13.77, 13.771, 13.772, 13.773, 13.774, 13.775, 13.776, 13.777, 13.778, 13.779, 13.78, 13.781, 13.782, 13.783, 13.784, 13.785, 13.786, 13.787, 13.788, 13.789, 13.79, 13.791, 13.792, 13.793, 13.794, 13.795, 13.796, 13.797, 13.798, 13.799, 13.8, 13.836]
---
Round: 50, Unk. prob.: 6.265e-01
Surv probs: 3.735e-01, Fail probs: 1.000e-05
No. of non-dominant rules: 5349, Survival rules: 5339, Failure rules: 10
Batch update: 96 rules added, 0 existing rules removed (0 new rules dominated)
Survival: 96 rules added, 0 removed (from 96 candidates)
Updated sys_vals: [13.654, 13.66, 13.663, 13.665, 13.666, 13.669, 13.671, 13.675, 13.676, 13.677, 13.678, 13.679, 13.68, 13.682, 13.683, 13.685, 13.686, 13.688, 13.689, 13.69, 13.691, 13.692, 13.693, 13.694, 13.695, 13.696, 13.698, 13.699, 13.7, 13.701, 13.703, 13.704, 13.705, 13.706, 13.707, 13.708, 13.709, 13.71, 13.711, 13.714, 13.715, 13.716, 13.717, 13.718, 13.719, 13.72, 13.721, 13.722, 13.723, 13.724, 13.725, 13.726, 13.727, 13.728, 13.729, 13.73, 13.731, 13.732, 13.733, 13.734, 13.735, 13.736, 13.737, 13.738, 13.739, 13.74, 13.741, 13.742, 13.743, 13.744, 13.745, 13.746, 13.747, 13.748, 13.749, 13.75, 13.751, 13.752, 13.753, 13.754, 13.755, 13.756, 13.757, 13.758, 13.759, 13.76, 13.761, 13.762, 13.763, 13.764, 13.765, 13.766, 13.767, 13.768, 13.769, 13.77, 13.771, 13.772, 13.773, 13.774, 13.775, 13.776, 13.777, 13.778, 13.779, 13.78, 13.781, 13.782, 13.783, 13.784, 13.785, 13.786, 13.787, 13.788, 13.789, 13.79, 13.791, 13.792, 13.793, 13.794, 13.795, 13.796, 13.797, 13.798, 13.799, 13.8, 13.836]
---
Round: 51, Unk. prob.: 6.245e-01
Surv probs: 3.755e-01, Fail probs: 0.000e+00
No. of non-dominant rules: 5445, Survival rules: 5435, Failure rules: 10
Batch update: 96 rules added, 0 existing rules removed (0 new rules dominated)
Survival: 96 rules added, 0 removed (from 96 candidates)
Updated sys_vals: [13.654, 13.66, 13.663, 13.665, 13.666, 13.669, 13.671, 13.673, 13.675, 13.676, 13.677, 13.678, 13.679, 13.68, 13.682, 13.683, 13.685, 13.686, 13.688, 13.689, 13.69, 13.691, 13.692, 13.693, 13.694, 13.695, 13.696, 13.698, 13.699, 13.7, 13.701, 13.703, 13.704, 13.705, 13.706, 13.707, 13.708, 13.709, 13.71, 13.711, 13.714, 13.715, 13.716, 13.717, 13.718, 13.719, 13.72, 13.721, 13.722, 13.723, 13.724, 13.725, 13.726, 13.727, 13.728, 13.729, 13.73, 13.731, 13.732, 13.733, 13.734, 13.735, 13.736, 13.737, 13.738, 13.739, 13.74, 13.741, 13.742, 13.743, 13.744, 13.745, 13.746, 13.747, 13.748, 13.749, 13.75, 13.751, 13.752, 13.753, 13.754, 13.755, 13.756, 13.757, 13.758, 13.759, 13.76, 13.761, 13.762, 13.763, 13.764, 13.765, 13.766, 13.767, 13.768, 13.769, 13.77, 13.771, 13.772, 13.773, 13.774, 13.775, 13.776, 13.777, 13.778, 13.779, 13.78, 13.781, 13.782, 13.783, 13.784, 13.785, 13.786, 13.787, 13.788, 13.789, 13.79, 13.791, 13.792, 13.793, 13.794, 13.795, 13.796, 13.797, 13.798, 13.799, 13.8, 13.836]
---
Round: 52, Unk. prob.: 6.248e-01
Surv probs: 3.752e-01, Fail probs: 1.000e-05
No. of non-dominant rules: 5541, Survival rules: 5531, Failure rules: 10
Batch update: 96 rules added, 0 existing rules removed (0 new rules dominated)
Survival: 96 rules added, 0 removed (from 96 candidates)
Updated sys_vals: [13.654, 13.66, 13.663, 13.665, 13.666, 13.669, 13.671, 13.673, 13.675, 13.676, 13.677, 13.678, 13.679, 13.68, 13.682, 13.683, 13.685, 13.686, 13.688, 13.689, 13.69, 13.691, 13.692, 13.693, 13.694, 13.695, 13.696, 13.698, 13.699, 13.7, 13.701, 13.703, 13.704, 13.705, 13.706, 13.707, 13.708, 13.709, 13.71, 13.711, 13.714, 13.715, 13.716, 13.717, 13.718, 13.719, 13.72, 13.721, 13.722, 13.723, 13.724, 13.725, 13.726, 13.727, 13.728, 13.729, 13.73, 13.731, 13.732, 13.733, 13.734, 13.735, 13.736, 13.737, 13.738, 13.739, 13.74, 13.741, 13.742, 13.743, 13.744, 13.745, 13.746, 13.747, 13.748, 13.749, 13.75, 13.751, 13.752, 13.753, 13.754, 13.755, 13.756, 13.757, 13.758, 13.759, 13.76, 13.761, 13.762, 13.763, 13.764, 13.765, 13.766, 13.767, 13.768, 13.769, 13.77, 13.771, 13.772, 13.773, 13.774, 13.775, 13.776, 13.777, 13.778, 13.779, 13.78, 13.781, 13.782, 13.783, 13.784, 13.785, 13.786, 13.787, 13.788, 13.789, 13.79, 13.791, 13.792, 13.793, 13.794, 13.795, 13.796, 13.797, 13.798, 13.799, 13.8, 13.836]
---
Round: 53, Unk. prob.: 6.210e-01
Surv probs: 3.790e-01, Fail probs: 0.000e+00
No. of non-dominant rules: 5637, Survival rules: 5627, Failure rules: 10
Batch update: 96 rules added, 0 existing rules removed (0 new rules dominated)
Survival: 96 rules added, 0 removed (from 96 candidates)
Updated sys_vals: [13.654, 13.66, 13.663, 13.665, 13.666, 13.669, 13.671, 13.673, 13.675, 13.676, 13.677, 13.678, 13.679, 13.68, 13.682, 13.683, 13.685, 13.686, 13.688, 13.689, 13.69, 13.691, 13.692, 13.693, 13.694, 13.695, 13.696, 13.698, 13.699, 13.7, 13.701, 13.703, 13.704, 13.705, 13.706, 13.707, 13.708, 13.709, 13.71, 13.711, 13.714, 13.715, 13.716, 13.717, 13.718, 13.719, 13.72, 13.721, 13.722, 13.723, 13.724, 13.725, 13.726, 13.727, 13.728, 13.729, 13.73, 13.731, 13.732, 13.733, 13.734, 13.735, 13.736, 13.737, 13.738, 13.739, 13.74, 13.741, 13.742, 13.743, 13.744, 13.745, 13.746, 13.747, 13.748, 13.749, 13.75, 13.751, 13.752, 13.753, 13.754, 13.755, 13.756, 13.757, 13.758, 13.759, 13.76, 13.761, 13.762, 13.763, 13.764, 13.765, 13.766, 13.767, 13.768, 13.769, 13.77, 13.771, 13.772, 13.773, 13.774, 13.775, 13.776, 13.777, 13.778, 13.779, 13.78, 13.781, 13.782, 13.783, 13.784, 13.785, 13.786, 13.787, 13.788, 13.789, 13.79, 13.791, 13.792, 13.793, 13.794, 13.795, 13.796, 13.797, 13.798, 13.799, 13.8, 13.836]
---
Round: 54, Unk. prob.: 6.222e-01
Surv probs: 3.778e-01, Fail probs: 1.000e-05
No. of non-dominant rules: 5733, Survival rules: 5723, Failure rules: 10
Batch update: 96 rules added, 0 existing rules removed (0 new rules dominated)
Survival: 96 rules added, 0 removed (from 96 candidates)
Updated sys_vals: [13.654, 13.66, 13.663, 13.665, 13.666, 13.669, 13.671, 13.673, 13.675, 13.676, 13.677, 13.678, 13.679, 13.68, 13.682, 13.683, 13.685, 13.686, 13.688, 13.689, 13.69, 13.691, 13.692, 13.693, 13.694, 13.695, 13.696, 13.698, 13.699, 13.7, 13.701, 13.703, 13.704, 13.705, 13.706, 13.707, 13.708, 13.709, 13.71, 13.711, 13.712, 13.714, 13.715, 13.716, 13.717, 13.718, 13.719, 13.72, 13.721, 13.722, 13.723, 13.724, 13.725, 13.726, 13.727, 13.728, 13.729, 13.73, 13.731, 13.732, 13.733, 13.734, 13.735, 13.736, 13.737, 13.738, 13.739, 13.74, 13.741, 13.742, 13.743, 13.744, 13.745, 13.746, 13.747, 13.748, 13.749, 13.75, 13.751, 13.752, 13.753, 13.754, 13.755, 13.756, 13.757, 13.758, 13.759, 13.76, 13.761, 13.762, 13.763, 13.764, 13.765, 13.766, 13.767, 13.768, 13.769, 13.77, 13.771, 13.772, 13.773, 13.774, 13.775, 13.776, 13.777, 13.778, 13.779, 13.78, 13.781, 13.782, 13.783, 13.784, 13.785, 13.786, 13.787, 13.788, 13.789, 13.79, 13.791, 13.792, 13.793, 13.794, 13.795, 13.796, 13.797, 13.798, 13.799, 13.8, 13.836]
---
Round: 55, Unk. prob.: 6.175e-01
Surv probs: 3.825e-01, Fail probs: 0.000e+00
No. of non-dominant rules: 5829, Survival rules: 5819, Failure rules: 10
Batch update: 96 rules added, 0 existing rules removed (0 new rules dominated)
Survival: 96 rules added, 0 removed (from 96 candidates)
Updated sys_vals: [13.654, 13.66, 13.663, 13.665, 13.666, 13.669, 13.671, 13.673, 13.675, 13.676, 13.677, 13.678, 13.679, 13.68, 13.682, 13.683, 13.685, 13.686, 13.688, 13.689, 13.69, 13.691, 13.692, 13.693, 13.694, 13.695, 13.696, 13.698, 13.699, 13.7, 13.701, 13.703, 13.704, 13.705, 13.706, 13.707, 13.708, 13.709, 13.71, 13.711, 13.712, 13.714, 13.715, 13.716, 13.717, 13.718, 13.719, 13.72, 13.721, 13.722, 13.723, 13.724, 13.725, 13.726, 13.727, 13.728, 13.729, 13.73, 13.731, 13.732, 13.733, 13.734, 13.735, 13.736, 13.737, 13.738, 13.739, 13.74, 13.741, 13.742, 13.743, 13.744, 13.745, 13.746, 13.747, 13.748, 13.749, 13.75, 13.751, 13.752, 13.753, 13.754, 13.755, 13.756, 13.757, 13.758, 13.759, 13.76, 13.761, 13.762, 13.763, 13.764, 13.765, 13.766, 13.767, 13.768, 13.769, 13.77, 13.771, 13.772, 13.773, 13.774, 13.775, 13.776, 13.777, 13.778, 13.779, 13.78, 13.781, 13.782, 13.783, 13.784, 13.785, 13.786, 13.787, 13.788, 13.789, 13.79, 13.791, 13.792, 13.793, 13.794, 13.795, 13.796, 13.797, 13.798, 13.799, 13.8, 13.836]
---
Round: 56, Unk. prob.: 6.173e-01
Surv probs: 3.827e-01, Fail probs: 0.000e+00
No. of non-dominant rules: 5925, Survival rules: 5915, Failure rules: 10
Batch update: 96 rules added, 0 existing rules removed (0 new rules dominated)
Survival: 96 rules added, 0 removed (from 96 candidates)
Updated sys_vals: [13.654, 13.66, 13.663, 13.665, 13.666, 13.669, 13.671, 13.673, 13.675, 13.676, 13.677, 13.678, 13.679, 13.68, 13.682, 13.683, 13.685, 13.686, 13.688, 13.689, 13.69, 13.691, 13.692, 13.693, 13.694, 13.695, 13.696, 13.698, 13.699, 13.7, 13.701, 13.703, 13.704, 13.705, 13.706, 13.707, 13.708, 13.709, 13.71, 13.711, 13.712, 13.714, 13.715, 13.716, 13.717, 13.718, 13.719, 13.72, 13.721, 13.722, 13.723, 13.724, 13.725, 13.726, 13.727, 13.728, 13.729, 13.73, 13.731, 13.732, 13.733, 13.734, 13.735, 13.736, 13.737, 13.738, 13.739, 13.74, 13.741, 13.742, 13.743, 13.744, 13.745, 13.746, 13.747, 13.748, 13.749, 13.75, 13.751, 13.752, 13.753, 13.754, 13.755, 13.756, 13.757, 13.758, 13.759, 13.76, 13.761, 13.762, 13.763, 13.764, 13.765, 13.766, 13.767, 13.768, 13.769, 13.77, 13.771, 13.772, 13.773, 13.774, 13.775, 13.776, 13.777, 13.778, 13.779, 13.78, 13.781, 13.782, 13.783, 13.784, 13.785, 13.786, 13.787, 13.788, 13.789, 13.79, 13.791, 13.792, 13.793, 13.794, 13.795, 13.796, 13.797, 13.798, 13.799, 13.8, 13.836]
---
Round: 57, Unk. prob.: 6.152e-01
Surv probs: 3.848e-01, Fail probs: 1.000e-05
No. of non-dominant rules: 6021, Survival rules: 6011, Failure rules: 10
Batch update: 96 rules added, 0 existing rules removed (0 new rules dominated)
Survival: 96 rules added, 0 removed (from 96 candidates)
Updated sys_vals: [13.654, 13.66, 13.663, 13.665, 13.666, 13.669, 13.671, 13.673, 13.675, 13.676, 13.677, 13.678, 13.679, 13.68, 13.682, 13.683, 13.685, 13.686, 13.688, 13.689, 13.69, 13.691, 13.692, 13.693, 13.694, 13.695, 13.696, 13.698, 13.699, 13.7, 13.701, 13.703, 13.704, 13.705, 13.706, 13.707, 13.708, 13.709, 13.71, 13.711, 13.712, 13.714, 13.715, 13.716, 13.717, 13.718, 13.719, 13.72, 13.721, 13.722, 13.723, 13.724, 13.725, 13.726, 13.727, 13.728, 13.729, 13.73, 13.731, 13.732, 13.733, 13.734, 13.735, 13.736, 13.737, 13.738, 13.739, 13.74, 13.741, 13.742, 13.743, 13.744, 13.745, 13.746, 13.747, 13.748, 13.749, 13.75, 13.751, 13.752, 13.753, 13.754, 13.755, 13.756, 13.757, 13.758, 13.759, 13.76, 13.761, 13.762, 13.763, 13.764, 13.765, 13.766, 13.767, 13.768, 13.769, 13.77, 13.771, 13.772, 13.773, 13.774, 13.775, 13.776, 13.777, 13.778, 13.779, 13.78, 13.781, 13.782, 13.783, 13.784, 13.785, 13.786, 13.787, 13.788, 13.789, 13.79, 13.791, 13.792, 13.793, 13.794, 13.795, 13.796, 13.797, 13.798, 13.799, 13.8, 13.836]
---
Round: 58, Unk. prob.: 6.121e-01
Surv probs: 3.879e-01, Fail probs: 0.000e+00
No. of non-dominant rules: 6117, Survival rules: 6107, Failure rules: 10
Batch update: 96 rules added, 0 existing rules removed (0 new rules dominated)
Survival: 96 rules added, 0 removed (from 96 candidates)
Updated sys_vals: [13.654, 13.66, 13.663, 13.665, 13.666, 13.669, 13.671, 13.673, 13.675, 13.676, 13.677, 13.678, 13.679, 13.68, 13.682, 13.683, 13.685, 13.686, 13.688, 13.689, 13.69, 13.691, 13.692, 13.693, 13.694, 13.695, 13.696, 13.698, 13.699, 13.7, 13.701, 13.703, 13.704, 13.705, 13.706, 13.707, 13.708, 13.709, 13.71, 13.711, 13.712, 13.714, 13.715, 13.716, 13.717, 13.718, 13.719, 13.72, 13.721, 13.722, 13.723, 13.724, 13.725, 13.726, 13.727, 13.728, 13.729, 13.73, 13.731, 13.732, 13.733, 13.734, 13.735, 13.736, 13.737, 13.738, 13.739, 13.74, 13.741, 13.742, 13.743, 13.744, 13.745, 13.746, 13.747, 13.748, 13.749, 13.75, 13.751, 13.752, 13.753, 13.754, 13.755, 13.756, 13.757, 13.758, 13.759, 13.76, 13.761, 13.762, 13.763, 13.764, 13.765, 13.766, 13.767, 13.768, 13.769, 13.77, 13.771, 13.772, 13.773, 13.774, 13.775, 13.776, 13.777, 13.778, 13.779, 13.78, 13.781, 13.782, 13.783, 13.784, 13.785, 13.786, 13.787, 13.788, 13.789, 13.79, 13.791, 13.792, 13.793, 13.794, 13.795, 13.796, 13.797, 13.798, 13.799, 13.8, 13.836]
---
Round: 59, Unk. prob.: 6.075e-01
Surv probs: 3.925e-01, Fail probs: 0.000e+00
No. of non-dominant rules: 6213, Survival rules: 6203, Failure rules: 10
Batch update: 96 rules added, 0 existing rules removed (0 new rules dominated)
Survival: 96 rules added, 0 removed (from 96 candidates)
Updated sys_vals: [13.654, 13.66, 13.663, 13.665, 13.666, 13.669, 13.671, 13.673, 13.675, 13.676, 13.677, 13.678, 13.679, 13.68, 13.682, 13.683, 13.685, 13.686, 13.688, 13.689, 13.69, 13.691, 13.692, 13.693, 13.694, 13.695, 13.696, 13.698, 13.699, 13.7, 13.701, 13.703, 13.704, 13.705, 13.706, 13.707, 13.708, 13.709, 13.71, 13.711, 13.712, 13.714, 13.715, 13.716, 13.717, 13.718, 13.719, 13.72, 13.721, 13.722, 13.723, 13.724, 13.725, 13.726, 13.727, 13.728, 13.729, 13.73, 13.731, 13.732, 13.733, 13.734, 13.735, 13.736, 13.737, 13.738, 13.739, 13.74, 13.741, 13.742, 13.743, 13.744, 13.745, 13.746, 13.747, 13.748, 13.749, 13.75, 13.751, 13.752, 13.753, 13.754, 13.755, 13.756, 13.757, 13.758, 13.759, 13.76, 13.761, 13.762, 13.763, 13.764, 13.765, 13.766, 13.767, 13.768, 13.769, 13.77, 13.771, 13.772, 13.773, 13.774, 13.775, 13.776, 13.777, 13.778, 13.779, 13.78, 13.781, 13.782, 13.783, 13.784, 13.785, 13.786, 13.787, 13.788, 13.789, 13.79, 13.791, 13.792, 13.793, 13.794, 13.795, 13.796, 13.797, 13.798, 13.799, 13.8, 13.836]
---
Round: 60, Unk. prob.: 6.065e-01
Surv probs: 3.935e-01, Fail probs: 1.000e-05
No. of non-dominant rules: 6309, Survival rules: 6299, Failure rules: 10
Batch update: 96 rules added, 0 existing rules removed (0 new rules dominated)
Survival: 96 rules added, 0 removed (from 96 candidates)
Updated sys_vals: [13.654, 13.66, 13.663, 13.665, 13.666, 13.669, 13.671, 13.673, 13.675, 13.676, 13.677, 13.678, 13.679, 13.68, 13.682, 13.683, 13.685, 13.686, 13.688, 13.689, 13.69, 13.691, 13.692, 13.693, 13.694, 13.695, 13.696, 13.698, 13.699, 13.7, 13.701, 13.703, 13.704, 13.705, 13.706, 13.707, 13.708, 13.709, 13.71, 13.711, 13.712, 13.714, 13.715, 13.716, 13.717, 13.718, 13.719, 13.72, 13.721, 13.722, 13.723, 13.724, 13.725, 13.726, 13.727, 13.728, 13.729, 13.73, 13.731, 13.732, 13.733, 13.734, 13.735, 13.736, 13.737, 13.738, 13.739, 13.74, 13.741, 13.742, 13.743, 13.744, 13.745, 13.746, 13.747, 13.748, 13.749, 13.75, 13.751, 13.752, 13.753, 13.754, 13.755, 13.756, 13.757, 13.758, 13.759, 13.76, 13.761, 13.762, 13.763, 13.764, 13.765, 13.766, 13.767, 13.768, 13.769, 13.77, 13.771, 13.772, 13.773, 13.774, 13.775, 13.776, 13.777, 13.778, 13.779, 13.78, 13.781, 13.782, 13.783, 13.784, 13.785, 13.786, 13.787, 13.788, 13.789, 13.79, 13.791, 13.792, 13.793, 13.794, 13.795, 13.796, 13.797, 13.798, 13.799, 13.8, 13.836]
---
Round: 61, Unk. prob.: 6.064e-01
Surv probs: 3.936e-01, Fail probs: 1.000e-05
No. of non-dominant rules: 6405, Survival rules: 6395, Failure rules: 10
Batch update: 96 rules added, 0 existing rules removed (0 new rules dominated)
Survival: 96 rules added, 0 removed (from 96 candidates)
Updated sys_vals: [13.654, 13.66, 13.663, 13.665, 13.666, 13.669, 13.671, 13.673, 13.675, 13.676, 13.677, 13.678, 13.679, 13.68, 13.682, 13.683, 13.685, 13.686, 13.688, 13.689, 13.69, 13.691, 13.692, 13.693, 13.694, 13.695, 13.696, 13.698, 13.699, 13.7, 13.701, 13.703, 13.704, 13.705, 13.706, 13.707, 13.708, 13.709, 13.71, 13.711, 13.712, 13.714, 13.715, 13.716, 13.717, 13.718, 13.719, 13.72, 13.721, 13.722, 13.723, 13.724, 13.725, 13.726, 13.727, 13.728, 13.729, 13.73, 13.731, 13.732, 13.733, 13.734, 13.735, 13.736, 13.737, 13.738, 13.739, 13.74, 13.741, 13.742, 13.743, 13.744, 13.745, 13.746, 13.747, 13.748, 13.749, 13.75, 13.751, 13.752, 13.753, 13.754, 13.755, 13.756, 13.757, 13.758, 13.759, 13.76, 13.761, 13.762, 13.763, 13.764, 13.765, 13.766, 13.767, 13.768, 13.769, 13.77, 13.771, 13.772, 13.773, 13.774, 13.775, 13.776, 13.777, 13.778, 13.779, 13.78, 13.781, 13.782, 13.783, 13.784, 13.785, 13.786, 13.787, 13.788, 13.789, 13.79, 13.791, 13.792, 13.793, 13.794, 13.795, 13.796, 13.797, 13.798, 13.799, 13.8, 13.836]
---
Round: 62, Unk. prob.: 6.013e-01
Surv probs: 3.987e-01, Fail probs: 0.000e+00
No. of non-dominant rules: 6501, Survival rules: 6491, Failure rules: 10
Batch update: 96 rules added, 0 existing rules removed (0 new rules dominated)
Survival: 96 rules added, 0 removed (from 96 candidates)
Updated sys_vals: [13.654, 13.66, 13.663, 13.665, 13.666, 13.669, 13.671, 13.673, 13.675, 13.676, 13.677, 13.678, 13.679, 13.68, 13.682, 13.683, 13.685, 13.686, 13.688, 13.689, 13.69, 13.691, 13.692, 13.693, 13.694, 13.695, 13.696, 13.698, 13.699, 13.7, 13.701, 13.703, 13.704, 13.705, 13.706, 13.707, 13.708, 13.709, 13.71, 13.711, 13.712, 13.714, 13.715, 13.716, 13.717, 13.718, 13.719, 13.72, 13.721, 13.722, 13.723, 13.724, 13.725, 13.726, 13.727, 13.728, 13.729, 13.73, 13.731, 13.732, 13.733, 13.734, 13.735, 13.736, 13.737, 13.738, 13.739, 13.74, 13.741, 13.742, 13.743, 13.744, 13.745, 13.746, 13.747, 13.748, 13.749, 13.75, 13.751, 13.752, 13.753, 13.754, 13.755, 13.756, 13.757, 13.758, 13.759, 13.76, 13.761, 13.762, 13.763, 13.764, 13.765, 13.766, 13.767, 13.768, 13.769, 13.77, 13.771, 13.772, 13.773, 13.774, 13.775, 13.776, 13.777, 13.778, 13.779, 13.78, 13.781, 13.782, 13.783, 13.784, 13.785, 13.786, 13.787, 13.788, 13.789, 13.79, 13.791, 13.792, 13.793, 13.794, 13.795, 13.796, 13.797, 13.798, 13.799, 13.8, 13.836]
---
Round: 63, Unk. prob.: 6.016e-01
Surv probs: 3.984e-01, Fail probs: 0.000e+00
No. of non-dominant rules: 6597, Survival rules: 6587, Failure rules: 10
Batch update: 96 rules added, 0 existing rules removed (0 new rules dominated)
Survival: 96 rules added, 0 removed (from 96 candidates)
Updated sys_vals: [13.654, 13.66, 13.663, 13.665, 13.666, 13.669, 13.671, 13.673, 13.675, 13.676, 13.677, 13.678, 13.679, 13.68, 13.682, 13.683, 13.685, 13.686, 13.688, 13.689, 13.69, 13.691, 13.692, 13.693, 13.694, 13.695, 13.696, 13.698, 13.699, 13.7, 13.701, 13.703, 13.704, 13.705, 13.706, 13.707, 13.708, 13.709, 13.71, 13.711, 13.712, 13.714, 13.715, 13.716, 13.717, 13.718, 13.719, 13.72, 13.721, 13.722, 13.723, 13.724, 13.725, 13.726, 13.727, 13.728, 13.729, 13.73, 13.731, 13.732, 13.733, 13.734, 13.735, 13.736, 13.737, 13.738, 13.739, 13.74, 13.741, 13.742, 13.743, 13.744, 13.745, 13.746, 13.747, 13.748, 13.749, 13.75, 13.751, 13.752, 13.753, 13.754, 13.755, 13.756, 13.757, 13.758, 13.759, 13.76, 13.761, 13.762, 13.763, 13.764, 13.765, 13.766, 13.767, 13.768, 13.769, 13.77, 13.771, 13.772, 13.773, 13.774, 13.775, 13.776, 13.777, 13.778, 13.779, 13.78, 13.781, 13.782, 13.783, 13.784, 13.785, 13.786, 13.787, 13.788, 13.789, 13.79, 13.791, 13.792, 13.793, 13.794, 13.795, 13.796, 13.797, 13.798, 13.799, 13.8, 13.836]
---
Round: 64, Unk. prob.: 5.987e-01
Surv probs: 4.013e-01, Fail probs: 0.000e+00
No. of non-dominant rules: 6693, Survival rules: 6683, Failure rules: 10
Batch update: 96 rules added, 0 existing rules removed (0 new rules dominated)
Survival: 96 rules added, 0 removed (from 96 candidates)
Updated sys_vals: [13.654, 13.66, 13.663, 13.665, 13.666, 13.669, 13.671, 13.673, 13.675, 13.676, 13.677, 13.678, 13.679, 13.68, 13.682, 13.683, 13.685, 13.686, 13.688, 13.689, 13.69, 13.691, 13.692, 13.693, 13.694, 13.695, 13.696, 13.698, 13.699, 13.7, 13.701, 13.703, 13.704, 13.705, 13.706, 13.707, 13.708, 13.709, 13.71, 13.711, 13.712, 13.713, 13.714, 13.715, 13.716, 13.717, 13.718, 13.719, 13.72, 13.721, 13.722, 13.723, 13.724, 13.725, 13.726, 13.727, 13.728, 13.729, 13.73, 13.731, 13.732, 13.733, 13.734, 13.735, 13.736, 13.737, 13.738, 13.739, 13.74, 13.741, 13.742, 13.743, 13.744, 13.745, 13.746, 13.747, 13.748, 13.749, 13.75, 13.751, 13.752, 13.753, 13.754, 13.755, 13.756, 13.757, 13.758, 13.759, 13.76, 13.761, 13.762, 13.763, 13.764, 13.765, 13.766, 13.767, 13.768, 13.769, 13.77, 13.771, 13.772, 13.773, 13.774, 13.775, 13.776, 13.777, 13.778, 13.779, 13.78, 13.781, 13.782, 13.783, 13.784, 13.785, 13.786, 13.787, 13.788, 13.789, 13.79, 13.791, 13.792, 13.793, 13.794, 13.795, 13.796, 13.797, 13.798, 13.799, 13.8, 13.836]
---
Round: 65, Unk. prob.: 5.958e-01
Surv probs: 4.042e-01, Fail probs: 0.000e+00
No. of non-dominant rules: 6789, Survival rules: 6779, Failure rules: 10
Batch update: 96 rules added, 0 existing rules removed (0 new rules dominated)
Survival: 96 rules added, 0 removed (from 96 candidates)
Updated sys_vals: [13.654, 13.66, 13.663, 13.665, 13.666, 13.669, 13.671, 13.673, 13.675, 13.676, 13.677, 13.678, 13.679, 13.68, 13.682, 13.683, 13.685, 13.686, 13.688, 13.689, 13.69, 13.691, 13.692, 13.693, 13.694, 13.695, 13.696, 13.698, 13.699, 13.7, 13.701, 13.703, 13.704, 13.705, 13.706, 13.707, 13.708, 13.709, 13.71, 13.711, 13.712, 13.713, 13.714, 13.715, 13.716, 13.717, 13.718, 13.719, 13.72, 13.721, 13.722, 13.723, 13.724, 13.725, 13.726, 13.727, 13.728, 13.729, 13.73, 13.731, 13.732, 13.733, 13.734, 13.735, 13.736, 13.737, 13.738, 13.739, 13.74, 13.741, 13.742, 13.743, 13.744, 13.745, 13.746, 13.747, 13.748, 13.749, 13.75, 13.751, 13.752, 13.753, 13.754, 13.755, 13.756, 13.757, 13.758, 13.759, 13.76, 13.761, 13.762, 13.763, 13.764, 13.765, 13.766, 13.767, 13.768, 13.769, 13.77, 13.771, 13.772, 13.773, 13.774, 13.775, 13.776, 13.777, 13.778, 13.779, 13.78, 13.781, 13.782, 13.783, 13.784, 13.785, 13.786, 13.787, 13.788, 13.789, 13.79, 13.791, 13.792, 13.793, 13.794, 13.795, 13.796, 13.797, 13.798, 13.799, 13.8, 13.836]
---
Round: 66, Unk. prob.: 5.947e-01
Surv probs: 4.052e-01, Fail probs: 2.000e-05
No. of non-dominant rules: 6885, Survival rules: 6875, Failure rules: 10
Batch update: 96 rules added, 0 existing rules removed (0 new rules dominated)
Survival: 96 rules added, 0 removed (from 96 candidates)
Updated sys_vals: [13.654, 13.66, 13.663, 13.665, 13.666, 13.669, 13.671, 13.673, 13.675, 13.676, 13.677, 13.678, 13.679, 13.68, 13.682, 13.683, 13.685, 13.686, 13.688, 13.689, 13.69, 13.691, 13.692, 13.693, 13.694, 13.695, 13.696, 13.698, 13.699, 13.7, 13.701, 13.703, 13.704, 13.705, 13.706, 13.707, 13.708, 13.709, 13.71, 13.711, 13.712, 13.713, 13.714, 13.715, 13.716, 13.717, 13.718, 13.719, 13.72, 13.721, 13.722, 13.723, 13.724, 13.725, 13.726, 13.727, 13.728, 13.729, 13.73, 13.731, 13.732, 13.733, 13.734, 13.735, 13.736, 13.737, 13.738, 13.739, 13.74, 13.741, 13.742, 13.743, 13.744, 13.745, 13.746, 13.747, 13.748, 13.749, 13.75, 13.751, 13.752, 13.753, 13.754, 13.755, 13.756, 13.757, 13.758, 13.759, 13.76, 13.761, 13.762, 13.763, 13.764, 13.765, 13.766, 13.767, 13.768, 13.769, 13.77, 13.771, 13.772, 13.773, 13.774, 13.775, 13.776, 13.777, 13.778, 13.779, 13.78, 13.781, 13.782, 13.783, 13.784, 13.785, 13.786, 13.787, 13.788, 13.789, 13.79, 13.791, 13.792, 13.793, 13.794, 13.795, 13.796, 13.797, 13.798, 13.799, 13.8, 13.836]
---
Round: 67, Unk. prob.: 5.922e-01
Surv probs: 4.078e-01, Fail probs: 0.000e+00
No. of non-dominant rules: 6981, Survival rules: 6971, Failure rules: 10
Batch update: 96 rules added, 0 existing rules removed (0 new rules dominated)
Survival: 96 rules added, 0 removed (from 96 candidates)
Updated sys_vals: [13.654, 13.66, 13.663, 13.665, 13.666, 13.669, 13.671, 13.673, 13.675, 13.676, 13.677, 13.678, 13.679, 13.68, 13.682, 13.683, 13.685, 13.686, 13.688, 13.689, 13.69, 13.691, 13.692, 13.693, 13.694, 13.695, 13.696, 13.698, 13.699, 13.7, 13.701, 13.703, 13.704, 13.705, 13.706, 13.707, 13.708, 13.709, 13.71, 13.711, 13.712, 13.713, 13.714, 13.715, 13.716, 13.717, 13.718, 13.719, 13.72, 13.721, 13.722, 13.723, 13.724, 13.725, 13.726, 13.727, 13.728, 13.729, 13.73, 13.731, 13.732, 13.733, 13.734, 13.735, 13.736, 13.737, 13.738, 13.739, 13.74, 13.741, 13.742, 13.743, 13.744, 13.745, 13.746, 13.747, 13.748, 13.749, 13.75, 13.751, 13.752, 13.753, 13.754, 13.755, 13.756, 13.757, 13.758, 13.759, 13.76, 13.761, 13.762, 13.763, 13.764, 13.765, 13.766, 13.767, 13.768, 13.769, 13.77, 13.771, 13.772, 13.773, 13.774, 13.775, 13.776, 13.777, 13.778, 13.779, 13.78, 13.781, 13.782, 13.783, 13.784, 13.785, 13.786, 13.787, 13.788, 13.789, 13.79, 13.791, 13.792, 13.793, 13.794, 13.795, 13.796, 13.797, 13.798, 13.799, 13.8, 13.836]
---
Round: 68, Unk. prob.: 5.933e-01
Surv probs: 4.067e-01, Fail probs: 2.000e-05
No. of non-dominant rules: 7077, Survival rules: 7067, Failure rules: 10
Batch update: 96 rules added, 0 existing rules removed (0 new rules dominated)
Survival: 96 rules added, 0 removed (from 96 candidates)
Updated sys_vals: [13.654, 13.66, 13.663, 13.665, 13.666, 13.669, 13.671, 13.673, 13.675, 13.676, 13.677, 13.678, 13.679, 13.68, 13.682, 13.683, 13.685, 13.686, 13.688, 13.689, 13.69, 13.691, 13.692, 13.693, 13.694, 13.695, 13.696, 13.698, 13.699, 13.7, 13.701, 13.703, 13.704, 13.705, 13.706, 13.707, 13.708, 13.709, 13.71, 13.711, 13.712, 13.713, 13.714, 13.715, 13.716, 13.717, 13.718, 13.719, 13.72, 13.721, 13.722, 13.723, 13.724, 13.725, 13.726, 13.727, 13.728, 13.729, 13.73, 13.731, 13.732, 13.733, 13.734, 13.735, 13.736, 13.737, 13.738, 13.739, 13.74, 13.741, 13.742, 13.743, 13.744, 13.745, 13.746, 13.747, 13.748, 13.749, 13.75, 13.751, 13.752, 13.753, 13.754, 13.755, 13.756, 13.757, 13.758, 13.759, 13.76, 13.761, 13.762, 13.763, 13.764, 13.765, 13.766, 13.767, 13.768, 13.769, 13.77, 13.771, 13.772, 13.773, 13.774, 13.775, 13.776, 13.777, 13.778, 13.779, 13.78, 13.781, 13.782, 13.783, 13.784, 13.785, 13.786, 13.787, 13.788, 13.789, 13.79, 13.791, 13.792, 13.793, 13.794, 13.795, 13.796, 13.797, 13.798, 13.799, 13.8, 13.836]
---
Round: 69, Unk. prob.: 5.856e-01
Surv probs: 4.144e-01, Fail probs: 0.000e+00
No. of non-dominant rules: 7173, Survival rules: 7163, Failure rules: 10
Batch update: 96 rules added, 0 existing rules removed (0 new rules dominated)
Survival: 96 rules added, 0 removed (from 96 candidates)
Updated sys_vals: [13.654, 13.66, 13.663, 13.665, 13.666, 13.669, 13.671, 13.673, 13.675, 13.676, 13.677, 13.678, 13.679, 13.68, 13.682, 13.683, 13.685, 13.686, 13.688, 13.689, 13.69, 13.691, 13.692, 13.693, 13.694, 13.695, 13.696, 13.698, 13.699, 13.7, 13.701, 13.703, 13.704, 13.705, 13.706, 13.707, 13.708, 13.709, 13.71, 13.711, 13.712, 13.713, 13.714, 13.715, 13.716, 13.717, 13.718, 13.719, 13.72, 13.721, 13.722, 13.723, 13.724, 13.725, 13.726, 13.727, 13.728, 13.729, 13.73, 13.731, 13.732, 13.733, 13.734, 13.735, 13.736, 13.737, 13.738, 13.739, 13.74, 13.741, 13.742, 13.743, 13.744, 13.745, 13.746, 13.747, 13.748, 13.749, 13.75, 13.751, 13.752, 13.753, 13.754, 13.755, 13.756, 13.757, 13.758, 13.759, 13.76, 13.761, 13.762, 13.763, 13.764, 13.765, 13.766, 13.767, 13.768, 13.769, 13.77, 13.771, 13.772, 13.773, 13.774, 13.775, 13.776, 13.777, 13.778, 13.779, 13.78, 13.781, 13.782, 13.783, 13.784, 13.785, 13.786, 13.787, 13.788, 13.789, 13.79, 13.791, 13.792, 13.793, 13.794, 13.795, 13.796, 13.797, 13.798, 13.799, 13.8, 13.836]
---
Round: 70, Unk. prob.: 5.870e-01
Surv probs: 4.130e-01, Fail probs: 0.000e+00
No. of non-dominant rules: 7269, Survival rules: 7259, Failure rules: 10
Batch update: 96 rules added, 0 existing rules removed (0 new rules dominated)
Survival: 96 rules added, 0 removed (from 96 candidates)
Updated sys_vals: [13.654, 13.66, 13.663, 13.665, 13.666, 13.669, 13.671, 13.673, 13.675, 13.676, 13.677, 13.678, 13.679, 13.68, 13.682, 13.683, 13.684, 13.685, 13.686, 13.688, 13.689, 13.69, 13.691, 13.692, 13.693, 13.694, 13.695, 13.696, 13.698, 13.699, 13.7, 13.701, 13.703, 13.704, 13.705, 13.706, 13.707, 13.708, 13.709, 13.71, 13.711, 13.712, 13.713, 13.714, 13.715, 13.716, 13.717, 13.718, 13.719, 13.72, 13.721, 13.722, 13.723, 13.724, 13.725, 13.726, 13.727, 13.728, 13.729, 13.73, 13.731, 13.732, 13.733, 13.734, 13.735, 13.736, 13.737, 13.738, 13.739, 13.74, 13.741, 13.742, 13.743, 13.744, 13.745, 13.746, 13.747, 13.748, 13.749, 13.75, 13.751, 13.752, 13.753, 13.754, 13.755, 13.756, 13.757, 13.758, 13.759, 13.76, 13.761, 13.762, 13.763, 13.764, 13.765, 13.766, 13.767, 13.768, 13.769, 13.77, 13.771, 13.772, 13.773, 13.774, 13.775, 13.776, 13.777, 13.778, 13.779, 13.78, 13.781, 13.782, 13.783, 13.784, 13.785, 13.786, 13.787, 13.788, 13.789, 13.79, 13.791, 13.792, 13.793, 13.794, 13.795, 13.796, 13.797, 13.798, 13.799, 13.8, 13.836]
---
Round: 71, Unk. prob.: 5.856e-01
Surv probs: 4.144e-01, Fail probs: 1.000e-05
No. of non-dominant rules: 7365, Survival rules: 7355, Failure rules: 10
Batch update: 96 rules added, 0 existing rules removed (0 new rules dominated)
Survival: 96 rules added, 0 removed (from 96 candidates)
Updated sys_vals: [13.654, 13.66, 13.663, 13.665, 13.666, 13.669, 13.671, 13.672, 13.673, 13.675, 13.676, 13.677, 13.678, 13.679, 13.68, 13.682, 13.683, 13.684, 13.685, 13.686, 13.688, 13.689, 13.69, 13.691, 13.692, 13.693, 13.694, 13.695, 13.696, 13.698, 13.699, 13.7, 13.701, 13.703, 13.704, 13.705, 13.706, 13.707, 13.708, 13.709, 13.71, 13.711, 13.712, 13.713, 13.714, 13.715, 13.716, 13.717, 13.718, 13.719, 13.72, 13.721, 13.722, 13.723, 13.724, 13.725, 13.726, 13.727, 13.728, 13.729, 13.73, 13.731, 13.732, 13.733, 13.734, 13.735, 13.736, 13.737, 13.738, 13.739, 13.74, 13.741, 13.742, 13.743, 13.744, 13.745, 13.746, 13.747, 13.748, 13.749, 13.75, 13.751, 13.752, 13.753, 13.754, 13.755, 13.756, 13.757, 13.758, 13.759, 13.76, 13.761, 13.762, 13.763, 13.764, 13.765, 13.766, 13.767, 13.768, 13.769, 13.77, 13.771, 13.772, 13.773, 13.774, 13.775, 13.776, 13.777, 13.778, 13.779, 13.78, 13.781, 13.782, 13.783, 13.784, 13.785, 13.786, 13.787, 13.788, 13.789, 13.79, 13.791, 13.792, 13.793, 13.794, 13.795, 13.796, 13.797, 13.798, 13.799, 13.8, 13.836]
---
Round: 72, Unk. prob.: 5.826e-01
Surv probs: 4.174e-01, Fail probs: 1.000e-05
No. of non-dominant rules: 7461, Survival rules: 7451, Failure rules: 10
Batch update: 96 rules added, 0 existing rules removed (0 new rules dominated)
Survival: 96 rules added, 0 removed (from 96 candidates)
Updated sys_vals: [13.654, 13.66, 13.663, 13.665, 13.666, 13.669, 13.671, 13.672, 13.673, 13.675, 13.676, 13.677, 13.678, 13.679, 13.68, 13.682, 13.683, 13.684, 13.685, 13.686, 13.688, 13.689, 13.69, 13.691, 13.692, 13.693, 13.694, 13.695, 13.696, 13.698, 13.699, 13.7, 13.701, 13.703, 13.704, 13.705, 13.706, 13.707, 13.708, 13.709, 13.71, 13.711, 13.712, 13.713, 13.714, 13.715, 13.716, 13.717, 13.718, 13.719, 13.72, 13.721, 13.722, 13.723, 13.724, 13.725, 13.726, 13.727, 13.728, 13.729, 13.73, 13.731, 13.732, 13.733, 13.734, 13.735, 13.736, 13.737, 13.738, 13.739, 13.74, 13.741, 13.742, 13.743, 13.744, 13.745, 13.746, 13.747, 13.748, 13.749, 13.75, 13.751, 13.752, 13.753, 13.754, 13.755, 13.756, 13.757, 13.758, 13.759, 13.76, 13.761, 13.762, 13.763, 13.764, 13.765, 13.766, 13.767, 13.768, 13.769, 13.77, 13.771, 13.772, 13.773, 13.774, 13.775, 13.776, 13.777, 13.778, 13.779, 13.78, 13.781, 13.782, 13.783, 13.784, 13.785, 13.786, 13.787, 13.788, 13.789, 13.79, 13.791, 13.792, 13.793, 13.794, 13.795, 13.796, 13.797, 13.798, 13.799, 13.8, 13.836]
---
Round: 73, Unk. prob.: 5.793e-01
Surv probs: 4.207e-01, Fail probs: 1.000e-05
No. of non-dominant rules: 7557, Survival rules: 7547, Failure rules: 10
Batch update: 96 rules added, 0 existing rules removed (0 new rules dominated)
Survival: 96 rules added, 0 removed (from 96 candidates)
Updated sys_vals: [13.654, 13.66, 13.663, 13.665, 13.666, 13.669, 13.671, 13.672, 13.673, 13.675, 13.676, 13.677, 13.678, 13.679, 13.68, 13.682, 13.683, 13.684, 13.685, 13.686, 13.688, 13.689, 13.69, 13.691, 13.692, 13.693, 13.694, 13.695, 13.696, 13.698, 13.699, 13.7, 13.701, 13.703, 13.704, 13.705, 13.706, 13.707, 13.708, 13.709, 13.71, 13.711, 13.712, 13.713, 13.714, 13.715, 13.716, 13.717, 13.718, 13.719, 13.72, 13.721, 13.722, 13.723, 13.724, 13.725, 13.726, 13.727, 13.728, 13.729, 13.73, 13.731, 13.732, 13.733, 13.734, 13.735, 13.736, 13.737, 13.738, 13.739, 13.74, 13.741, 13.742, 13.743, 13.744, 13.745, 13.746, 13.747, 13.748, 13.749, 13.75, 13.751, 13.752, 13.753, 13.754, 13.755, 13.756, 13.757, 13.758, 13.759, 13.76, 13.761, 13.762, 13.763, 13.764, 13.765, 13.766, 13.767, 13.768, 13.769, 13.77, 13.771, 13.772, 13.773, 13.774, 13.775, 13.776, 13.777, 13.778, 13.779, 13.78, 13.781, 13.782, 13.783, 13.784, 13.785, 13.786, 13.787, 13.788, 13.789, 13.79, 13.791, 13.792, 13.793, 13.794, 13.795, 13.796, 13.797, 13.798, 13.799, 13.8, 13.836]
---
Round: 74, Unk. prob.: 5.796e-01
Surv probs: 4.204e-01, Fail probs: 0.000e+00
No. of non-dominant rules: 7653, Survival rules: 7643, Failure rules: 10
Batch update: 96 rules added, 0 existing rules removed (0 new rules dominated)
Survival: 96 rules added, 0 removed (from 96 candidates)
Updated sys_vals: [13.654, 13.66, 13.663, 13.665, 13.666, 13.669, 13.671, 13.672, 13.673, 13.675, 13.676, 13.677, 13.678, 13.679, 13.68, 13.682, 13.683, 13.684, 13.685, 13.686, 13.688, 13.689, 13.69, 13.691, 13.692, 13.693, 13.694, 13.695, 13.696, 13.698, 13.699, 13.7, 13.701, 13.703, 13.704, 13.705, 13.706, 13.707, 13.708, 13.709, 13.71, 13.711, 13.712, 13.713, 13.714, 13.715, 13.716, 13.717, 13.718, 13.719, 13.72, 13.721, 13.722, 13.723, 13.724, 13.725, 13.726, 13.727, 13.728, 13.729, 13.73, 13.731, 13.732, 13.733, 13.734, 13.735, 13.736, 13.737, 13.738, 13.739, 13.74, 13.741, 13.742, 13.743, 13.744, 13.745, 13.746, 13.747, 13.748, 13.749, 13.75, 13.751, 13.752, 13.753, 13.754, 13.755, 13.756, 13.757, 13.758, 13.759, 13.76, 13.761, 13.762, 13.763, 13.764, 13.765, 13.766, 13.767, 13.768, 13.769, 13.77, 13.771, 13.772, 13.773, 13.774, 13.775, 13.776, 13.777, 13.778, 13.779, 13.78, 13.781, 13.782, 13.783, 13.784, 13.785, 13.786, 13.787, 13.788, 13.789, 13.79, 13.791, 13.792, 13.793, 13.794, 13.795, 13.796, 13.797, 13.798, 13.799, 13.8, 13.836]
---
Round: 75, Unk. prob.: 5.756e-01
Surv probs: 4.244e-01, Fail probs: 1.000e-05
No. of non-dominant rules: 7749, Survival rules: 7739, Failure rules: 10
Batch update: 96 rules added, 0 existing rules removed (0 new rules dominated)
Survival: 96 rules added, 0 removed (from 96 candidates)
Updated sys_vals: [13.654, 13.66, 13.663, 13.665, 13.666, 13.669, 13.671, 13.672, 13.673, 13.675, 13.676, 13.677, 13.678, 13.679, 13.68, 13.682, 13.683, 13.684, 13.685, 13.686, 13.688, 13.689, 13.69, 13.691, 13.692, 13.693, 13.694, 13.695, 13.696, 13.698, 13.699, 13.7, 13.701, 13.703, 13.704, 13.705, 13.706, 13.707, 13.708, 13.709, 13.71, 13.711, 13.712, 13.713, 13.714, 13.715, 13.716, 13.717, 13.718, 13.719, 13.72, 13.721, 13.722, 13.723, 13.724, 13.725, 13.726, 13.727, 13.728, 13.729, 13.73, 13.731, 13.732, 13.733, 13.734, 13.735, 13.736, 13.737, 13.738, 13.739, 13.74, 13.741, 13.742, 13.743, 13.744, 13.745, 13.746, 13.747, 13.748, 13.749, 13.75, 13.751, 13.752, 13.753, 13.754, 13.755, 13.756, 13.757, 13.758, 13.759, 13.76, 13.761, 13.762, 13.763, 13.764, 13.765, 13.766, 13.767, 13.768, 13.769, 13.77, 13.771, 13.772, 13.773, 13.774, 13.775, 13.776, 13.777, 13.778, 13.779, 13.78, 13.781, 13.782, 13.783, 13.784, 13.785, 13.786, 13.787, 13.788, 13.789, 13.79, 13.791, 13.792, 13.793, 13.794, 13.795, 13.796, 13.797, 13.798, 13.799, 13.8, 13.836]
---
Round: 76, Unk. prob.: 5.736e-01
Surv probs: 4.263e-01, Fail probs: 2.000e-05
No. of non-dominant rules: 7845, Survival rules: 7835, Failure rules: 10
Batch update: 96 rules added, 0 existing rules removed (0 new rules dominated)
Survival: 96 rules added, 0 removed (from 96 candidates)
Updated sys_vals: [13.654, 13.66, 13.663, 13.665, 13.666, 13.669, 13.671, 13.672, 13.673, 13.675, 13.676, 13.677, 13.678, 13.679, 13.68, 13.682, 13.683, 13.684, 13.685, 13.686, 13.688, 13.689, 13.69, 13.691, 13.692, 13.693, 13.694, 13.695, 13.696, 13.698, 13.699, 13.7, 13.701, 13.703, 13.704, 13.705, 13.706, 13.707, 13.708, 13.709, 13.71, 13.711, 13.712, 13.713, 13.714, 13.715, 13.716, 13.717, 13.718, 13.719, 13.72, 13.721, 13.722, 13.723, 13.724, 13.725, 13.726, 13.727, 13.728, 13.729, 13.73, 13.731, 13.732, 13.733, 13.734, 13.735, 13.736, 13.737, 13.738, 13.739, 13.74, 13.741, 13.742, 13.743, 13.744, 13.745, 13.746, 13.747, 13.748, 13.749, 13.75, 13.751, 13.752, 13.753, 13.754, 13.755, 13.756, 13.757, 13.758, 13.759, 13.76, 13.761, 13.762, 13.763, 13.764, 13.765, 13.766, 13.767, 13.768, 13.769, 13.77, 13.771, 13.772, 13.773, 13.774, 13.775, 13.776, 13.777, 13.778, 13.779, 13.78, 13.781, 13.782, 13.783, 13.784, 13.785, 13.786, 13.787, 13.788, 13.789, 13.79, 13.791, 13.792, 13.793, 13.794, 13.795, 13.796, 13.797, 13.798, 13.799, 13.8, 13.836]
---
Round: 77, Unk. prob.: 5.743e-01
Surv probs: 4.257e-01, Fail probs: 0.000e+00
No. of non-dominant rules: 7941, Survival rules: 7931, Failure rules: 10
Batch update: 96 rules added, 0 existing rules removed (0 new rules dominated)
Survival: 96 rules added, 0 removed (from 96 candidates)
Updated sys_vals: [13.654, 13.66, 13.663, 13.665, 13.666, 13.669, 13.671, 13.672, 13.673, 13.675, 13.676, 13.677, 13.678, 13.679, 13.68, 13.682, 13.683, 13.684, 13.685, 13.686, 13.688, 13.689, 13.69, 13.691, 13.692, 13.693, 13.694, 13.695, 13.696, 13.698, 13.699, 13.7, 13.701, 13.703, 13.704, 13.705, 13.706, 13.707, 13.708, 13.709, 13.71, 13.711, 13.712, 13.713, 13.714, 13.715, 13.716, 13.717, 13.718, 13.719, 13.72, 13.721, 13.722, 13.723, 13.724, 13.725, 13.726, 13.727, 13.728, 13.729, 13.73, 13.731, 13.732, 13.733, 13.734, 13.735, 13.736, 13.737, 13.738, 13.739, 13.74, 13.741, 13.742, 13.743, 13.744, 13.745, 13.746, 13.747, 13.748, 13.749, 13.75, 13.751, 13.752, 13.753, 13.754, 13.755, 13.756, 13.757, 13.758, 13.759, 13.76, 13.761, 13.762, 13.763, 13.764, 13.765, 13.766, 13.767, 13.768, 13.769, 13.77, 13.771, 13.772, 13.773, 13.774, 13.775, 13.776, 13.777, 13.778, 13.779, 13.78, 13.781, 13.782, 13.783, 13.784, 13.785, 13.786, 13.787, 13.788, 13.789, 13.79, 13.791, 13.792, 13.793, 13.794, 13.795, 13.796, 13.797, 13.798, 13.799, 13.8, 13.836]
---
Round: 78, Unk. prob.: 5.695e-01
Surv probs: 4.305e-01, Fail probs: 0.000e+00
No. of non-dominant rules: 8037, Survival rules: 8027, Failure rules: 10
Batch update: 96 rules added, 0 existing rules removed (0 new rules dominated)
Survival: 96 rules added, 0 removed (from 96 candidates)
Updated sys_vals: [13.654, 13.66, 13.663, 13.665, 13.666, 13.669, 13.671, 13.672, 13.673, 13.675, 13.676, 13.677, 13.678, 13.679, 13.68, 13.682, 13.683, 13.684, 13.685, 13.686, 13.688, 13.689, 13.69, 13.691, 13.692, 13.693, 13.694, 13.695, 13.696, 13.698, 13.699, 13.7, 13.701, 13.703, 13.704, 13.705, 13.706, 13.707, 13.708, 13.709, 13.71, 13.711, 13.712, 13.713, 13.714, 13.715, 13.716, 13.717, 13.718, 13.719, 13.72, 13.721, 13.722, 13.723, 13.724, 13.725, 13.726, 13.727, 13.728, 13.729, 13.73, 13.731, 13.732, 13.733, 13.734, 13.735, 13.736, 13.737, 13.738, 13.739, 13.74, 13.741, 13.742, 13.743, 13.744, 13.745, 13.746, 13.747, 13.748, 13.749, 13.75, 13.751, 13.752, 13.753, 13.754, 13.755, 13.756, 13.757, 13.758, 13.759, 13.76, 13.761, 13.762, 13.763, 13.764, 13.765, 13.766, 13.767, 13.768, 13.769, 13.77, 13.771, 13.772, 13.773, 13.774, 13.775, 13.776, 13.777, 13.778, 13.779, 13.78, 13.781, 13.782, 13.783, 13.784, 13.785, 13.786, 13.787, 13.788, 13.789, 13.79, 13.791, 13.792, 13.793, 13.794, 13.795, 13.796, 13.797, 13.798, 13.799, 13.8, 13.836]
---
Round: 79, Unk. prob.: 5.682e-01
Surv probs: 4.318e-01, Fail probs: 0.000e+00
No. of non-dominant rules: 8133, Survival rules: 8123, Failure rules: 10
Batch update: 96 rules added, 0 existing rules removed (0 new rules dominated)
Survival: 96 rules added, 0 removed (from 96 candidates)
Updated sys_vals: [13.654, 13.66, 13.663, 13.664, 13.665, 13.666, 13.669, 13.671, 13.672, 13.673, 13.675, 13.676, 13.677, 13.678, 13.679, 13.68, 13.682, 13.683, 13.684, 13.685, 13.686, 13.688, 13.689, 13.69, 13.691, 13.692, 13.693, 13.694, 13.695, 13.696, 13.697, 13.698, 13.699, 13.7, 13.701, 13.703, 13.704, 13.705, 13.706, 13.707, 13.708, 13.709, 13.71, 13.711, 13.712, 13.713, 13.714, 13.715, 13.716, 13.717, 13.718, 13.719, 13.72, 13.721, 13.722, 13.723, 13.724, 13.725, 13.726, 13.727, 13.728, 13.729, 13.73, 13.731, 13.732, 13.733, 13.734, 13.735, 13.736, 13.737, 13.738, 13.739, 13.74, 13.741, 13.742, 13.743, 13.744, 13.745, 13.746, 13.747, 13.748, 13.749, 13.75, 13.751, 13.752, 13.753, 13.754, 13.755, 13.756, 13.757, 13.758, 13.759, 13.76, 13.761, 13.762, 13.763, 13.764, 13.765, 13.766, 13.767, 13.768, 13.769, 13.77, 13.771, 13.772, 13.773, 13.774, 13.775, 13.776, 13.777, 13.778, 13.779, 13.78, 13.781, 13.782, 13.783, 13.784, 13.785, 13.786, 13.787, 13.788, 13.789, 13.79, 13.791, 13.792, 13.793, 13.794, 13.795, 13.796, 13.797, 13.798, 13.799, 13.8, 13.836]
---
Round: 80, Unk. prob.: 5.689e-01
Surv probs: 4.311e-01, Fail probs: 2.000e-05
No. of non-dominant rules: 8229, Survival rules: 8219, Failure rules: 10
Batch update: 95 rules added, 0 existing rules removed (0 new rules dominated)
Survival: 95 rules added, 0 removed (from 95 candidates)
Batch update: 1 rules added, 0 existing rules removed (0 new rules dominated)
Failure: 1 rules added, 0 removed (from 1 candidates)
Updated sys_vals: [13.654, 13.66, 13.663, 13.664, 13.665, 13.666, 13.669, 13.671, 13.672, 13.673, 13.675, 13.676, 13.677, 13.678, 13.679, 13.68, 13.682, 13.683, 13.684, 13.685, 13.686, 13.688, 13.689, 13.69, 13.691, 13.692, 13.693, 13.694, 13.695, 13.696, 13.697, 13.698, 13.699, 13.7, 13.701, 13.703, 13.704, 13.705, 13.706, 13.707, 13.708, 13.709, 13.71, 13.711, 13.712, 13.713, 13.714, 13.715, 13.716, 13.717, 13.718, 13.719, 13.72, 13.721, 13.722, 13.723, 13.724, 13.725, 13.726, 13.727, 13.728, 13.729, 13.73, 13.731, 13.732, 13.733, 13.734, 13.735, 13.736, 13.737, 13.738, 13.739, 13.74, 13.741, 13.742, 13.743, 13.744, 13.745, 13.746, 13.747, 13.748, 13.749, 13.75, 13.751, 13.752, 13.753, 13.754, 13.755, 13.756, 13.757, 13.758, 13.759, 13.76, 13.761, 13.762, 13.763, 13.764, 13.765, 13.766, 13.767, 13.768, 13.769, 13.77, 13.771, 13.772, 13.773, 13.774, 13.775, 13.776, 13.777, 13.778, 13.779, 13.78, 13.781, 13.782, 13.783, 13.784, 13.785, 13.786, 13.787, 13.788, 13.789, 13.79, 13.791, 13.792, 13.793, 13.794, 13.795, 13.796, 13.797, 13.798, 13.799, 13.8, 13.836, 13.945]
---
Round: 81, Unk. prob.: 5.671e-01
Surv probs: 4.329e-01, Fail probs: 1.000e-05
No. of non-dominant rules: 8325, Survival rules: 8314, Failure rules: 11
Batch update: 96 rules added, 0 existing rules removed (0 new rules dominated)
Survival: 96 rules added, 0 removed (from 96 candidates)
Updated sys_vals: [13.654, 13.66, 13.663, 13.664, 13.665, 13.666, 13.669, 13.671, 13.672, 13.673, 13.675, 13.676, 13.677, 13.678, 13.679, 13.68, 13.682, 13.683, 13.684, 13.685, 13.686, 13.688, 13.689, 13.69, 13.691, 13.692, 13.693, 13.694, 13.695, 13.696, 13.697, 13.698, 13.699, 13.7, 13.701, 13.703, 13.704, 13.705, 13.706, 13.707, 13.708, 13.709, 13.71, 13.711, 13.712, 13.713, 13.714, 13.715, 13.716, 13.717, 13.718, 13.719, 13.72, 13.721, 13.722, 13.723, 13.724, 13.725, 13.726, 13.727, 13.728, 13.729, 13.73, 13.731, 13.732, 13.733, 13.734, 13.735, 13.736, 13.737, 13.738, 13.739, 13.74, 13.741, 13.742, 13.743, 13.744, 13.745, 13.746, 13.747, 13.748, 13.749, 13.75, 13.751, 13.752, 13.753, 13.754, 13.755, 13.756, 13.757, 13.758, 13.759, 13.76, 13.761, 13.762, 13.763, 13.764, 13.765, 13.766, 13.767, 13.768, 13.769, 13.77, 13.771, 13.772, 13.773, 13.774, 13.775, 13.776, 13.777, 13.778, 13.779, 13.78, 13.781, 13.782, 13.783, 13.784, 13.785, 13.786, 13.787, 13.788, 13.789, 13.79, 13.791, 13.792, 13.793, 13.794, 13.795, 13.796, 13.797, 13.798, 13.799, 13.8, 13.836, 13.945]
---
Round: 82, Unk. prob.: 5.675e-01
Surv probs: 4.325e-01, Fail probs: 0.000e+00
No. of non-dominant rules: 8421, Survival rules: 8410, Failure rules: 11
Batch update: 96 rules added, 0 existing rules removed (0 new rules dominated)
Survival: 96 rules added, 0 removed (from 96 candidates)
Updated sys_vals: [13.654, 13.66, 13.663, 13.664, 13.665, 13.666, 13.669, 13.671, 13.672, 13.673, 13.675, 13.676, 13.677, 13.678, 13.679, 13.68, 13.682, 13.683, 13.684, 13.685, 13.686, 13.688, 13.689, 13.69, 13.691, 13.692, 13.693, 13.694, 13.695, 13.696, 13.697, 13.698, 13.699, 13.7, 13.701, 13.703, 13.704, 13.705, 13.706, 13.707, 13.708, 13.709, 13.71, 13.711, 13.712, 13.713, 13.714, 13.715, 13.716, 13.717, 13.718, 13.719, 13.72, 13.721, 13.722, 13.723, 13.724, 13.725, 13.726, 13.727, 13.728, 13.729, 13.73, 13.731, 13.732, 13.733, 13.734, 13.735, 13.736, 13.737, 13.738, 13.739, 13.74, 13.741, 13.742, 13.743, 13.744, 13.745, 13.746, 13.747, 13.748, 13.749, 13.75, 13.751, 13.752, 13.753, 13.754, 13.755, 13.756, 13.757, 13.758, 13.759, 13.76, 13.761, 13.762, 13.763, 13.764, 13.765, 13.766, 13.767, 13.768, 13.769, 13.77, 13.771, 13.772, 13.773, 13.774, 13.775, 13.776, 13.777, 13.778, 13.779, 13.78, 13.781, 13.782, 13.783, 13.784, 13.785, 13.786, 13.787, 13.788, 13.789, 13.79, 13.791, 13.792, 13.793, 13.794, 13.795, 13.796, 13.797, 13.798, 13.799, 13.8, 13.836, 13.945]
---
Round: 83, Unk. prob.: 5.652e-01
Surv probs: 4.348e-01, Fail probs: 0.000e+00
No. of non-dominant rules: 8517, Survival rules: 8506, Failure rules: 11
Batch update: 96 rules added, 0 existing rules removed (0 new rules dominated)
Survival: 96 rules added, 0 removed (from 96 candidates)
Updated sys_vals: [13.654, 13.66, 13.663, 13.664, 13.665, 13.666, 13.669, 13.671, 13.672, 13.673, 13.675, 13.676, 13.677, 13.678, 13.679, 13.68, 13.682, 13.683, 13.684, 13.685, 13.686, 13.688, 13.689, 13.69, 13.691, 13.692, 13.693, 13.694, 13.695, 13.696, 13.697, 13.698, 13.699, 13.7, 13.701, 13.703, 13.704, 13.705, 13.706, 13.707, 13.708, 13.709, 13.71, 13.711, 13.712, 13.713, 13.714, 13.715, 13.716, 13.717, 13.718, 13.719, 13.72, 13.721, 13.722, 13.723, 13.724, 13.725, 13.726, 13.727, 13.728, 13.729, 13.73, 13.731, 13.732, 13.733, 13.734, 13.735, 13.736, 13.737, 13.738, 13.739, 13.74, 13.741, 13.742, 13.743, 13.744, 13.745, 13.746, 13.747, 13.748, 13.749, 13.75, 13.751, 13.752, 13.753, 13.754, 13.755, 13.756, 13.757, 13.758, 13.759, 13.76, 13.761, 13.762, 13.763, 13.764, 13.765, 13.766, 13.767, 13.768, 13.769, 13.77, 13.771, 13.772, 13.773, 13.774, 13.775, 13.776, 13.777, 13.778, 13.779, 13.78, 13.781, 13.782, 13.783, 13.784, 13.785, 13.786, 13.787, 13.788, 13.789, 13.79, 13.791, 13.792, 13.793, 13.794, 13.795, 13.796, 13.797, 13.798, 13.799, 13.8, 13.836, 13.945]
---
Round: 84, Unk. prob.: 5.624e-01
Surv probs: 4.376e-01, Fail probs: 2.000e-05
No. of non-dominant rules: 8613, Survival rules: 8602, Failure rules: 11
Batch update: 96 rules added, 0 existing rules removed (0 new rules dominated)
Survival: 96 rules added, 0 removed (from 96 candidates)
Updated sys_vals: [13.654, 13.66, 13.663, 13.664, 13.665, 13.666, 13.669, 13.671, 13.672, 13.673, 13.675, 13.676, 13.677, 13.678, 13.679, 13.68, 13.682, 13.683, 13.684, 13.685, 13.686, 13.688, 13.689, 13.69, 13.691, 13.692, 13.693, 13.694, 13.695, 13.696, 13.697, 13.698, 13.699, 13.7, 13.701, 13.703, 13.704, 13.705, 13.706, 13.707, 13.708, 13.709, 13.71, 13.711, 13.712, 13.713, 13.714, 13.715, 13.716, 13.717, 13.718, 13.719, 13.72, 13.721, 13.722, 13.723, 13.724, 13.725, 13.726, 13.727, 13.728, 13.729, 13.73, 13.731, 13.732, 13.733, 13.734, 13.735, 13.736, 13.737, 13.738, 13.739, 13.74, 13.741, 13.742, 13.743, 13.744, 13.745, 13.746, 13.747, 13.748, 13.749, 13.75, 13.751, 13.752, 13.753, 13.754, 13.755, 13.756, 13.757, 13.758, 13.759, 13.76, 13.761, 13.762, 13.763, 13.764, 13.765, 13.766, 13.767, 13.768, 13.769, 13.77, 13.771, 13.772, 13.773, 13.774, 13.775, 13.776, 13.777, 13.778, 13.779, 13.78, 13.781, 13.782, 13.783, 13.784, 13.785, 13.786, 13.787, 13.788, 13.789, 13.79, 13.791, 13.792, 13.793, 13.794, 13.795, 13.796, 13.797, 13.798, 13.799, 13.8, 13.836, 13.945]
---
Round: 85, Unk. prob.: 5.606e-01
Surv probs: 4.394e-01, Fail probs: 0.000e+00
No. of non-dominant rules: 8709, Survival rules: 8698, Failure rules: 11
Batch update: 96 rules added, 0 existing rules removed (0 new rules dominated)
Survival: 96 rules added, 0 removed (from 96 candidates)
Updated sys_vals: [13.654, 13.66, 13.663, 13.664, 13.665, 13.666, 13.669, 13.671, 13.672, 13.673, 13.675, 13.676, 13.677, 13.678, 13.679, 13.68, 13.682, 13.683, 13.684, 13.685, 13.686, 13.688, 13.689, 13.69, 13.691, 13.692, 13.693, 13.694, 13.695, 13.696, 13.697, 13.698, 13.699, 13.7, 13.701, 13.703, 13.704, 13.705, 13.706, 13.707, 13.708, 13.709, 13.71, 13.711, 13.712, 13.713, 13.714, 13.715, 13.716, 13.717, 13.718, 13.719, 13.72, 13.721, 13.722, 13.723, 13.724, 13.725, 13.726, 13.727, 13.728, 13.729, 13.73, 13.731, 13.732, 13.733, 13.734, 13.735, 13.736, 13.737, 13.738, 13.739, 13.74, 13.741, 13.742, 13.743, 13.744, 13.745, 13.746, 13.747, 13.748, 13.749, 13.75, 13.751, 13.752, 13.753, 13.754, 13.755, 13.756, 13.757, 13.758, 13.759, 13.76, 13.761, 13.762, 13.763, 13.764, 13.765, 13.766, 13.767, 13.768, 13.769, 13.77, 13.771, 13.772, 13.773, 13.774, 13.775, 13.776, 13.777, 13.778, 13.779, 13.78, 13.781, 13.782, 13.783, 13.784, 13.785, 13.786, 13.787, 13.788, 13.789, 13.79, 13.791, 13.792, 13.793, 13.794, 13.795, 13.796, 13.797, 13.798, 13.799, 13.8, 13.836, 13.945]
---
Round: 86, Unk. prob.: 5.572e-01
Surv probs: 4.428e-01, Fail probs: 2.000e-05
No. of non-dominant rules: 8805, Survival rules: 8794, Failure rules: 11
Batch update: 96 rules added, 0 existing rules removed (0 new rules dominated)
Survival: 96 rules added, 0 removed (from 96 candidates)
Updated sys_vals: [13.654, 13.66, 13.663, 13.664, 13.665, 13.666, 13.669, 13.671, 13.672, 13.673, 13.675, 13.676, 13.677, 13.678, 13.679, 13.68, 13.682, 13.683, 13.684, 13.685, 13.686, 13.688, 13.689, 13.69, 13.691, 13.692, 13.693, 13.694, 13.695, 13.696, 13.697, 13.698, 13.699, 13.7, 13.701, 13.703, 13.704, 13.705, 13.706, 13.707, 13.708, 13.709, 13.71, 13.711, 13.712, 13.713, 13.714, 13.715, 13.716, 13.717, 13.718, 13.719, 13.72, 13.721, 13.722, 13.723, 13.724, 13.725, 13.726, 13.727, 13.728, 13.729, 13.73, 13.731, 13.732, 13.733, 13.734, 13.735, 13.736, 13.737, 13.738, 13.739, 13.74, 13.741, 13.742, 13.743, 13.744, 13.745, 13.746, 13.747, 13.748, 13.749, 13.75, 13.751, 13.752, 13.753, 13.754, 13.755, 13.756, 13.757, 13.758, 13.759, 13.76, 13.761, 13.762, 13.763, 13.764, 13.765, 13.766, 13.767, 13.768, 13.769, 13.77, 13.771, 13.772, 13.773, 13.774, 13.775, 13.776, 13.777, 13.778, 13.779, 13.78, 13.781, 13.782, 13.783, 13.784, 13.785, 13.786, 13.787, 13.788, 13.789, 13.79, 13.791, 13.792, 13.793, 13.794, 13.795, 13.796, 13.797, 13.798, 13.799, 13.8, 13.836, 13.945]
---
Round: 87, Unk. prob.: 5.600e-01
Surv probs: 4.400e-01, Fail probs: 0.000e+00
No. of non-dominant rules: 8901, Survival rules: 8890, Failure rules: 11
Batch update: 96 rules added, 0 existing rules removed (0 new rules dominated)
Survival: 96 rules added, 0 removed (from 96 candidates)
Updated sys_vals: [13.654, 13.66, 13.663, 13.664, 13.665, 13.666, 13.669, 13.671, 13.672, 13.673, 13.675, 13.676, 13.677, 13.678, 13.679, 13.68, 13.682, 13.683, 13.684, 13.685, 13.686, 13.688, 13.689, 13.69, 13.691, 13.692, 13.693, 13.694, 13.695, 13.696, 13.697, 13.698, 13.699, 13.7, 13.701, 13.703, 13.704, 13.705, 13.706, 13.707, 13.708, 13.709, 13.71, 13.711, 13.712, 13.713, 13.714, 13.715, 13.716, 13.717, 13.718, 13.719, 13.72, 13.721, 13.722, 13.723, 13.724, 13.725, 13.726, 13.727, 13.728, 13.729, 13.73, 13.731, 13.732, 13.733, 13.734, 13.735, 13.736, 13.737, 13.738, 13.739, 13.74, 13.741, 13.742, 13.743, 13.744, 13.745, 13.746, 13.747, 13.748, 13.749, 13.75, 13.751, 13.752, 13.753, 13.754, 13.755, 13.756, 13.757, 13.758, 13.759, 13.76, 13.761, 13.762, 13.763, 13.764, 13.765, 13.766, 13.767, 13.768, 13.769, 13.77, 13.771, 13.772, 13.773, 13.774, 13.775, 13.776, 13.777, 13.778, 13.779, 13.78, 13.781, 13.782, 13.783, 13.784, 13.785, 13.786, 13.787, 13.788, 13.789, 13.79, 13.791, 13.792, 13.793, 13.794, 13.795, 13.796, 13.797, 13.798, 13.799, 13.8, 13.836, 13.945]
---
Round: 88, Unk. prob.: 5.602e-01
Surv probs: 4.398e-01, Fail probs: 0.000e+00
No. of non-dominant rules: 8997, Survival rules: 8986, Failure rules: 11
Batch update: 96 rules added, 0 existing rules removed (0 new rules dominated)
Survival: 96 rules added, 0 removed (from 96 candidates)
Updated sys_vals: [13.654, 13.66, 13.663, 13.664, 13.665, 13.666, 13.669, 13.671, 13.672, 13.673, 13.675, 13.676, 13.677, 13.678, 13.679, 13.68, 13.682, 13.683, 13.684, 13.685, 13.686, 13.688, 13.689, 13.69, 13.691, 13.692, 13.693, 13.694, 13.695, 13.696, 13.697, 13.698, 13.699, 13.7, 13.701, 13.703, 13.704, 13.705, 13.706, 13.707, 13.708, 13.709, 13.71, 13.711, 13.712, 13.713, 13.714, 13.715, 13.716, 13.717, 13.718, 13.719, 13.72, 13.721, 13.722, 13.723, 13.724, 13.725, 13.726, 13.727, 13.728, 13.729, 13.73, 13.731, 13.732, 13.733, 13.734, 13.735, 13.736, 13.737, 13.738, 13.739, 13.74, 13.741, 13.742, 13.743, 13.744, 13.745, 13.746, 13.747, 13.748, 13.749, 13.75, 13.751, 13.752, 13.753, 13.754, 13.755, 13.756, 13.757, 13.758, 13.759, 13.76, 13.761, 13.762, 13.763, 13.764, 13.765, 13.766, 13.767, 13.768, 13.769, 13.77, 13.771, 13.772, 13.773, 13.774, 13.775, 13.776, 13.777, 13.778, 13.779, 13.78, 13.781, 13.782, 13.783, 13.784, 13.785, 13.786, 13.787, 13.788, 13.789, 13.79, 13.791, 13.792, 13.793, 13.794, 13.795, 13.796, 13.797, 13.798, 13.799, 13.8, 13.836, 13.945]
---
Round: 89, Unk. prob.: 5.544e-01
Surv probs: 4.456e-01, Fail probs: 1.000e-05
No. of non-dominant rules: 9093, Survival rules: 9082, Failure rules: 11
Batch update: 96 rules added, 0 existing rules removed (0 new rules dominated)
Survival: 96 rules added, 0 removed (from 96 candidates)
Updated sys_vals: [13.654, 13.66, 13.663, 13.664, 13.665, 13.666, 13.669, 13.671, 13.672, 13.673, 13.675, 13.676, 13.677, 13.678, 13.679, 13.68, 13.682, 13.683, 13.684, 13.685, 13.686, 13.688, 13.689, 13.69, 13.691, 13.692, 13.693, 13.694, 13.695, 13.696, 13.697, 13.698, 13.699, 13.7, 13.701, 13.703, 13.704, 13.705, 13.706, 13.707, 13.708, 13.709, 13.71, 13.711, 13.712, 13.713, 13.714, 13.715, 13.716, 13.717, 13.718, 13.719, 13.72, 13.721, 13.722, 13.723, 13.724, 13.725, 13.726, 13.727, 13.728, 13.729, 13.73, 13.731, 13.732, 13.733, 13.734, 13.735, 13.736, 13.737, 13.738, 13.739, 13.74, 13.741, 13.742, 13.743, 13.744, 13.745, 13.746, 13.747, 13.748, 13.749, 13.75, 13.751, 13.752, 13.753, 13.754, 13.755, 13.756, 13.757, 13.758, 13.759, 13.76, 13.761, 13.762, 13.763, 13.764, 13.765, 13.766, 13.767, 13.768, 13.769, 13.77, 13.771, 13.772, 13.773, 13.774, 13.775, 13.776, 13.777, 13.778, 13.779, 13.78, 13.781, 13.782, 13.783, 13.784, 13.785, 13.786, 13.787, 13.788, 13.789, 13.79, 13.791, 13.792, 13.793, 13.794, 13.795, 13.796, 13.797, 13.798, 13.799, 13.8, 13.836, 13.945]
---
Round: 90, Unk. prob.: 5.563e-01
Surv probs: 4.437e-01, Fail probs: 0.000e+00
No. of non-dominant rules: 9189, Survival rules: 9178, Failure rules: 11
Batch update: 96 rules added, 0 existing rules removed (0 new rules dominated)
Survival: 96 rules added, 0 removed (from 96 candidates)
Updated sys_vals: [13.654, 13.659, 13.66, 13.663, 13.664, 13.665, 13.666, 13.669, 13.671, 13.672, 13.673, 13.675, 13.676, 13.677, 13.678, 13.679, 13.68, 13.682, 13.683, 13.684, 13.685, 13.686, 13.688, 13.689, 13.69, 13.691, 13.692, 13.693, 13.694, 13.695, 13.696, 13.697, 13.698, 13.699, 13.7, 13.701, 13.703, 13.704, 13.705, 13.706, 13.707, 13.708, 13.709, 13.71, 13.711, 13.712, 13.713, 13.714, 13.715, 13.716, 13.717, 13.718, 13.719, 13.72, 13.721, 13.722, 13.723, 13.724, 13.725, 13.726, 13.727, 13.728, 13.729, 13.73, 13.731, 13.732, 13.733, 13.734, 13.735, 13.736, 13.737, 13.738, 13.739, 13.74, 13.741, 13.742, 13.743, 13.744, 13.745, 13.746, 13.747, 13.748, 13.749, 13.75, 13.751, 13.752, 13.753, 13.754, 13.755, 13.756, 13.757, 13.758, 13.759, 13.76, 13.761, 13.762, 13.763, 13.764, 13.765, 13.766, 13.767, 13.768, 13.769, 13.77, 13.771, 13.772, 13.773, 13.774, 13.775, 13.776, 13.777, 13.778, 13.779, 13.78, 13.781, 13.782, 13.783, 13.784, 13.785, 13.786, 13.787, 13.788, 13.789, 13.79, 13.791, 13.792, 13.793, 13.794, 13.795, 13.796, 13.797, 13.798, 13.799, 13.8, 13.836, 13.945]
---
Round: 91, Unk. prob.: 5.550e-01
Surv probs: 4.450e-01, Fail probs: 0.000e+00
No. of non-dominant rules: 9285, Survival rules: 9274, Failure rules: 11
Batch update: 96 rules added, 0 existing rules removed (0 new rules dominated)
Survival: 96 rules added, 0 removed (from 96 candidates)
Updated sys_vals: [13.654, 13.659, 13.66, 13.663, 13.664, 13.665, 13.666, 13.669, 13.671, 13.672, 13.673, 13.675, 13.676, 13.677, 13.678, 13.679, 13.68, 13.682, 13.683, 13.684, 13.685, 13.686, 13.688, 13.689, 13.69, 13.691, 13.692, 13.693, 13.694, 13.695, 13.696, 13.697, 13.698, 13.699, 13.7, 13.701, 13.703, 13.704, 13.705, 13.706, 13.707, 13.708, 13.709, 13.71, 13.711, 13.712, 13.713, 13.714, 13.715, 13.716, 13.717, 13.718, 13.719, 13.72, 13.721, 13.722, 13.723, 13.724, 13.725, 13.726, 13.727, 13.728, 13.729, 13.73, 13.731, 13.732, 13.733, 13.734, 13.735, 13.736, 13.737, 13.738, 13.739, 13.74, 13.741, 13.742, 13.743, 13.744, 13.745, 13.746, 13.747, 13.748, 13.749, 13.75, 13.751, 13.752, 13.753, 13.754, 13.755, 13.756, 13.757, 13.758, 13.759, 13.76, 13.761, 13.762, 13.763, 13.764, 13.765, 13.766, 13.767, 13.768, 13.769, 13.77, 13.771, 13.772, 13.773, 13.774, 13.775, 13.776, 13.777, 13.778, 13.779, 13.78, 13.781, 13.782, 13.783, 13.784, 13.785, 13.786, 13.787, 13.788, 13.789, 13.79, 13.791, 13.792, 13.793, 13.794, 13.795, 13.796, 13.797, 13.798, 13.799, 13.8, 13.836, 13.945]
---
Round: 92, Unk. prob.: 5.567e-01
Surv probs: 4.432e-01, Fail probs: 3.000e-05
No. of non-dominant rules: 9381, Survival rules: 9370, Failure rules: 11
Batch update: 96 rules added, 0 existing rules removed (0 new rules dominated)
Survival: 96 rules added, 0 removed (from 96 candidates)
Updated sys_vals: [13.654, 13.659, 13.66, 13.663, 13.664, 13.665, 13.666, 13.669, 13.671, 13.672, 13.673, 13.675, 13.676, 13.677, 13.678, 13.679, 13.68, 13.682, 13.683, 13.684, 13.685, 13.686, 13.688, 13.689, 13.69, 13.691, 13.692, 13.693, 13.694, 13.695, 13.696, 13.697, 13.698, 13.699, 13.7, 13.701, 13.703, 13.704, 13.705, 13.706, 13.707, 13.708, 13.709, 13.71, 13.711, 13.712, 13.713, 13.714, 13.715, 13.716, 13.717, 13.718, 13.719, 13.72, 13.721, 13.722, 13.723, 13.724, 13.725, 13.726, 13.727, 13.728, 13.729, 13.73, 13.731, 13.732, 13.733, 13.734, 13.735, 13.736, 13.737, 13.738, 13.739, 13.74, 13.741, 13.742, 13.743, 13.744, 13.745, 13.746, 13.747, 13.748, 13.749, 13.75, 13.751, 13.752, 13.753, 13.754, 13.755, 13.756, 13.757, 13.758, 13.759, 13.76, 13.761, 13.762, 13.763, 13.764, 13.765, 13.766, 13.767, 13.768, 13.769, 13.77, 13.771, 13.772, 13.773, 13.774, 13.775, 13.776, 13.777, 13.778, 13.779, 13.78, 13.781, 13.782, 13.783, 13.784, 13.785, 13.786, 13.787, 13.788, 13.789, 13.79, 13.791, 13.792, 13.793, 13.794, 13.795, 13.796, 13.797, 13.798, 13.799, 13.8, 13.836, 13.945]
---
Round: 93, Unk. prob.: 5.515e-01
Surv probs: 4.485e-01, Fail probs: 1.000e-05
No. of non-dominant rules: 9477, Survival rules: 9466, Failure rules: 11
Batch update: 96 rules added, 0 existing rules removed (0 new rules dominated)
Survival: 96 rules added, 0 removed (from 96 candidates)
Updated sys_vals: [13.654, 13.659, 13.66, 13.663, 13.664, 13.665, 13.666, 13.669, 13.671, 13.672, 13.673, 13.675, 13.676, 13.677, 13.678, 13.679, 13.68, 13.682, 13.683, 13.684, 13.685, 13.686, 13.688, 13.689, 13.69, 13.691, 13.692, 13.693, 13.694, 13.695, 13.696, 13.697, 13.698, 13.699, 13.7, 13.701, 13.703, 13.704, 13.705, 13.706, 13.707, 13.708, 13.709, 13.71, 13.711, 13.712, 13.713, 13.714, 13.715, 13.716, 13.717, 13.718, 13.719, 13.72, 13.721, 13.722, 13.723, 13.724, 13.725, 13.726, 13.727, 13.728, 13.729, 13.73, 13.731, 13.732, 13.733, 13.734, 13.735, 13.736, 13.737, 13.738, 13.739, 13.74, 13.741, 13.742, 13.743, 13.744, 13.745, 13.746, 13.747, 13.748, 13.749, 13.75, 13.751, 13.752, 13.753, 13.754, 13.755, 13.756, 13.757, 13.758, 13.759, 13.76, 13.761, 13.762, 13.763, 13.764, 13.765, 13.766, 13.767, 13.768, 13.769, 13.77, 13.771, 13.772, 13.773, 13.774, 13.775, 13.776, 13.777, 13.778, 13.779, 13.78, 13.781, 13.782, 13.783, 13.784, 13.785, 13.786, 13.787, 13.788, 13.789, 13.79, 13.791, 13.792, 13.793, 13.794, 13.795, 13.796, 13.797, 13.798, 13.799, 13.8, 13.836, 13.945]
---
Round: 94, Unk. prob.: 5.495e-01
Surv probs: 4.505e-01, Fail probs: 0.000e+00
No. of non-dominant rules: 9573, Survival rules: 9562, Failure rules: 11
Batch update: 96 rules added, 0 existing rules removed (0 new rules dominated)
Survival: 96 rules added, 0 removed (from 96 candidates)
Updated sys_vals: [13.654, 13.659, 13.66, 13.663, 13.664, 13.665, 13.666, 13.669, 13.671, 13.672, 13.673, 13.675, 13.676, 13.677, 13.678, 13.679, 13.68, 13.682, 13.683, 13.684, 13.685, 13.686, 13.688, 13.689, 13.69, 13.691, 13.692, 13.693, 13.694, 13.695, 13.696, 13.697, 13.698, 13.699, 13.7, 13.701, 13.703, 13.704, 13.705, 13.706, 13.707, 13.708, 13.709, 13.71, 13.711, 13.712, 13.713, 13.714, 13.715, 13.716, 13.717, 13.718, 13.719, 13.72, 13.721, 13.722, 13.723, 13.724, 13.725, 13.726, 13.727, 13.728, 13.729, 13.73, 13.731, 13.732, 13.733, 13.734, 13.735, 13.736, 13.737, 13.738, 13.739, 13.74, 13.741, 13.742, 13.743, 13.744, 13.745, 13.746, 13.747, 13.748, 13.749, 13.75, 13.751, 13.752, 13.753, 13.754, 13.755, 13.756, 13.757, 13.758, 13.759, 13.76, 13.761, 13.762, 13.763, 13.764, 13.765, 13.766, 13.767, 13.768, 13.769, 13.77, 13.771, 13.772, 13.773, 13.774, 13.775, 13.776, 13.777, 13.778, 13.779, 13.78, 13.781, 13.782, 13.783, 13.784, 13.785, 13.786, 13.787, 13.788, 13.789, 13.79, 13.791, 13.792, 13.793, 13.794, 13.795, 13.796, 13.797, 13.798, 13.799, 13.8, 13.836, 13.945]
---
Round: 95, Unk. prob.: 5.496e-01
Surv probs: 4.504e-01, Fail probs: 1.000e-05
No. of non-dominant rules: 9669, Survival rules: 9658, Failure rules: 11
Batch update: 96 rules added, 0 existing rules removed (0 new rules dominated)
Survival: 96 rules added, 0 removed (from 96 candidates)
Updated sys_vals: [13.654, 13.659, 13.66, 13.663, 13.664, 13.665, 13.666, 13.669, 13.671, 13.672, 13.673, 13.675, 13.676, 13.677, 13.678, 13.679, 13.68, 13.682, 13.683, 13.684, 13.685, 13.686, 13.687, 13.688, 13.689, 13.69, 13.691, 13.692, 13.693, 13.694, 13.695, 13.696, 13.697, 13.698, 13.699, 13.7, 13.701, 13.703, 13.704, 13.705, 13.706, 13.707, 13.708, 13.709, 13.71, 13.711, 13.712, 13.713, 13.714, 13.715, 13.716, 13.717, 13.718, 13.719, 13.72, 13.721, 13.722, 13.723, 13.724, 13.725, 13.726, 13.727, 13.728, 13.729, 13.73, 13.731, 13.732, 13.733, 13.734, 13.735, 13.736, 13.737, 13.738, 13.739, 13.74, 13.741, 13.742, 13.743, 13.744, 13.745, 13.746, 13.747, 13.748, 13.749, 13.75, 13.751, 13.752, 13.753, 13.754, 13.755, 13.756, 13.757, 13.758, 13.759, 13.76, 13.761, 13.762, 13.763, 13.764, 13.765, 13.766, 13.767, 13.768, 13.769, 13.77, 13.771, 13.772, 13.773, 13.774, 13.775, 13.776, 13.777, 13.778, 13.779, 13.78, 13.781, 13.782, 13.783, 13.784, 13.785, 13.786, 13.787, 13.788, 13.789, 13.79, 13.791, 13.792, 13.793, 13.794, 13.795, 13.796, 13.797, 13.798, 13.799, 13.8, 13.836, 13.945]
---
Round: 96, Unk. prob.: 5.469e-01
Surv probs: 4.530e-01, Fail probs: 3.000e-05
No. of non-dominant rules: 9765, Survival rules: 9754, Failure rules: 11
Batch update: 96 rules added, 0 existing rules removed (0 new rules dominated)
Survival: 96 rules added, 0 removed (from 96 candidates)
Updated sys_vals: [13.654, 13.659, 13.66, 13.663, 13.664, 13.665, 13.666, 13.669, 13.671, 13.672, 13.673, 13.675, 13.676, 13.677, 13.678, 13.679, 13.68, 13.682, 13.683, 13.684, 13.685, 13.686, 13.687, 13.688, 13.689, 13.69, 13.691, 13.692, 13.693, 13.694, 13.695, 13.696, 13.697, 13.698, 13.699, 13.7, 13.701, 13.703, 13.704, 13.705, 13.706, 13.707, 13.708, 13.709, 13.71, 13.711, 13.712, 13.713, 13.714, 13.715, 13.716, 13.717, 13.718, 13.719, 13.72, 13.721, 13.722, 13.723, 13.724, 13.725, 13.726, 13.727, 13.728, 13.729, 13.73, 13.731, 13.732, 13.733, 13.734, 13.735, 13.736, 13.737, 13.738, 13.739, 13.74, 13.741, 13.742, 13.743, 13.744, 13.745, 13.746, 13.747, 13.748, 13.749, 13.75, 13.751, 13.752, 13.753, 13.754, 13.755, 13.756, 13.757, 13.758, 13.759, 13.76, 13.761, 13.762, 13.763, 13.764, 13.765, 13.766, 13.767, 13.768, 13.769, 13.77, 13.771, 13.772, 13.773, 13.774, 13.775, 13.776, 13.777, 13.778, 13.779, 13.78, 13.781, 13.782, 13.783, 13.784, 13.785, 13.786, 13.787, 13.788, 13.789, 13.79, 13.791, 13.792, 13.793, 13.794, 13.795, 13.796, 13.797, 13.798, 13.799, 13.8, 13.836, 13.945]
---
Round: 97, Unk. prob.: 5.440e-01
Surv probs: 4.560e-01, Fail probs: 1.000e-05
No. of non-dominant rules: 9861, Survival rules: 9850, Failure rules: 11
Batch update: 96 rules added, 0 existing rules removed (0 new rules dominated)
Survival: 96 rules added, 0 removed (from 96 candidates)
Updated sys_vals: [13.654, 13.659, 13.66, 13.663, 13.664, 13.665, 13.666, 13.669, 13.671, 13.672, 13.673, 13.675, 13.676, 13.677, 13.678, 13.679, 13.68, 13.682, 13.683, 13.684, 13.685, 13.686, 13.687, 13.688, 13.689, 13.69, 13.691, 13.692, 13.693, 13.694, 13.695, 13.696, 13.697, 13.698, 13.699, 13.7, 13.701, 13.703, 13.704, 13.705, 13.706, 13.707, 13.708, 13.709, 13.71, 13.711, 13.712, 13.713, 13.714, 13.715, 13.716, 13.717, 13.718, 13.719, 13.72, 13.721, 13.722, 13.723, 13.724, 13.725, 13.726, 13.727, 13.728, 13.729, 13.73, 13.731, 13.732, 13.733, 13.734, 13.735, 13.736, 13.737, 13.738, 13.739, 13.74, 13.741, 13.742, 13.743, 13.744, 13.745, 13.746, 13.747, 13.748, 13.749, 13.75, 13.751, 13.752, 13.753, 13.754, 13.755, 13.756, 13.757, 13.758, 13.759, 13.76, 13.761, 13.762, 13.763, 13.764, 13.765, 13.766, 13.767, 13.768, 13.769, 13.77, 13.771, 13.772, 13.773, 13.774, 13.775, 13.776, 13.777, 13.778, 13.779, 13.78, 13.781, 13.782, 13.783, 13.784, 13.785, 13.786, 13.787, 13.788, 13.789, 13.79, 13.791, 13.792, 13.793, 13.794, 13.795, 13.796, 13.797, 13.798, 13.799, 13.8, 13.836, 13.945]
---
Round: 98, Unk. prob.: 5.435e-01
Surv probs: 4.565e-01, Fail probs: 0.000e+00
No. of non-dominant rules: 9957, Survival rules: 9946, Failure rules: 11
Batch update: 96 rules added, 0 existing rules removed (0 new rules dominated)
Survival: 96 rules added, 0 removed (from 96 candidates)
Updated sys_vals: [13.654, 13.659, 13.66, 13.663, 13.664, 13.665, 13.666, 13.669, 13.671, 13.672, 13.673, 13.675, 13.676, 13.677, 13.678, 13.679, 13.68, 13.682, 13.683, 13.684, 13.685, 13.686, 13.687, 13.688, 13.689, 13.69, 13.691, 13.692, 13.693, 13.694, 13.695, 13.696, 13.697, 13.698, 13.699, 13.7, 13.701, 13.703, 13.704, 13.705, 13.706, 13.707, 13.708, 13.709, 13.71, 13.711, 13.712, 13.713, 13.714, 13.715, 13.716, 13.717, 13.718, 13.719, 13.72, 13.721, 13.722, 13.723, 13.724, 13.725, 13.726, 13.727, 13.728, 13.729, 13.73, 13.731, 13.732, 13.733, 13.734, 13.735, 13.736, 13.737, 13.738, 13.739, 13.74, 13.741, 13.742, 13.743, 13.744, 13.745, 13.746, 13.747, 13.748, 13.749, 13.75, 13.751, 13.752, 13.753, 13.754, 13.755, 13.756, 13.757, 13.758, 13.759, 13.76, 13.761, 13.762, 13.763, 13.764, 13.765, 13.766, 13.767, 13.768, 13.769, 13.77, 13.771, 13.772, 13.773, 13.774, 13.775, 13.776, 13.777, 13.778, 13.779, 13.78, 13.781, 13.782, 13.783, 13.784, 13.785, 13.786, 13.787, 13.788, 13.789, 13.79, 13.791, 13.792, 13.793, 13.794, 13.795, 13.796, 13.797, 13.798, 13.799, 13.8, 13.836, 13.945]
---
Round: 99, Unk. prob.: 5.428e-01
Surv probs: 4.572e-01, Fail probs: 0.000e+00
No. of non-dominant rules: 10053, Survival rules: 10042, Failure rules: 11
Batch update: 96 rules added, 0 existing rules removed (0 new rules dominated)
Survival: 96 rules added, 0 removed (from 96 candidates)
Updated sys_vals: [13.654, 13.659, 13.66, 13.663, 13.664, 13.665, 13.666, 13.669, 13.671, 13.672, 13.673, 13.675, 13.676, 13.677, 13.678, 13.679, 13.68, 13.682, 13.683, 13.684, 13.685, 13.686, 13.687, 13.688, 13.689, 13.69, 13.691, 13.692, 13.693, 13.694, 13.695, 13.696, 13.697, 13.698, 13.699, 13.7, 13.701, 13.703, 13.704, 13.705, 13.706, 13.707, 13.708, 13.709, 13.71, 13.711, 13.712, 13.713, 13.714, 13.715, 13.716, 13.717, 13.718, 13.719, 13.72, 13.721, 13.722, 13.723, 13.724, 13.725, 13.726, 13.727, 13.728, 13.729, 13.73, 13.731, 13.732, 13.733, 13.734, 13.735, 13.736, 13.737, 13.738, 13.739, 13.74, 13.741, 13.742, 13.743, 13.744, 13.745, 13.746, 13.747, 13.748, 13.749, 13.75, 13.751, 13.752, 13.753, 13.754, 13.755, 13.756, 13.757, 13.758, 13.759, 13.76, 13.761, 13.762, 13.763, 13.764, 13.765, 13.766, 13.767, 13.768, 13.769, 13.77, 13.771, 13.772, 13.773, 13.774, 13.775, 13.776, 13.777, 13.778, 13.779, 13.78, 13.781, 13.782, 13.783, 13.784, 13.785, 13.786, 13.787, 13.788, 13.789, 13.79, 13.791, 13.792, 13.793, 13.794, 13.795, 13.796, 13.797, 13.798, 13.799, 13.8, 13.836, 13.945]
---
Round: 100, Unk. prob.: 5.425e-01
Surv probs: 4.575e-01, Fail probs: 2.000e-05
No. of non-dominant rules: 10149, Survival rules: 10138, Failure rules: 11
Batch update: 96 rules added, 0 existing rules removed (0 new rules dominated)
Survival: 96 rules added, 0 removed (from 96 candidates)
Updated sys_vals: [13.654, 13.659, 13.66, 13.663, 13.664, 13.665, 13.666, 13.669, 13.671, 13.672, 13.673, 13.675, 13.676, 13.677, 13.678, 13.679, 13.68, 13.682, 13.683, 13.684, 13.685, 13.686, 13.687, 13.688, 13.689, 13.69, 13.691, 13.692, 13.693, 13.694, 13.695, 13.696, 13.697, 13.698, 13.699, 13.7, 13.701, 13.703, 13.704, 13.705, 13.706, 13.707, 13.708, 13.709, 13.71, 13.711, 13.712, 13.713, 13.714, 13.715, 13.716, 13.717, 13.718, 13.719, 13.72, 13.721, 13.722, 13.723, 13.724, 13.725, 13.726, 13.727, 13.728, 13.729, 13.73, 13.731, 13.732, 13.733, 13.734, 13.735, 13.736, 13.737, 13.738, 13.739, 13.74, 13.741, 13.742, 13.743, 13.744, 13.745, 13.746, 13.747, 13.748, 13.749, 13.75, 13.751, 13.752, 13.753, 13.754, 13.755, 13.756, 13.757, 13.758, 13.759, 13.76, 13.761, 13.762, 13.763, 13.764, 13.765, 13.766, 13.767, 13.768, 13.769, 13.77, 13.771, 13.772, 13.773, 13.774, 13.775, 13.776, 13.777, 13.778, 13.779, 13.78, 13.781, 13.782, 13.783, 13.784, 13.785, 13.786, 13.787, 13.788, 13.789, 13.79, 13.791, 13.792, 13.793, 13.794, 13.795, 13.796, 13.797, 13.798, 13.799, 13.8, 13.836, 13.945]
---
Round: 101, Unk. prob.: 5.413e-01
Surv probs: 4.587e-01, Fail probs: 1.000e-05
No. of non-dominant rules: 10245, Survival rules: 10234, Failure rules: 11
Batch update: 96 rules added, 0 existing rules removed (0 new rules dominated)
Survival: 96 rules added, 0 removed (from 96 candidates)
Updated sys_vals: [13.654, 13.659, 13.66, 13.663, 13.664, 13.665, 13.666, 13.669, 13.671, 13.672, 13.673, 13.675, 13.676, 13.677, 13.678, 13.679, 13.68, 13.682, 13.683, 13.684, 13.685, 13.686, 13.687, 13.688, 13.689, 13.69, 13.691, 13.692, 13.693, 13.694, 13.695, 13.696, 13.697, 13.698, 13.699, 13.7, 13.701, 13.703, 13.704, 13.705, 13.706, 13.707, 13.708, 13.709, 13.71, 13.711, 13.712, 13.713, 13.714, 13.715, 13.716, 13.717, 13.718, 13.719, 13.72, 13.721, 13.722, 13.723, 13.724, 13.725, 13.726, 13.727, 13.728, 13.729, 13.73, 13.731, 13.732, 13.733, 13.734, 13.735, 13.736, 13.737, 13.738, 13.739, 13.74, 13.741, 13.742, 13.743, 13.744, 13.745, 13.746, 13.747, 13.748, 13.749, 13.75, 13.751, 13.752, 13.753, 13.754, 13.755, 13.756, 13.757, 13.758, 13.759, 13.76, 13.761, 13.762, 13.763, 13.764, 13.765, 13.766, 13.767, 13.768, 13.769, 13.77, 13.771, 13.772, 13.773, 13.774, 13.775, 13.776, 13.777, 13.778, 13.779, 13.78, 13.781, 13.782, 13.783, 13.784, 13.785, 13.786, 13.787, 13.788, 13.789, 13.79, 13.791, 13.792, 13.793, 13.794, 13.795, 13.796, 13.797, 13.798, 13.799, 13.8, 13.836, 13.945]
---
Round: 102, Unk. prob.: 5.411e-01
Surv probs: 4.589e-01, Fail probs: 1.000e-05
No. of non-dominant rules: 10341, Survival rules: 10330, Failure rules: 11
Batch update: 96 rules added, 0 existing rules removed (0 new rules dominated)
Survival: 96 rules added, 0 removed (from 96 candidates)
Updated sys_vals: [13.654, 13.659, 13.66, 13.663, 13.664, 13.665, 13.666, 13.669, 13.671, 13.672, 13.673, 13.675, 13.676, 13.677, 13.678, 13.679, 13.68, 13.682, 13.683, 13.684, 13.685, 13.686, 13.687, 13.688, 13.689, 13.69, 13.691, 13.692, 13.693, 13.694, 13.695, 13.696, 13.697, 13.698, 13.699, 13.7, 13.701, 13.703, 13.704, 13.705, 13.706, 13.707, 13.708, 13.709, 13.71, 13.711, 13.712, 13.713, 13.714, 13.715, 13.716, 13.717, 13.718, 13.719, 13.72, 13.721, 13.722, 13.723, 13.724, 13.725, 13.726, 13.727, 13.728, 13.729, 13.73, 13.731, 13.732, 13.733, 13.734, 13.735, 13.736, 13.737, 13.738, 13.739, 13.74, 13.741, 13.742, 13.743, 13.744, 13.745, 13.746, 13.747, 13.748, 13.749, 13.75, 13.751, 13.752, 13.753, 13.754, 13.755, 13.756, 13.757, 13.758, 13.759, 13.76, 13.761, 13.762, 13.763, 13.764, 13.765, 13.766, 13.767, 13.768, 13.769, 13.77, 13.771, 13.772, 13.773, 13.774, 13.775, 13.776, 13.777, 13.778, 13.779, 13.78, 13.781, 13.782, 13.783, 13.784, 13.785, 13.786, 13.787, 13.788, 13.789, 13.79, 13.791, 13.792, 13.793, 13.794, 13.795, 13.796, 13.797, 13.798, 13.799, 13.8, 13.836, 13.945]
---
Round: 103, Unk. prob.: 5.389e-01
Surv probs: 4.611e-01, Fail probs: 0.000e+00
No. of non-dominant rules: 10437, Survival rules: 10426, Failure rules: 11
Batch update: 96 rules added, 0 existing rules removed (0 new rules dominated)
Survival: 96 rules added, 0 removed (from 96 candidates)
Updated sys_vals: [13.654, 13.659, 13.66, 13.663, 13.664, 13.665, 13.666, 13.669, 13.671, 13.672, 13.673, 13.675, 13.676, 13.677, 13.678, 13.679, 13.68, 13.682, 13.683, 13.684, 13.685, 13.686, 13.687, 13.688, 13.689, 13.69, 13.691, 13.692, 13.693, 13.694, 13.695, 13.696, 13.697, 13.698, 13.699, 13.7, 13.701, 13.703, 13.704, 13.705, 13.706, 13.707, 13.708, 13.709, 13.71, 13.711, 13.712, 13.713, 13.714, 13.715, 13.716, 13.717, 13.718, 13.719, 13.72, 13.721, 13.722, 13.723, 13.724, 13.725, 13.726, 13.727, 13.728, 13.729, 13.73, 13.731, 13.732, 13.733, 13.734, 13.735, 13.736, 13.737, 13.738, 13.739, 13.74, 13.741, 13.742, 13.743, 13.744, 13.745, 13.746, 13.747, 13.748, 13.749, 13.75, 13.751, 13.752, 13.753, 13.754, 13.755, 13.756, 13.757, 13.758, 13.759, 13.76, 13.761, 13.762, 13.763, 13.764, 13.765, 13.766, 13.767, 13.768, 13.769, 13.77, 13.771, 13.772, 13.773, 13.774, 13.775, 13.776, 13.777, 13.778, 13.779, 13.78, 13.781, 13.782, 13.783, 13.784, 13.785, 13.786, 13.787, 13.788, 13.789, 13.79, 13.791, 13.792, 13.793, 13.794, 13.795, 13.796, 13.797, 13.798, 13.799, 13.8, 13.836, 13.945]
---
Round: 104, Unk. prob.: 5.343e-01
Surv probs: 4.656e-01, Fail probs: 1.000e-05
No. of non-dominant rules: 10533, Survival rules: 10522, Failure rules: 11
Batch update: 96 rules added, 0 existing rules removed (0 new rules dominated)
Survival: 96 rules added, 0 removed (from 96 candidates)
Updated sys_vals: [13.654, 13.659, 13.66, 13.663, 13.664, 13.665, 13.666, 13.669, 13.671, 13.672, 13.673, 13.675, 13.676, 13.677, 13.678, 13.679, 13.68, 13.682, 13.683, 13.684, 13.685, 13.686, 13.687, 13.688, 13.689, 13.69, 13.691, 13.692, 13.693, 13.694, 13.695, 13.696, 13.697, 13.698, 13.699, 13.7, 13.701, 13.703, 13.704, 13.705, 13.706, 13.707, 13.708, 13.709, 13.71, 13.711, 13.712, 13.713, 13.714, 13.715, 13.716, 13.717, 13.718, 13.719, 13.72, 13.721, 13.722, 13.723, 13.724, 13.725, 13.726, 13.727, 13.728, 13.729, 13.73, 13.731, 13.732, 13.733, 13.734, 13.735, 13.736, 13.737, 13.738, 13.739, 13.74, 13.741, 13.742, 13.743, 13.744, 13.745, 13.746, 13.747, 13.748, 13.749, 13.75, 13.751, 13.752, 13.753, 13.754, 13.755, 13.756, 13.757, 13.758, 13.759, 13.76, 13.761, 13.762, 13.763, 13.764, 13.765, 13.766, 13.767, 13.768, 13.769, 13.77, 13.771, 13.772, 13.773, 13.774, 13.775, 13.776, 13.777, 13.778, 13.779, 13.78, 13.781, 13.782, 13.783, 13.784, 13.785, 13.786, 13.787, 13.788, 13.789, 13.79, 13.791, 13.792, 13.793, 13.794, 13.795, 13.796, 13.797, 13.798, 13.799, 13.8, 13.836, 13.945]
---
Round: 105, Unk. prob.: 5.368e-01
Surv probs: 4.632e-01, Fail probs: 1.000e-05
No. of non-dominant rules: 10629, Survival rules: 10618, Failure rules: 11
Batch update: 96 rules added, 0 existing rules removed (0 new rules dominated)
Survival: 96 rules added, 0 removed (from 96 candidates)
Updated sys_vals: [13.654, 13.659, 13.66, 13.663, 13.664, 13.665, 13.666, 13.669, 13.67, 13.671, 13.672, 13.673, 13.675, 13.676, 13.677, 13.678, 13.679, 13.68, 13.682, 13.683, 13.684, 13.685, 13.686, 13.687, 13.688, 13.689, 13.69, 13.691, 13.692, 13.693, 13.694, 13.695, 13.696, 13.697, 13.698, 13.699, 13.7, 13.701, 13.703, 13.704, 13.705, 13.706, 13.707, 13.708, 13.709, 13.71, 13.711, 13.712, 13.713, 13.714, 13.715, 13.716, 13.717, 13.718, 13.719, 13.72, 13.721, 13.722, 13.723, 13.724, 13.725, 13.726, 13.727, 13.728, 13.729, 13.73, 13.731, 13.732, 13.733, 13.734, 13.735, 13.736, 13.737, 13.738, 13.739, 13.74, 13.741, 13.742, 13.743, 13.744, 13.745, 13.746, 13.747, 13.748, 13.749, 13.75, 13.751, 13.752, 13.753, 13.754, 13.755, 13.756, 13.757, 13.758, 13.759, 13.76, 13.761, 13.762, 13.763, 13.764, 13.765, 13.766, 13.767, 13.768, 13.769, 13.77, 13.771, 13.772, 13.773, 13.774, 13.775, 13.776, 13.777, 13.778, 13.779, 13.78, 13.781, 13.782, 13.783, 13.784, 13.785, 13.786, 13.787, 13.788, 13.789, 13.79, 13.791, 13.792, 13.793, 13.794, 13.795, 13.796, 13.797, 13.798, 13.799, 13.8, 13.836, 13.945]
---
Round: 106, Unk. prob.: 5.355e-01
Surv probs: 4.644e-01, Fail probs: 2.000e-05
No. of non-dominant rules: 10725, Survival rules: 10714, Failure rules: 11
Batch update: 96 rules added, 0 existing rules removed (0 new rules dominated)
Survival: 96 rules added, 0 removed (from 96 candidates)
Updated sys_vals: [13.654, 13.659, 13.66, 13.663, 13.664, 13.665, 13.666, 13.669, 13.67, 13.671, 13.672, 13.673, 13.675, 13.676, 13.677, 13.678, 13.679, 13.68, 13.682, 13.683, 13.684, 13.685, 13.686, 13.687, 13.688, 13.689, 13.69, 13.691, 13.692, 13.693, 13.694, 13.695, 13.696, 13.697, 13.698, 13.699, 13.7, 13.701, 13.703, 13.704, 13.705, 13.706, 13.707, 13.708, 13.709, 13.71, 13.711, 13.712, 13.713, 13.714, 13.715, 13.716, 13.717, 13.718, 13.719, 13.72, 13.721, 13.722, 13.723, 13.724, 13.725, 13.726, 13.727, 13.728, 13.729, 13.73, 13.731, 13.732, 13.733, 13.734, 13.735, 13.736, 13.737, 13.738, 13.739, 13.74, 13.741, 13.742, 13.743, 13.744, 13.745, 13.746, 13.747, 13.748, 13.749, 13.75, 13.751, 13.752, 13.753, 13.754, 13.755, 13.756, 13.757, 13.758, 13.759, 13.76, 13.761, 13.762, 13.763, 13.764, 13.765, 13.766, 13.767, 13.768, 13.769, 13.77, 13.771, 13.772, 13.773, 13.774, 13.775, 13.776, 13.777, 13.778, 13.779, 13.78, 13.781, 13.782, 13.783, 13.784, 13.785, 13.786, 13.787, 13.788, 13.789, 13.79, 13.791, 13.792, 13.793, 13.794, 13.795, 13.796, 13.797, 13.798, 13.799, 13.8, 13.836, 13.945]
---
Round: 107, Unk. prob.: 5.355e-01
Surv probs: 4.645e-01, Fail probs: 1.000e-05
No. of non-dominant rules: 10821, Survival rules: 10810, Failure rules: 11
Batch update: 96 rules added, 0 existing rules removed (0 new rules dominated)
Survival: 96 rules added, 0 removed (from 96 candidates)
Updated sys_vals: [13.654, 13.659, 13.66, 13.663, 13.664, 13.665, 13.666, 13.667, 13.669, 13.67, 13.671, 13.672, 13.673, 13.675, 13.676, 13.677, 13.678, 13.679, 13.68, 13.682, 13.683, 13.684, 13.685, 13.686, 13.687, 13.688, 13.689, 13.69, 13.691, 13.692, 13.693, 13.694, 13.695, 13.696, 13.697, 13.698, 13.699, 13.7, 13.701, 13.703, 13.704, 13.705, 13.706, 13.707, 13.708, 13.709, 13.71, 13.711, 13.712, 13.713, 13.714, 13.715, 13.716, 13.717, 13.718, 13.719, 13.72, 13.721, 13.722, 13.723, 13.724, 13.725, 13.726, 13.727, 13.728, 13.729, 13.73, 13.731, 13.732, 13.733, 13.734, 13.735, 13.736, 13.737, 13.738, 13.739, 13.74, 13.741, 13.742, 13.743, 13.744, 13.745, 13.746, 13.747, 13.748, 13.749, 13.75, 13.751, 13.752, 13.753, 13.754, 13.755, 13.756, 13.757, 13.758, 13.759, 13.76, 13.761, 13.762, 13.763, 13.764, 13.765, 13.766, 13.767, 13.768, 13.769, 13.77, 13.771, 13.772, 13.773, 13.774, 13.775, 13.776, 13.777, 13.778, 13.779, 13.78, 13.781, 13.782, 13.783, 13.784, 13.785, 13.786, 13.787, 13.788, 13.789, 13.79, 13.791, 13.792, 13.793, 13.794, 13.795, 13.796, 13.797, 13.798, 13.799, 13.8, 13.836, 13.945]
---
Round: 108, Unk. prob.: 5.359e-01
Surv probs: 4.641e-01, Fail probs: 3.000e-05
No. of non-dominant rules: 10917, Survival rules: 10906, Failure rules: 11
Batch update: 96 rules added, 0 existing rules removed (0 new rules dominated)
Survival: 96 rules added, 0 removed (from 96 candidates)
Updated sys_vals: [13.654, 13.659, 13.66, 13.663, 13.664, 13.665, 13.666, 13.667, 13.669, 13.67, 13.671, 13.672, 13.673, 13.675, 13.676, 13.677, 13.678, 13.679, 13.68, 13.682, 13.683, 13.684, 13.685, 13.686, 13.687, 13.688, 13.689, 13.69, 13.691, 13.692, 13.693, 13.694, 13.695, 13.696, 13.697, 13.698, 13.699, 13.7, 13.701, 13.703, 13.704, 13.705, 13.706, 13.707, 13.708, 13.709, 13.71, 13.711, 13.712, 13.713, 13.714, 13.715, 13.716, 13.717, 13.718, 13.719, 13.72, 13.721, 13.722, 13.723, 13.724, 13.725, 13.726, 13.727, 13.728, 13.729, 13.73, 13.731, 13.732, 13.733, 13.734, 13.735, 13.736, 13.737, 13.738, 13.739, 13.74, 13.741, 13.742, 13.743, 13.744, 13.745, 13.746, 13.747, 13.748, 13.749, 13.75, 13.751, 13.752, 13.753, 13.754, 13.755, 13.756, 13.757, 13.758, 13.759, 13.76, 13.761, 13.762, 13.763, 13.764, 13.765, 13.766, 13.767, 13.768, 13.769, 13.77, 13.771, 13.772, 13.773, 13.774, 13.775, 13.776, 13.777, 13.778, 13.779, 13.78, 13.781, 13.782, 13.783, 13.784, 13.785, 13.786, 13.787, 13.788, 13.789, 13.79, 13.791, 13.792, 13.793, 13.794, 13.795, 13.796, 13.797, 13.798, 13.799, 13.8, 13.836, 13.945]
---
Round: 109, Unk. prob.: 5.304e-01
Surv probs: 4.696e-01, Fail probs: 0.000e+00
No. of non-dominant rules: 11013, Survival rules: 11002, Failure rules: 11
Batch update: 96 rules added, 0 existing rules removed (0 new rules dominated)
Survival: 96 rules added, 0 removed (from 96 candidates)
Updated sys_vals: [13.654, 13.659, 13.66, 13.663, 13.664, 13.665, 13.666, 13.667, 13.669, 13.67, 13.671, 13.672, 13.673, 13.675, 13.676, 13.677, 13.678, 13.679, 13.68, 13.681, 13.682, 13.683, 13.684, 13.685, 13.686, 13.687, 13.688, 13.689, 13.69, 13.691, 13.692, 13.693, 13.694, 13.695, 13.696, 13.697, 13.698, 13.699, 13.7, 13.701, 13.703, 13.704, 13.705, 13.706, 13.707, 13.708, 13.709, 13.71, 13.711, 13.712, 13.713, 13.714, 13.715, 13.716, 13.717, 13.718, 13.719, 13.72, 13.721, 13.722, 13.723, 13.724, 13.725, 13.726, 13.727, 13.728, 13.729, 13.73, 13.731, 13.732, 13.733, 13.734, 13.735, 13.736, 13.737, 13.738, 13.739, 13.74, 13.741, 13.742, 13.743, 13.744, 13.745, 13.746, 13.747, 13.748, 13.749, 13.75, 13.751, 13.752, 13.753, 13.754, 13.755, 13.756, 13.757, 13.758, 13.759, 13.76, 13.761, 13.762, 13.763, 13.764, 13.765, 13.766, 13.767, 13.768, 13.769, 13.77, 13.771, 13.772, 13.773, 13.774, 13.775, 13.776, 13.777, 13.778, 13.779, 13.78, 13.781, 13.782, 13.783, 13.784, 13.785, 13.786, 13.787, 13.788, 13.789, 13.79, 13.791, 13.792, 13.793, 13.794, 13.795, 13.796, 13.797, 13.798, 13.799, 13.8, 13.836, 13.945]
---
Round: 110, Unk. prob.: 5.300e-01
Surv probs: 4.700e-01, Fail probs: 1.000e-05
No. of non-dominant rules: 11109, Survival rules: 11098, Failure rules: 11
Batch update: 96 rules added, 0 existing rules removed (0 new rules dominated)
Survival: 96 rules added, 0 removed (from 96 candidates)
Updated sys_vals: [13.654, 13.659, 13.66, 13.663, 13.664, 13.665, 13.666, 13.667, 13.669, 13.67, 13.671, 13.672, 13.673, 13.675, 13.676, 13.677, 13.678, 13.679, 13.68, 13.681, 13.682, 13.683, 13.684, 13.685, 13.686, 13.687, 13.688, 13.689, 13.69, 13.691, 13.692, 13.693, 13.694, 13.695, 13.696, 13.697, 13.698, 13.699, 13.7, 13.701, 13.703, 13.704, 13.705, 13.706, 13.707, 13.708, 13.709, 13.71, 13.711, 13.712, 13.713, 13.714, 13.715, 13.716, 13.717, 13.718, 13.719, 13.72, 13.721, 13.722, 13.723, 13.724, 13.725, 13.726, 13.727, 13.728, 13.729, 13.73, 13.731, 13.732, 13.733, 13.734, 13.735, 13.736, 13.737, 13.738, 13.739, 13.74, 13.741, 13.742, 13.743, 13.744, 13.745, 13.746, 13.747, 13.748, 13.749, 13.75, 13.751, 13.752, 13.753, 13.754, 13.755, 13.756, 13.757, 13.758, 13.759, 13.76, 13.761, 13.762, 13.763, 13.764, 13.765, 13.766, 13.767, 13.768, 13.769, 13.77, 13.771, 13.772, 13.773, 13.774, 13.775, 13.776, 13.777, 13.778, 13.779, 13.78, 13.781, 13.782, 13.783, 13.784, 13.785, 13.786, 13.787, 13.788, 13.789, 13.79, 13.791, 13.792, 13.793, 13.794, 13.795, 13.796, 13.797, 13.798, 13.799, 13.8, 13.836, 13.945]
---
Round: 111, Unk. prob.: 5.298e-01
Surv probs: 4.702e-01, Fail probs: 1.000e-05
No. of non-dominant rules: 11205, Survival rules: 11194, Failure rules: 11
Batch update: 96 rules added, 0 existing rules removed (0 new rules dominated)
Survival: 96 rules added, 0 removed (from 96 candidates)
Updated sys_vals: [13.654, 13.659, 13.66, 13.663, 13.664, 13.665, 13.666, 13.667, 13.669, 13.67, 13.671, 13.672, 13.673, 13.675, 13.676, 13.677, 13.678, 13.679, 13.68, 13.681, 13.682, 13.683, 13.684, 13.685, 13.686, 13.687, 13.688, 13.689, 13.69, 13.691, 13.692, 13.693, 13.694, 13.695, 13.696, 13.697, 13.698, 13.699, 13.7, 13.701, 13.702, 13.703, 13.704, 13.705, 13.706, 13.707, 13.708, 13.709, 13.71, 13.711, 13.712, 13.713, 13.714, 13.715, 13.716, 13.717, 13.718, 13.719, 13.72, 13.721, 13.722, 13.723, 13.724, 13.725, 13.726, 13.727, 13.728, 13.729, 13.73, 13.731, 13.732, 13.733, 13.734, 13.735, 13.736, 13.737, 13.738, 13.739, 13.74, 13.741, 13.742, 13.743, 13.744, 13.745, 13.746, 13.747, 13.748, 13.749, 13.75, 13.751, 13.752, 13.753, 13.754, 13.755, 13.756, 13.757, 13.758, 13.759, 13.76, 13.761, 13.762, 13.763, 13.764, 13.765, 13.766, 13.767, 13.768, 13.769, 13.77, 13.771, 13.772, 13.773, 13.774, 13.775, 13.776, 13.777, 13.778, 13.779, 13.78, 13.781, 13.782, 13.783, 13.784, 13.785, 13.786, 13.787, 13.788, 13.789, 13.79, 13.791, 13.792, 13.793, 13.794, 13.795, 13.796, 13.797, 13.798, 13.799, 13.8, 13.836, 13.945]
---
Round: 112, Unk. prob.: 5.287e-01
Surv probs: 4.713e-01, Fail probs: 1.000e-05
No. of non-dominant rules: 11301, Survival rules: 11290, Failure rules: 11
Batch update: 96 rules added, 0 existing rules removed (0 new rules dominated)
Survival: 96 rules added, 0 removed (from 96 candidates)
Updated sys_vals: [13.654, 13.659, 13.66, 13.663, 13.664, 13.665, 13.666, 13.667, 13.669, 13.67, 13.671, 13.672, 13.673, 13.675, 13.676, 13.677, 13.678, 13.679, 13.68, 13.681, 13.682, 13.683, 13.684, 13.685, 13.686, 13.687, 13.688, 13.689, 13.69, 13.691, 13.692, 13.693, 13.694, 13.695, 13.696, 13.697, 13.698, 13.699, 13.7, 13.701, 13.702, 13.703, 13.704, 13.705, 13.706, 13.707, 13.708, 13.709, 13.71, 13.711, 13.712, 13.713, 13.714, 13.715, 13.716, 13.717, 13.718, 13.719, 13.72, 13.721, 13.722, 13.723, 13.724, 13.725, 13.726, 13.727, 13.728, 13.729, 13.73, 13.731, 13.732, 13.733, 13.734, 13.735, 13.736, 13.737, 13.738, 13.739, 13.74, 13.741, 13.742, 13.743, 13.744, 13.745, 13.746, 13.747, 13.748, 13.749, 13.75, 13.751, 13.752, 13.753, 13.754, 13.755, 13.756, 13.757, 13.758, 13.759, 13.76, 13.761, 13.762, 13.763, 13.764, 13.765, 13.766, 13.767, 13.768, 13.769, 13.77, 13.771, 13.772, 13.773, 13.774, 13.775, 13.776, 13.777, 13.778, 13.779, 13.78, 13.781, 13.782, 13.783, 13.784, 13.785, 13.786, 13.787, 13.788, 13.789, 13.79, 13.791, 13.792, 13.793, 13.794, 13.795, 13.796, 13.797, 13.798, 13.799, 13.8, 13.836, 13.945]
---
Round: 113, Unk. prob.: 5.259e-01
Surv probs: 4.741e-01, Fail probs: 3.000e-05
No. of non-dominant rules: 11397, Survival rules: 11386, Failure rules: 11
Batch update: 96 rules added, 0 existing rules removed (0 new rules dominated)
Survival: 96 rules added, 0 removed (from 96 candidates)
Updated sys_vals: [13.654, 13.659, 13.66, 13.663, 13.664, 13.665, 13.666, 13.667, 13.669, 13.67, 13.671, 13.672, 13.673, 13.675, 13.676, 13.677, 13.678, 13.679, 13.68, 13.681, 13.682, 13.683, 13.684, 13.685, 13.686, 13.687, 13.688, 13.689, 13.69, 13.691, 13.692, 13.693, 13.694, 13.695, 13.696, 13.697, 13.698, 13.699, 13.7, 13.701, 13.702, 13.703, 13.704, 13.705, 13.706, 13.707, 13.708, 13.709, 13.71, 13.711, 13.712, 13.713, 13.714, 13.715, 13.716, 13.717, 13.718, 13.719, 13.72, 13.721, 13.722, 13.723, 13.724, 13.725, 13.726, 13.727, 13.728, 13.729, 13.73, 13.731, 13.732, 13.733, 13.734, 13.735, 13.736, 13.737, 13.738, 13.739, 13.74, 13.741, 13.742, 13.743, 13.744, 13.745, 13.746, 13.747, 13.748, 13.749, 13.75, 13.751, 13.752, 13.753, 13.754, 13.755, 13.756, 13.757, 13.758, 13.759, 13.76, 13.761, 13.762, 13.763, 13.764, 13.765, 13.766, 13.767, 13.768, 13.769, 13.77, 13.771, 13.772, 13.773, 13.774, 13.775, 13.776, 13.777, 13.778, 13.779, 13.78, 13.781, 13.782, 13.783, 13.784, 13.785, 13.786, 13.787, 13.788, 13.789, 13.79, 13.791, 13.792, 13.793, 13.794, 13.795, 13.796, 13.797, 13.798, 13.799, 13.8, 13.836, 13.945]
---
Round: 114, Unk. prob.: 5.249e-01
Surv probs: 4.751e-01, Fail probs: 1.000e-05
No. of non-dominant rules: 11493, Survival rules: 11482, Failure rules: 11
Batch update: 96 rules added, 0 existing rules removed (0 new rules dominated)
Survival: 96 rules added, 0 removed (from 96 candidates)
Updated sys_vals: [13.654, 13.659, 13.66, 13.663, 13.664, 13.665, 13.666, 13.667, 13.669, 13.67, 13.671, 13.672, 13.673, 13.675, 13.676, 13.677, 13.678, 13.679, 13.68, 13.681, 13.682, 13.683, 13.684, 13.685, 13.686, 13.687, 13.688, 13.689, 13.69, 13.691, 13.692, 13.693, 13.694, 13.695, 13.696, 13.697, 13.698, 13.699, 13.7, 13.701, 13.702, 13.703, 13.704, 13.705, 13.706, 13.707, 13.708, 13.709, 13.71, 13.711, 13.712, 13.713, 13.714, 13.715, 13.716, 13.717, 13.718, 13.719, 13.72, 13.721, 13.722, 13.723, 13.724, 13.725, 13.726, 13.727, 13.728, 13.729, 13.73, 13.731, 13.732, 13.733, 13.734, 13.735, 13.736, 13.737, 13.738, 13.739, 13.74, 13.741, 13.742, 13.743, 13.744, 13.745, 13.746, 13.747, 13.748, 13.749, 13.75, 13.751, 13.752, 13.753, 13.754, 13.755, 13.756, 13.757, 13.758, 13.759, 13.76, 13.761, 13.762, 13.763, 13.764, 13.765, 13.766, 13.767, 13.768, 13.769, 13.77, 13.771, 13.772, 13.773, 13.774, 13.775, 13.776, 13.777, 13.778, 13.779, 13.78, 13.781, 13.782, 13.783, 13.784, 13.785, 13.786, 13.787, 13.788, 13.789, 13.79, 13.791, 13.792, 13.793, 13.794, 13.795, 13.796, 13.797, 13.798, 13.799, 13.8, 13.836, 13.945]
---
Round: 115, Unk. prob.: 5.263e-01
Surv probs: 4.737e-01, Fail probs: 1.000e-05
No. of non-dominant rules: 11589, Survival rules: 11578, Failure rules: 11
Batch update: 95 rules added, 0 existing rules removed (0 new rules dominated)
Survival: 95 rules added, 0 removed (from 95 candidates)
Batch update: 1 rules added, 0 existing rules removed (0 new rules dominated)
Failure: 1 rules added, 0 removed (from 1 candidates)
Updated sys_vals: [13.654, 13.659, 13.66, 13.663, 13.664, 13.665, 13.666, 13.667, 13.669, 13.67, 13.671, 13.672, 13.673, 13.675, 13.676, 13.677, 13.678, 13.679, 13.68, 13.681, 13.682, 13.683, 13.684, 13.685, 13.686, 13.687, 13.688, 13.689, 13.69, 13.691, 13.692, 13.693, 13.694, 13.695, 13.696, 13.697, 13.698, 13.699, 13.7, 13.701, 13.702, 13.703, 13.704, 13.705, 13.706, 13.707, 13.708, 13.709, 13.71, 13.711, 13.712, 13.713, 13.714, 13.715, 13.716, 13.717, 13.718, 13.719, 13.72, 13.721, 13.722, 13.723, 13.724, 13.725, 13.726, 13.727, 13.728, 13.729, 13.73, 13.731, 13.732, 13.733, 13.734, 13.735, 13.736, 13.737, 13.738, 13.739, 13.74, 13.741, 13.742, 13.743, 13.744, 13.745, 13.746, 13.747, 13.748, 13.749, 13.75, 13.751, 13.752, 13.753, 13.754, 13.755, 13.756, 13.757, 13.758, 13.759, 13.76, 13.761, 13.762, 13.763, 13.764, 13.765, 13.766, 13.767, 13.768, 13.769, 13.77, 13.771, 13.772, 13.773, 13.774, 13.775, 13.776, 13.777, 13.778, 13.779, 13.78, 13.781, 13.782, 13.783, 13.784, 13.785, 13.786, 13.787, 13.788, 13.789, 13.79, 13.791, 13.792, 13.793, 13.794, 13.795, 13.796, 13.797, 13.798, 13.799, 13.8, 13.836, 13.945, 14.097]
---
Round: 116, Unk. prob.: 5.237e-01
Surv probs: 4.763e-01, Fail probs: 0.000e+00
No. of non-dominant rules: 11685, Survival rules: 11673, Failure rules: 12
Batch update: 96 rules added, 0 existing rules removed (0 new rules dominated)
Survival: 96 rules added, 0 removed (from 96 candidates)
Updated sys_vals: [13.654, 13.659, 13.66, 13.663, 13.664, 13.665, 13.666, 13.667, 13.669, 13.67, 13.671, 13.672, 13.673, 13.675, 13.676, 13.677, 13.678, 13.679, 13.68, 13.681, 13.682, 13.683, 13.684, 13.685, 13.686, 13.687, 13.688, 13.689, 13.69, 13.691, 13.692, 13.693, 13.694, 13.695, 13.696, 13.697, 13.698, 13.699, 13.7, 13.701, 13.702, 13.703, 13.704, 13.705, 13.706, 13.707, 13.708, 13.709, 13.71, 13.711, 13.712, 13.713, 13.714, 13.715, 13.716, 13.717, 13.718, 13.719, 13.72, 13.721, 13.722, 13.723, 13.724, 13.725, 13.726, 13.727, 13.728, 13.729, 13.73, 13.731, 13.732, 13.733, 13.734, 13.735, 13.736, 13.737, 13.738, 13.739, 13.74, 13.741, 13.742, 13.743, 13.744, 13.745, 13.746, 13.747, 13.748, 13.749, 13.75, 13.751, 13.752, 13.753, 13.754, 13.755, 13.756, 13.757, 13.758, 13.759, 13.76, 13.761, 13.762, 13.763, 13.764, 13.765, 13.766, 13.767, 13.768, 13.769, 13.77, 13.771, 13.772, 13.773, 13.774, 13.775, 13.776, 13.777, 13.778, 13.779, 13.78, 13.781, 13.782, 13.783, 13.784, 13.785, 13.786, 13.787, 13.788, 13.789, 13.79, 13.791, 13.792, 13.793, 13.794, 13.795, 13.796, 13.797, 13.798, 13.799, 13.8, 13.836, 13.945, 14.097]
---
Round: 117, Unk. prob.: 5.239e-01
Surv probs: 4.761e-01, Fail probs: 2.000e-05
No. of non-dominant rules: 11781, Survival rules: 11769, Failure rules: 12
Batch update: 95 rules added, 0 existing rules removed (0 new rules dominated)
Survival: 95 rules added, 0 removed (from 95 candidates)
Batch update: 1 rules added, 0 existing rules removed (0 new rules dominated)
Failure: 1 rules added, 0 removed (from 1 candidates)
Updated sys_vals: [13.654, 13.659, 13.66, 13.663, 13.664, 13.665, 13.666, 13.667, 13.669, 13.67, 13.671, 13.672, 13.673, 13.675, 13.676, 13.677, 13.678, 13.679, 13.68, 13.681, 13.682, 13.683, 13.684, 13.685, 13.686, 13.687, 13.688, 13.689, 13.69, 13.691, 13.692, 13.693, 13.694, 13.695, 13.696, 13.697, 13.698, 13.699, 13.7, 13.701, 13.702, 13.703, 13.704, 13.705, 13.706, 13.707, 13.708, 13.709, 13.71, 13.711, 13.712, 13.713, 13.714, 13.715, 13.716, 13.717, 13.718, 13.719, 13.72, 13.721, 13.722, 13.723, 13.724, 13.725, 13.726, 13.727, 13.728, 13.729, 13.73, 13.731, 13.732, 13.733, 13.734, 13.735, 13.736, 13.737, 13.738, 13.739, 13.74, 13.741, 13.742, 13.743, 13.744, 13.745, 13.746, 13.747, 13.748, 13.749, 13.75, 13.751, 13.752, 13.753, 13.754, 13.755, 13.756, 13.757, 13.758, 13.759, 13.76, 13.761, 13.762, 13.763, 13.764, 13.765, 13.766, 13.767, 13.768, 13.769, 13.77, 13.771, 13.772, 13.773, 13.774, 13.775, 13.776, 13.777, 13.778, 13.779, 13.78, 13.781, 13.782, 13.783, 13.784, 13.785, 13.786, 13.787, 13.788, 13.789, 13.79, 13.791, 13.792, 13.793, 13.794, 13.795, 13.796, 13.797, 13.798, 13.799, 13.8, 13.836, 13.945, 14.071, 14.097]
---
Round: 118, Unk. prob.: 5.236e-01
Surv probs: 4.764e-01, Fail probs: 0.000e+00
No. of non-dominant rules: 11877, Survival rules: 11864, Failure rules: 13
Batch update: 96 rules added, 0 existing rules removed (0 new rules dominated)
Survival: 96 rules added, 0 removed (from 96 candidates)
Updated sys_vals: [13.654, 13.659, 13.66, 13.663, 13.664, 13.665, 13.666, 13.667, 13.669, 13.67, 13.671, 13.672, 13.673, 13.675, 13.676, 13.677, 13.678, 13.679, 13.68, 13.681, 13.682, 13.683, 13.684, 13.685, 13.686, 13.687, 13.688, 13.689, 13.69, 13.691, 13.692, 13.693, 13.694, 13.695, 13.696, 13.697, 13.698, 13.699, 13.7, 13.701, 13.702, 13.703, 13.704, 13.705, 13.706, 13.707, 13.708, 13.709, 13.71, 13.711, 13.712, 13.713, 13.714, 13.715, 13.716, 13.717, 13.718, 13.719, 13.72, 13.721, 13.722, 13.723, 13.724, 13.725, 13.726, 13.727, 13.728, 13.729, 13.73, 13.731, 13.732, 13.733, 13.734, 13.735, 13.736, 13.737, 13.738, 13.739, 13.74, 13.741, 13.742, 13.743, 13.744, 13.745, 13.746, 13.747, 13.748, 13.749, 13.75, 13.751, 13.752, 13.753, 13.754, 13.755, 13.756, 13.757, 13.758, 13.759, 13.76, 13.761, 13.762, 13.763, 13.764, 13.765, 13.766, 13.767, 13.768, 13.769, 13.77, 13.771, 13.772, 13.773, 13.774, 13.775, 13.776, 13.777, 13.778, 13.779, 13.78, 13.781, 13.782, 13.783, 13.784, 13.785, 13.786, 13.787, 13.788, 13.789, 13.79, 13.791, 13.792, 13.793, 13.794, 13.795, 13.796, 13.797, 13.798, 13.799, 13.8, 13.836, 13.945, 14.071, 14.097]
---
Round: 119, Unk. prob.: 5.231e-01
Surv probs: 4.769e-01, Fail probs: 0.000e+00
No. of non-dominant rules: 11973, Survival rules: 11960, Failure rules: 13
Batch update: 96 rules added, 0 existing rules removed (0 new rules dominated)
Survival: 96 rules added, 0 removed (from 96 candidates)
Updated sys_vals: [13.654, 13.659, 13.66, 13.663, 13.664, 13.665, 13.666, 13.667, 13.669, 13.67, 13.671, 13.672, 13.673, 13.675, 13.676, 13.677, 13.678, 13.679, 13.68, 13.681, 13.682, 13.683, 13.684, 13.685, 13.686, 13.687, 13.688, 13.689, 13.69, 13.691, 13.692, 13.693, 13.694, 13.695, 13.696, 13.697, 13.698, 13.699, 13.7, 13.701, 13.702, 13.703, 13.704, 13.705, 13.706, 13.707, 13.708, 13.709, 13.71, 13.711, 13.712, 13.713, 13.714, 13.715, 13.716, 13.717, 13.718, 13.719, 13.72, 13.721, 13.722, 13.723, 13.724, 13.725, 13.726, 13.727, 13.728, 13.729, 13.73, 13.731, 13.732, 13.733, 13.734, 13.735, 13.736, 13.737, 13.738, 13.739, 13.74, 13.741, 13.742, 13.743, 13.744, 13.745, 13.746, 13.747, 13.748, 13.749, 13.75, 13.751, 13.752, 13.753, 13.754, 13.755, 13.756, 13.757, 13.758, 13.759, 13.76, 13.761, 13.762, 13.763, 13.764, 13.765, 13.766, 13.767, 13.768, 13.769, 13.77, 13.771, 13.772, 13.773, 13.774, 13.775, 13.776, 13.777, 13.778, 13.779, 13.78, 13.781, 13.782, 13.783, 13.784, 13.785, 13.786, 13.787, 13.788, 13.789, 13.79, 13.791, 13.792, 13.793, 13.794, 13.795, 13.796, 13.797, 13.798, 13.799, 13.8, 13.836, 13.945, 14.071, 14.097]
---
Round: 120, Unk. prob.: 5.218e-01
Surv probs: 4.782e-01, Fail probs: 1.000e-05
No. of non-dominant rules: 12069, Survival rules: 12056, Failure rules: 13
Batch update: 96 rules added, 0 existing rules removed (0 new rules dominated)
Survival: 96 rules added, 0 removed (from 96 candidates)
Updated sys_vals: [13.654, 13.659, 13.66, 13.663, 13.664, 13.665, 13.666, 13.667, 13.669, 13.67, 13.671, 13.672, 13.673, 13.675, 13.676, 13.677, 13.678, 13.679, 13.68, 13.681, 13.682, 13.683, 13.684, 13.685, 13.686, 13.687, 13.688, 13.689, 13.69, 13.691, 13.692, 13.693, 13.694, 13.695, 13.696, 13.697, 13.698, 13.699, 13.7, 13.701, 13.702, 13.703, 13.704, 13.705, 13.706, 13.707, 13.708, 13.709, 13.71, 13.711, 13.712, 13.713, 13.714, 13.715, 13.716, 13.717, 13.718, 13.719, 13.72, 13.721, 13.722, 13.723, 13.724, 13.725, 13.726, 13.727, 13.728, 13.729, 13.73, 13.731, 13.732, 13.733, 13.734, 13.735, 13.736, 13.737, 13.738, 13.739, 13.74, 13.741, 13.742, 13.743, 13.744, 13.745, 13.746, 13.747, 13.748, 13.749, 13.75, 13.751, 13.752, 13.753, 13.754, 13.755, 13.756, 13.757, 13.758, 13.759, 13.76, 13.761, 13.762, 13.763, 13.764, 13.765, 13.766, 13.767, 13.768, 13.769, 13.77, 13.771, 13.772, 13.773, 13.774, 13.775, 13.776, 13.777, 13.778, 13.779, 13.78, 13.781, 13.782, 13.783, 13.784, 13.785, 13.786, 13.787, 13.788, 13.789, 13.79, 13.791, 13.792, 13.793, 13.794, 13.795, 13.796, 13.797, 13.798, 13.799, 13.8, 13.836, 13.945, 14.071, 14.097]
---
Round: 121, Unk. prob.: 5.205e-01
Surv probs: 4.795e-01, Fail probs: 2.000e-05
No. of non-dominant rules: 12165, Survival rules: 12152, Failure rules: 13
Batch update: 96 rules added, 0 existing rules removed (0 new rules dominated)
Survival: 96 rules added, 0 removed (from 96 candidates)
Updated sys_vals: [13.654, 13.659, 13.66, 13.663, 13.664, 13.665, 13.666, 13.667, 13.669, 13.67, 13.671, 13.672, 13.673, 13.675, 13.676, 13.677, 13.678, 13.679, 13.68, 13.681, 13.682, 13.683, 13.684, 13.685, 13.686, 13.687, 13.688, 13.689, 13.69, 13.691, 13.692, 13.693, 13.694, 13.695, 13.696, 13.697, 13.698, 13.699, 13.7, 13.701, 13.702, 13.703, 13.704, 13.705, 13.706, 13.707, 13.708, 13.709, 13.71, 13.711, 13.712, 13.713, 13.714, 13.715, 13.716, 13.717, 13.718, 13.719, 13.72, 13.721, 13.722, 13.723, 13.724, 13.725, 13.726, 13.727, 13.728, 13.729, 13.73, 13.731, 13.732, 13.733, 13.734, 13.735, 13.736, 13.737, 13.738, 13.739, 13.74, 13.741, 13.742, 13.743, 13.744, 13.745, 13.746, 13.747, 13.748, 13.749, 13.75, 13.751, 13.752, 13.753, 13.754, 13.755, 13.756, 13.757, 13.758, 13.759, 13.76, 13.761, 13.762, 13.763, 13.764, 13.765, 13.766, 13.767, 13.768, 13.769, 13.77, 13.771, 13.772, 13.773, 13.774, 13.775, 13.776, 13.777, 13.778, 13.779, 13.78, 13.781, 13.782, 13.783, 13.784, 13.785, 13.786, 13.787, 13.788, 13.789, 13.79, 13.791, 13.792, 13.793, 13.794, 13.795, 13.796, 13.797, 13.798, 13.799, 13.8, 13.836, 13.945, 14.071, 14.097]
---
Round: 122, Unk. prob.: 5.183e-01
Surv probs: 4.817e-01, Fail probs: 3.000e-05
No. of non-dominant rules: 12261, Survival rules: 12248, Failure rules: 13
Batch update: 96 rules added, 0 existing rules removed (0 new rules dominated)
Survival: 96 rules added, 0 removed (from 96 candidates)
Updated sys_vals: [13.654, 13.659, 13.66, 13.663, 13.664, 13.665, 13.666, 13.667, 13.669, 13.67, 13.671, 13.672, 13.673, 13.675, 13.676, 13.677, 13.678, 13.679, 13.68, 13.681, 13.682, 13.683, 13.684, 13.685, 13.686, 13.687, 13.688, 13.689, 13.69, 13.691, 13.692, 13.693, 13.694, 13.695, 13.696, 13.697, 13.698, 13.699, 13.7, 13.701, 13.702, 13.703, 13.704, 13.705, 13.706, 13.707, 13.708, 13.709, 13.71, 13.711, 13.712, 13.713, 13.714, 13.715, 13.716, 13.717, 13.718, 13.719, 13.72, 13.721, 13.722, 13.723, 13.724, 13.725, 13.726, 13.727, 13.728, 13.729, 13.73, 13.731, 13.732, 13.733, 13.734, 13.735, 13.736, 13.737, 13.738, 13.739, 13.74, 13.741, 13.742, 13.743, 13.744, 13.745, 13.746, 13.747, 13.748, 13.749, 13.75, 13.751, 13.752, 13.753, 13.754, 13.755, 13.756, 13.757, 13.758, 13.759, 13.76, 13.761, 13.762, 13.763, 13.764, 13.765, 13.766, 13.767, 13.768, 13.769, 13.77, 13.771, 13.772, 13.773, 13.774, 13.775, 13.776, 13.777, 13.778, 13.779, 13.78, 13.781, 13.782, 13.783, 13.784, 13.785, 13.786, 13.787, 13.788, 13.789, 13.79, 13.791, 13.792, 13.793, 13.794, 13.795, 13.796, 13.797, 13.798, 13.799, 13.8, 13.836, 13.945, 14.071, 14.097]
---
Round: 123, Unk. prob.: 5.157e-01
Surv probs: 4.843e-01, Fail probs: 0.000e+00
No. of non-dominant rules: 12357, Survival rules: 12344, Failure rules: 13
Batch update: 96 rules added, 0 existing rules removed (0 new rules dominated)
Survival: 96 rules added, 0 removed (from 96 candidates)
Updated sys_vals: [13.654, 13.659, 13.66, 13.663, 13.664, 13.665, 13.666, 13.667, 13.669, 13.67, 13.671, 13.672, 13.673, 13.675, 13.676, 13.677, 13.678, 13.679, 13.68, 13.681, 13.682, 13.683, 13.684, 13.685, 13.686, 13.687, 13.688, 13.689, 13.69, 13.691, 13.692, 13.693, 13.694, 13.695, 13.696, 13.697, 13.698, 13.699, 13.7, 13.701, 13.702, 13.703, 13.704, 13.705, 13.706, 13.707, 13.708, 13.709, 13.71, 13.711, 13.712, 13.713, 13.714, 13.715, 13.716, 13.717, 13.718, 13.719, 13.72, 13.721, 13.722, 13.723, 13.724, 13.725, 13.726, 13.727, 13.728, 13.729, 13.73, 13.731, 13.732, 13.733, 13.734, 13.735, 13.736, 13.737, 13.738, 13.739, 13.74, 13.741, 13.742, 13.743, 13.744, 13.745, 13.746, 13.747, 13.748, 13.749, 13.75, 13.751, 13.752, 13.753, 13.754, 13.755, 13.756, 13.757, 13.758, 13.759, 13.76, 13.761, 13.762, 13.763, 13.764, 13.765, 13.766, 13.767, 13.768, 13.769, 13.77, 13.771, 13.772, 13.773, 13.774, 13.775, 13.776, 13.777, 13.778, 13.779, 13.78, 13.781, 13.782, 13.783, 13.784, 13.785, 13.786, 13.787, 13.788, 13.789, 13.79, 13.791, 13.792, 13.793, 13.794, 13.795, 13.796, 13.797, 13.798, 13.799, 13.8, 13.836, 13.945, 14.071, 14.097]
---
Round: 124, Unk. prob.: 5.159e-01
Surv probs: 4.841e-01, Fail probs: 1.000e-05
No. of non-dominant rules: 12453, Survival rules: 12440, Failure rules: 13
Batch update: 96 rules added, 0 existing rules removed (0 new rules dominated)
Survival: 96 rules added, 0 removed (from 96 candidates)
Updated sys_vals: [13.654, 13.659, 13.66, 13.663, 13.664, 13.665, 13.666, 13.667, 13.669, 13.67, 13.671, 13.672, 13.673, 13.675, 13.676, 13.677, 13.678, 13.679, 13.68, 13.681, 13.682, 13.683, 13.684, 13.685, 13.686, 13.687, 13.688, 13.689, 13.69, 13.691, 13.692, 13.693, 13.694, 13.695, 13.696, 13.697, 13.698, 13.699, 13.7, 13.701, 13.702, 13.703, 13.704, 13.705, 13.706, 13.707, 13.708, 13.709, 13.71, 13.711, 13.712, 13.713, 13.714, 13.715, 13.716, 13.717, 13.718, 13.719, 13.72, 13.721, 13.722, 13.723, 13.724, 13.725, 13.726, 13.727, 13.728, 13.729, 13.73, 13.731, 13.732, 13.733, 13.734, 13.735, 13.736, 13.737, 13.738, 13.739, 13.74, 13.741, 13.742, 13.743, 13.744, 13.745, 13.746, 13.747, 13.748, 13.749, 13.75, 13.751, 13.752, 13.753, 13.754, 13.755, 13.756, 13.757, 13.758, 13.759, 13.76, 13.761, 13.762, 13.763, 13.764, 13.765, 13.766, 13.767, 13.768, 13.769, 13.77, 13.771, 13.772, 13.773, 13.774, 13.775, 13.776, 13.777, 13.778, 13.779, 13.78, 13.781, 13.782, 13.783, 13.784, 13.785, 13.786, 13.787, 13.788, 13.789, 13.79, 13.791, 13.792, 13.793, 13.794, 13.795, 13.796, 13.797, 13.798, 13.799, 13.8, 13.836, 13.945, 14.071, 14.097]
---
Round: 125, Unk. prob.: 5.134e-01
Surv probs: 4.866e-01, Fail probs: 0.000e+00
No. of non-dominant rules: 12549, Survival rules: 12536, Failure rules: 13
Batch update: 96 rules added, 0 existing rules removed (0 new rules dominated)
Survival: 96 rules added, 0 removed (from 96 candidates)
Updated sys_vals: [13.654, 13.659, 13.66, 13.663, 13.664, 13.665, 13.666, 13.667, 13.669, 13.67, 13.671, 13.672, 13.673, 13.675, 13.676, 13.677, 13.678, 13.679, 13.68, 13.681, 13.682, 13.683, 13.684, 13.685, 13.686, 13.687, 13.688, 13.689, 13.69, 13.691, 13.692, 13.693, 13.694, 13.695, 13.696, 13.697, 13.698, 13.699, 13.7, 13.701, 13.702, 13.703, 13.704, 13.705, 13.706, 13.707, 13.708, 13.709, 13.71, 13.711, 13.712, 13.713, 13.714, 13.715, 13.716, 13.717, 13.718, 13.719, 13.72, 13.721, 13.722, 13.723, 13.724, 13.725, 13.726, 13.727, 13.728, 13.729, 13.73, 13.731, 13.732, 13.733, 13.734, 13.735, 13.736, 13.737, 13.738, 13.739, 13.74, 13.741, 13.742, 13.743, 13.744, 13.745, 13.746, 13.747, 13.748, 13.749, 13.75, 13.751, 13.752, 13.753, 13.754, 13.755, 13.756, 13.757, 13.758, 13.759, 13.76, 13.761, 13.762, 13.763, 13.764, 13.765, 13.766, 13.767, 13.768, 13.769, 13.77, 13.771, 13.772, 13.773, 13.774, 13.775, 13.776, 13.777, 13.778, 13.779, 13.78, 13.781, 13.782, 13.783, 13.784, 13.785, 13.786, 13.787, 13.788, 13.789, 13.79, 13.791, 13.792, 13.793, 13.794, 13.795, 13.796, 13.797, 13.798, 13.799, 13.8, 13.836, 13.945, 14.071, 14.097]
---
Round: 126, Unk. prob.: 5.139e-01
Surv probs: 4.861e-01, Fail probs: 1.000e-05
No. of non-dominant rules: 12645, Survival rules: 12632, Failure rules: 13
Batch update: 96 rules added, 0 existing rules removed (0 new rules dominated)
Survival: 96 rules added, 0 removed (from 96 candidates)
Updated sys_vals: [13.654, 13.659, 13.66, 13.663, 13.664, 13.665, 13.666, 13.667, 13.669, 13.67, 13.671, 13.672, 13.673, 13.675, 13.676, 13.677, 13.678, 13.679, 13.68, 13.681, 13.682, 13.683, 13.684, 13.685, 13.686, 13.687, 13.688, 13.689, 13.69, 13.691, 13.692, 13.693, 13.694, 13.695, 13.696, 13.697, 13.698, 13.699, 13.7, 13.701, 13.702, 13.703, 13.704, 13.705, 13.706, 13.707, 13.708, 13.709, 13.71, 13.711, 13.712, 13.713, 13.714, 13.715, 13.716, 13.717, 13.718, 13.719, 13.72, 13.721, 13.722, 13.723, 13.724, 13.725, 13.726, 13.727, 13.728, 13.729, 13.73, 13.731, 13.732, 13.733, 13.734, 13.735, 13.736, 13.737, 13.738, 13.739, 13.74, 13.741, 13.742, 13.743, 13.744, 13.745, 13.746, 13.747, 13.748, 13.749, 13.75, 13.751, 13.752, 13.753, 13.754, 13.755, 13.756, 13.757, 13.758, 13.759, 13.76, 13.761, 13.762, 13.763, 13.764, 13.765, 13.766, 13.767, 13.768, 13.769, 13.77, 13.771, 13.772, 13.773, 13.774, 13.775, 13.776, 13.777, 13.778, 13.779, 13.78, 13.781, 13.782, 13.783, 13.784, 13.785, 13.786, 13.787, 13.788, 13.789, 13.79, 13.791, 13.792, 13.793, 13.794, 13.795, 13.796, 13.797, 13.798, 13.799, 13.8, 13.836, 13.945, 14.071, 14.097]
---
Round: 127, Unk. prob.: 5.100e-01
Surv probs: 4.900e-01, Fail probs: 2.000e-05
No. of non-dominant rules: 12741, Survival rules: 12728, Failure rules: 13
Batch update: 96 rules added, 0 existing rules removed (0 new rules dominated)
Survival: 96 rules added, 0 removed (from 96 candidates)
Updated sys_vals: [13.654, 13.659, 13.66, 13.663, 13.664, 13.665, 13.666, 13.667, 13.669, 13.67, 13.671, 13.672, 13.673, 13.675, 13.676, 13.677, 13.678, 13.679, 13.68, 13.681, 13.682, 13.683, 13.684, 13.685, 13.686, 13.687, 13.688, 13.689, 13.69, 13.691, 13.692, 13.693, 13.694, 13.695, 13.696, 13.697, 13.698, 13.699, 13.7, 13.701, 13.702, 13.703, 13.704, 13.705, 13.706, 13.707, 13.708, 13.709, 13.71, 13.711, 13.712, 13.713, 13.714, 13.715, 13.716, 13.717, 13.718, 13.719, 13.72, 13.721, 13.722, 13.723, 13.724, 13.725, 13.726, 13.727, 13.728, 13.729, 13.73, 13.731, 13.732, 13.733, 13.734, 13.735, 13.736, 13.737, 13.738, 13.739, 13.74, 13.741, 13.742, 13.743, 13.744, 13.745, 13.746, 13.747, 13.748, 13.749, 13.75, 13.751, 13.752, 13.753, 13.754, 13.755, 13.756, 13.757, 13.758, 13.759, 13.76, 13.761, 13.762, 13.763, 13.764, 13.765, 13.766, 13.767, 13.768, 13.769, 13.77, 13.771, 13.772, 13.773, 13.774, 13.775, 13.776, 13.777, 13.778, 13.779, 13.78, 13.781, 13.782, 13.783, 13.784, 13.785, 13.786, 13.787, 13.788, 13.789, 13.79, 13.791, 13.792, 13.793, 13.794, 13.795, 13.796, 13.797, 13.798, 13.799, 13.8, 13.836, 13.945, 14.071, 14.097]
---
Round: 128, Unk. prob.: 5.128e-01
Surv probs: 4.871e-01, Fail probs: 3.000e-05
No. of non-dominant rules: 12837, Survival rules: 12824, Failure rules: 13
Batch update: 96 rules added, 0 existing rules removed (0 new rules dominated)
Survival: 96 rules added, 0 removed (from 96 candidates)
Updated sys_vals: [13.654, 13.659, 13.66, 13.663, 13.664, 13.665, 13.666, 13.667, 13.669, 13.67, 13.671, 13.672, 13.673, 13.675, 13.676, 13.677, 13.678, 13.679, 13.68, 13.681, 13.682, 13.683, 13.684, 13.685, 13.686, 13.687, 13.688, 13.689, 13.69, 13.691, 13.692, 13.693, 13.694, 13.695, 13.696, 13.697, 13.698, 13.699, 13.7, 13.701, 13.702, 13.703, 13.704, 13.705, 13.706, 13.707, 13.708, 13.709, 13.71, 13.711, 13.712, 13.713, 13.714, 13.715, 13.716, 13.717, 13.718, 13.719, 13.72, 13.721, 13.722, 13.723, 13.724, 13.725, 13.726, 13.727, 13.728, 13.729, 13.73, 13.731, 13.732, 13.733, 13.734, 13.735, 13.736, 13.737, 13.738, 13.739, 13.74, 13.741, 13.742, 13.743, 13.744, 13.745, 13.746, 13.747, 13.748, 13.749, 13.75, 13.751, 13.752, 13.753, 13.754, 13.755, 13.756, 13.757, 13.758, 13.759, 13.76, 13.761, 13.762, 13.763, 13.764, 13.765, 13.766, 13.767, 13.768, 13.769, 13.77, 13.771, 13.772, 13.773, 13.774, 13.775, 13.776, 13.777, 13.778, 13.779, 13.78, 13.781, 13.782, 13.783, 13.784, 13.785, 13.786, 13.787, 13.788, 13.789, 13.79, 13.791, 13.792, 13.793, 13.794, 13.795, 13.796, 13.797, 13.798, 13.799, 13.8, 13.836, 13.945, 14.071, 14.097]
---
Round: 129, Unk. prob.: 5.098e-01
Surv probs: 4.902e-01, Fail probs: 1.000e-05
No. of non-dominant rules: 12933, Survival rules: 12920, Failure rules: 13
Batch update: 96 rules added, 0 existing rules removed (0 new rules dominated)
Survival: 96 rules added, 0 removed (from 96 candidates)
Updated sys_vals: [13.654, 13.659, 13.66, 13.663, 13.664, 13.665, 13.666, 13.667, 13.669, 13.67, 13.671, 13.672, 13.673, 13.675, 13.676, 13.677, 13.678, 13.679, 13.68, 13.681, 13.682, 13.683, 13.684, 13.685, 13.686, 13.687, 13.688, 13.689, 13.69, 13.691, 13.692, 13.693, 13.694, 13.695, 13.696, 13.697, 13.698, 13.699, 13.7, 13.701, 13.702, 13.703, 13.704, 13.705, 13.706, 13.707, 13.708, 13.709, 13.71, 13.711, 13.712, 13.713, 13.714, 13.715, 13.716, 13.717, 13.718, 13.719, 13.72, 13.721, 13.722, 13.723, 13.724, 13.725, 13.726, 13.727, 13.728, 13.729, 13.73, 13.731, 13.732, 13.733, 13.734, 13.735, 13.736, 13.737, 13.738, 13.739, 13.74, 13.741, 13.742, 13.743, 13.744, 13.745, 13.746, 13.747, 13.748, 13.749, 13.75, 13.751, 13.752, 13.753, 13.754, 13.755, 13.756, 13.757, 13.758, 13.759, 13.76, 13.761, 13.762, 13.763, 13.764, 13.765, 13.766, 13.767, 13.768, 13.769, 13.77, 13.771, 13.772, 13.773, 13.774, 13.775, 13.776, 13.777, 13.778, 13.779, 13.78, 13.781, 13.782, 13.783, 13.784, 13.785, 13.786, 13.787, 13.788, 13.789, 13.79, 13.791, 13.792, 13.793, 13.794, 13.795, 13.796, 13.797, 13.798, 13.799, 13.8, 13.836, 13.945, 14.071, 14.097]
---
Round: 130, Unk. prob.: 5.074e-01
Surv probs: 4.926e-01, Fail probs: 0.000e+00
No. of non-dominant rules: 13029, Survival rules: 13016, Failure rules: 13
Batch update: 96 rules added, 0 existing rules removed (0 new rules dominated)
Survival: 96 rules added, 0 removed (from 96 candidates)
Updated sys_vals: [13.654, 13.659, 13.66, 13.663, 13.664, 13.665, 13.666, 13.667, 13.669, 13.67, 13.671, 13.672, 13.673, 13.675, 13.676, 13.677, 13.678, 13.679, 13.68, 13.681, 13.682, 13.683, 13.684, 13.685, 13.686, 13.687, 13.688, 13.689, 13.69, 13.691, 13.692, 13.693, 13.694, 13.695, 13.696, 13.697, 13.698, 13.699, 13.7, 13.701, 13.702, 13.703, 13.704, 13.705, 13.706, 13.707, 13.708, 13.709, 13.71, 13.711, 13.712, 13.713, 13.714, 13.715, 13.716, 13.717, 13.718, 13.719, 13.72, 13.721, 13.722, 13.723, 13.724, 13.725, 13.726, 13.727, 13.728, 13.729, 13.73, 13.731, 13.732, 13.733, 13.734, 13.735, 13.736, 13.737, 13.738, 13.739, 13.74, 13.741, 13.742, 13.743, 13.744, 13.745, 13.746, 13.747, 13.748, 13.749, 13.75, 13.751, 13.752, 13.753, 13.754, 13.755, 13.756, 13.757, 13.758, 13.759, 13.76, 13.761, 13.762, 13.763, 13.764, 13.765, 13.766, 13.767, 13.768, 13.769, 13.77, 13.771, 13.772, 13.773, 13.774, 13.775, 13.776, 13.777, 13.778, 13.779, 13.78, 13.781, 13.782, 13.783, 13.784, 13.785, 13.786, 13.787, 13.788, 13.789, 13.79, 13.791, 13.792, 13.793, 13.794, 13.795, 13.796, 13.797, 13.798, 13.799, 13.8, 13.836, 13.945, 14.071, 14.097]
---
Round: 131, Unk. prob.: 5.075e-01
Surv probs: 4.925e-01, Fail probs: 1.000e-05
No. of non-dominant rules: 13125, Survival rules: 13112, Failure rules: 13
Batch update: 96 rules added, 0 existing rules removed (0 new rules dominated)
Survival: 96 rules added, 0 removed (from 96 candidates)
Updated sys_vals: [13.654, 13.659, 13.66, 13.663, 13.664, 13.665, 13.666, 13.667, 13.669, 13.67, 13.671, 13.672, 13.673, 13.675, 13.676, 13.677, 13.678, 13.679, 13.68, 13.681, 13.682, 13.683, 13.684, 13.685, 13.686, 13.687, 13.688, 13.689, 13.69, 13.691, 13.692, 13.693, 13.694, 13.695, 13.696, 13.697, 13.698, 13.699, 13.7, 13.701, 13.702, 13.703, 13.704, 13.705, 13.706, 13.707, 13.708, 13.709, 13.71, 13.711, 13.712, 13.713, 13.714, 13.715, 13.716, 13.717, 13.718, 13.719, 13.72, 13.721, 13.722, 13.723, 13.724, 13.725, 13.726, 13.727, 13.728, 13.729, 13.73, 13.731, 13.732, 13.733, 13.734, 13.735, 13.736, 13.737, 13.738, 13.739, 13.74, 13.741, 13.742, 13.743, 13.744, 13.745, 13.746, 13.747, 13.748, 13.749, 13.75, 13.751, 13.752, 13.753, 13.754, 13.755, 13.756, 13.757, 13.758, 13.759, 13.76, 13.761, 13.762, 13.763, 13.764, 13.765, 13.766, 13.767, 13.768, 13.769, 13.77, 13.771, 13.772, 13.773, 13.774, 13.775, 13.776, 13.777, 13.778, 13.779, 13.78, 13.781, 13.782, 13.783, 13.784, 13.785, 13.786, 13.787, 13.788, 13.789, 13.79, 13.791, 13.792, 13.793, 13.794, 13.795, 13.796, 13.797, 13.798, 13.799, 13.8, 13.836, 13.945, 14.071, 14.097]
---
Round: 132, Unk. prob.: 5.076e-01
Surv probs: 4.924e-01, Fail probs: 0.000e+00
No. of non-dominant rules: 13221, Survival rules: 13208, Failure rules: 13
Batch update: 96 rules added, 0 existing rules removed (0 new rules dominated)
Survival: 96 rules added, 0 removed (from 96 candidates)
Updated sys_vals: [13.654, 13.659, 13.66, 13.663, 13.664, 13.665, 13.666, 13.667, 13.669, 13.67, 13.671, 13.672, 13.673, 13.675, 13.676, 13.677, 13.678, 13.679, 13.68, 13.681, 13.682, 13.683, 13.684, 13.685, 13.686, 13.687, 13.688, 13.689, 13.69, 13.691, 13.692, 13.693, 13.694, 13.695, 13.696, 13.697, 13.698, 13.699, 13.7, 13.701, 13.702, 13.703, 13.704, 13.705, 13.706, 13.707, 13.708, 13.709, 13.71, 13.711, 13.712, 13.713, 13.714, 13.715, 13.716, 13.717, 13.718, 13.719, 13.72, 13.721, 13.722, 13.723, 13.724, 13.725, 13.726, 13.727, 13.728, 13.729, 13.73, 13.731, 13.732, 13.733, 13.734, 13.735, 13.736, 13.737, 13.738, 13.739, 13.74, 13.741, 13.742, 13.743, 13.744, 13.745, 13.746, 13.747, 13.748, 13.749, 13.75, 13.751, 13.752, 13.753, 13.754, 13.755, 13.756, 13.757, 13.758, 13.759, 13.76, 13.761, 13.762, 13.763, 13.764, 13.765, 13.766, 13.767, 13.768, 13.769, 13.77, 13.771, 13.772, 13.773, 13.774, 13.775, 13.776, 13.777, 13.778, 13.779, 13.78, 13.781, 13.782, 13.783, 13.784, 13.785, 13.786, 13.787, 13.788, 13.789, 13.79, 13.791, 13.792, 13.793, 13.794, 13.795, 13.796, 13.797, 13.798, 13.799, 13.8, 13.836, 13.945, 14.071, 14.097]
---
Round: 133, Unk. prob.: 5.075e-01
Surv probs: 4.925e-01, Fail probs: 0.000e+00
No. of non-dominant rules: 13317, Survival rules: 13304, Failure rules: 13
Batch update: 96 rules added, 0 existing rules removed (0 new rules dominated)
Survival: 96 rules added, 0 removed (from 96 candidates)
Updated sys_vals: [13.654, 13.659, 13.66, 13.663, 13.664, 13.665, 13.666, 13.667, 13.668, 13.669, 13.67, 13.671, 13.672, 13.673, 13.675, 13.676, 13.677, 13.678, 13.679, 13.68, 13.681, 13.682, 13.683, 13.684, 13.685, 13.686, 13.687, 13.688, 13.689, 13.69, 13.691, 13.692, 13.693, 13.694, 13.695, 13.696, 13.697, 13.698, 13.699, 13.7, 13.701, 13.702, 13.703, 13.704, 13.705, 13.706, 13.707, 13.708, 13.709, 13.71, 13.711, 13.712, 13.713, 13.714, 13.715, 13.716, 13.717, 13.718, 13.719, 13.72, 13.721, 13.722, 13.723, 13.724, 13.725, 13.726, 13.727, 13.728, 13.729, 13.73, 13.731, 13.732, 13.733, 13.734, 13.735, 13.736, 13.737, 13.738, 13.739, 13.74, 13.741, 13.742, 13.743, 13.744, 13.745, 13.746, 13.747, 13.748, 13.749, 13.75, 13.751, 13.752, 13.753, 13.754, 13.755, 13.756, 13.757, 13.758, 13.759, 13.76, 13.761, 13.762, 13.763, 13.764, 13.765, 13.766, 13.767, 13.768, 13.769, 13.77, 13.771, 13.772, 13.773, 13.774, 13.775, 13.776, 13.777, 13.778, 13.779, 13.78, 13.781, 13.782, 13.783, 13.784, 13.785, 13.786, 13.787, 13.788, 13.789, 13.79, 13.791, 13.792, 13.793, 13.794, 13.795, 13.796, 13.797, 13.798, 13.799, 13.8, 13.836, 13.945, 14.071, 14.097]
---
Round: 134, Unk. prob.: 5.055e-01
Surv probs: 4.945e-01, Fail probs: 0.000e+00
No. of non-dominant rules: 13413, Survival rules: 13400, Failure rules: 13
Batch update: 96 rules added, 0 existing rules removed (0 new rules dominated)
Survival: 96 rules added, 0 removed (from 96 candidates)
Updated sys_vals: [13.654, 13.659, 13.66, 13.663, 13.664, 13.665, 13.666, 13.667, 13.668, 13.669, 13.67, 13.671, 13.672, 13.673, 13.675, 13.676, 13.677, 13.678, 13.679, 13.68, 13.681, 13.682, 13.683, 13.684, 13.685, 13.686, 13.687, 13.688, 13.689, 13.69, 13.691, 13.692, 13.693, 13.694, 13.695, 13.696, 13.697, 13.698, 13.699, 13.7, 13.701, 13.702, 13.703, 13.704, 13.705, 13.706, 13.707, 13.708, 13.709, 13.71, 13.711, 13.712, 13.713, 13.714, 13.715, 13.716, 13.717, 13.718, 13.719, 13.72, 13.721, 13.722, 13.723, 13.724, 13.725, 13.726, 13.727, 13.728, 13.729, 13.73, 13.731, 13.732, 13.733, 13.734, 13.735, 13.736, 13.737, 13.738, 13.739, 13.74, 13.741, 13.742, 13.743, 13.744, 13.745, 13.746, 13.747, 13.748, 13.749, 13.75, 13.751, 13.752, 13.753, 13.754, 13.755, 13.756, 13.757, 13.758, 13.759, 13.76, 13.761, 13.762, 13.763, 13.764, 13.765, 13.766, 13.767, 13.768, 13.769, 13.77, 13.771, 13.772, 13.773, 13.774, 13.775, 13.776, 13.777, 13.778, 13.779, 13.78, 13.781, 13.782, 13.783, 13.784, 13.785, 13.786, 13.787, 13.788, 13.789, 13.79, 13.791, 13.792, 13.793, 13.794, 13.795, 13.796, 13.797, 13.798, 13.799, 13.8, 13.836, 13.945, 14.071, 14.097]
---
Round: 135, Unk. prob.: 5.079e-01
Surv probs: 4.921e-01, Fail probs: 1.000e-05
No. of non-dominant rules: 13509, Survival rules: 13496, Failure rules: 13
Batch update: 96 rules added, 0 existing rules removed (0 new rules dominated)
Survival: 96 rules added, 0 removed (from 96 candidates)
Updated sys_vals: [13.654, 13.659, 13.66, 13.663, 13.664, 13.665, 13.666, 13.667, 13.668, 13.669, 13.67, 13.671, 13.672, 13.673, 13.675, 13.676, 13.677, 13.678, 13.679, 13.68, 13.681, 13.682, 13.683, 13.684, 13.685, 13.686, 13.687, 13.688, 13.689, 13.69, 13.691, 13.692, 13.693, 13.694, 13.695, 13.696, 13.697, 13.698, 13.699, 13.7, 13.701, 13.702, 13.703, 13.704, 13.705, 13.706, 13.707, 13.708, 13.709, 13.71, 13.711, 13.712, 13.713, 13.714, 13.715, 13.716, 13.717, 13.718, 13.719, 13.72, 13.721, 13.722, 13.723, 13.724, 13.725, 13.726, 13.727, 13.728, 13.729, 13.73, 13.731, 13.732, 13.733, 13.734, 13.735, 13.736, 13.737, 13.738, 13.739, 13.74, 13.741, 13.742, 13.743, 13.744, 13.745, 13.746, 13.747, 13.748, 13.749, 13.75, 13.751, 13.752, 13.753, 13.754, 13.755, 13.756, 13.757, 13.758, 13.759, 13.76, 13.761, 13.762, 13.763, 13.764, 13.765, 13.766, 13.767, 13.768, 13.769, 13.77, 13.771, 13.772, 13.773, 13.774, 13.775, 13.776, 13.777, 13.778, 13.779, 13.78, 13.781, 13.782, 13.783, 13.784, 13.785, 13.786, 13.787, 13.788, 13.789, 13.79, 13.791, 13.792, 13.793, 13.794, 13.795, 13.796, 13.797, 13.798, 13.799, 13.8, 13.836, 13.945, 14.071, 14.097]
---
Round: 136, Unk. prob.: 5.036e-01
Surv probs: 4.964e-01, Fail probs: 1.000e-05
No. of non-dominant rules: 13605, Survival rules: 13592, Failure rules: 13
Batch update: 96 rules added, 0 existing rules removed (0 new rules dominated)
Survival: 96 rules added, 0 removed (from 96 candidates)
Updated sys_vals: [13.638, 13.654, 13.659, 13.66, 13.663, 13.664, 13.665, 13.666, 13.667, 13.668, 13.669, 13.67, 13.671, 13.672, 13.673, 13.675, 13.676, 13.677, 13.678, 13.679, 13.68, 13.681, 13.682, 13.683, 13.684, 13.685, 13.686, 13.687, 13.688, 13.689, 13.69, 13.691, 13.692, 13.693, 13.694, 13.695, 13.696, 13.697, 13.698, 13.699, 13.7, 13.701, 13.702, 13.703, 13.704, 13.705, 13.706, 13.707, 13.708, 13.709, 13.71, 13.711, 13.712, 13.713, 13.714, 13.715, 13.716, 13.717, 13.718, 13.719, 13.72, 13.721, 13.722, 13.723, 13.724, 13.725, 13.726, 13.727, 13.728, 13.729, 13.73, 13.731, 13.732, 13.733, 13.734, 13.735, 13.736, 13.737, 13.738, 13.739, 13.74, 13.741, 13.742, 13.743, 13.744, 13.745, 13.746, 13.747, 13.748, 13.749, 13.75, 13.751, 13.752, 13.753, 13.754, 13.755, 13.756, 13.757, 13.758, 13.759, 13.76, 13.761, 13.762, 13.763, 13.764, 13.765, 13.766, 13.767, 13.768, 13.769, 13.77, 13.771, 13.772, 13.773, 13.774, 13.775, 13.776, 13.777, 13.778, 13.779, 13.78, 13.781, 13.782, 13.783, 13.784, 13.785, 13.786, 13.787, 13.788, 13.789, 13.79, 13.791, 13.792, 13.793, 13.794, 13.795, 13.796, 13.797, 13.798, 13.799, 13.8, 13.836, 13.945, 14.071, 14.097]
---
Round: 137, Unk. prob.: 5.035e-01
Surv probs: 4.965e-01, Fail probs: 0.000e+00
No. of non-dominant rules: 13701, Survival rules: 13688, Failure rules: 13
Batch update: 96 rules added, 0 existing rules removed (0 new rules dominated)
Survival: 96 rules added, 0 removed (from 96 candidates)
Updated sys_vals: [13.638, 13.654, 13.659, 13.66, 13.663, 13.664, 13.665, 13.666, 13.667, 13.668, 13.669, 13.67, 13.671, 13.672, 13.673, 13.675, 13.676, 13.677, 13.678, 13.679, 13.68, 13.681, 13.682, 13.683, 13.684, 13.685, 13.686, 13.687, 13.688, 13.689, 13.69, 13.691, 13.692, 13.693, 13.694, 13.695, 13.696, 13.697, 13.698, 13.699, 13.7, 13.701, 13.702, 13.703, 13.704, 13.705, 13.706, 13.707, 13.708, 13.709, 13.71, 13.711, 13.712, 13.713, 13.714, 13.715, 13.716, 13.717, 13.718, 13.719, 13.72, 13.721, 13.722, 13.723, 13.724, 13.725, 13.726, 13.727, 13.728, 13.729, 13.73, 13.731, 13.732, 13.733, 13.734, 13.735, 13.736, 13.737, 13.738, 13.739, 13.74, 13.741, 13.742, 13.743, 13.744, 13.745, 13.746, 13.747, 13.748, 13.749, 13.75, 13.751, 13.752, 13.753, 13.754, 13.755, 13.756, 13.757, 13.758, 13.759, 13.76, 13.761, 13.762, 13.763, 13.764, 13.765, 13.766, 13.767, 13.768, 13.769, 13.77, 13.771, 13.772, 13.773, 13.774, 13.775, 13.776, 13.777, 13.778, 13.779, 13.78, 13.781, 13.782, 13.783, 13.784, 13.785, 13.786, 13.787, 13.788, 13.789, 13.79, 13.791, 13.792, 13.793, 13.794, 13.795, 13.796, 13.797, 13.798, 13.799, 13.8, 13.836, 13.945, 14.071, 14.097]
---
Round: 138, Unk. prob.: 5.026e-01
Surv probs: 4.974e-01, Fail probs: 4.000e-05
No. of non-dominant rules: 13797, Survival rules: 13784, Failure rules: 13
Batch update: 96 rules added, 0 existing rules removed (0 new rules dominated)
Survival: 96 rules added, 0 removed (from 96 candidates)
Updated sys_vals: [13.638, 13.654, 13.659, 13.66, 13.663, 13.664, 13.665, 13.666, 13.667, 13.668, 13.669, 13.67, 13.671, 13.672, 13.673, 13.675, 13.676, 13.677, 13.678, 13.679, 13.68, 13.681, 13.682, 13.683, 13.684, 13.685, 13.686, 13.687, 13.688, 13.689, 13.69, 13.691, 13.692, 13.693, 13.694, 13.695, 13.696, 13.697, 13.698, 13.699, 13.7, 13.701, 13.702, 13.703, 13.704, 13.705, 13.706, 13.707, 13.708, 13.709, 13.71, 13.711, 13.712, 13.713, 13.714, 13.715, 13.716, 13.717, 13.718, 13.719, 13.72, 13.721, 13.722, 13.723, 13.724, 13.725, 13.726, 13.727, 13.728, 13.729, 13.73, 13.731, 13.732, 13.733, 13.734, 13.735, 13.736, 13.737, 13.738, 13.739, 13.74, 13.741, 13.742, 13.743, 13.744, 13.745, 13.746, 13.747, 13.748, 13.749, 13.75, 13.751, 13.752, 13.753, 13.754, 13.755, 13.756, 13.757, 13.758, 13.759, 13.76, 13.761, 13.762, 13.763, 13.764, 13.765, 13.766, 13.767, 13.768, 13.769, 13.77, 13.771, 13.772, 13.773, 13.774, 13.775, 13.776, 13.777, 13.778, 13.779, 13.78, 13.781, 13.782, 13.783, 13.784, 13.785, 13.786, 13.787, 13.788, 13.789, 13.79, 13.791, 13.792, 13.793, 13.794, 13.795, 13.796, 13.797, 13.798, 13.799, 13.8, 13.836, 13.945, 14.071, 14.097]
---
Round: 139, Unk. prob.: 4.998e-01
Surv probs: 5.001e-01, Fail probs: 2.000e-05
No. of non-dominant rules: 13893, Survival rules: 13880, Failure rules: 13
Batch update: 96 rules added, 0 existing rules removed (0 new rules dominated)
Survival: 96 rules added, 0 removed (from 96 candidates)
Updated sys_vals: [13.638, 13.654, 13.659, 13.66, 13.663, 13.664, 13.665, 13.666, 13.667, 13.668, 13.669, 13.67, 13.671, 13.672, 13.673, 13.675, 13.676, 13.677, 13.678, 13.679, 13.68, 13.681, 13.682, 13.683, 13.684, 13.685, 13.686, 13.687, 13.688, 13.689, 13.69, 13.691, 13.692, 13.693, 13.694, 13.695, 13.696, 13.697, 13.698, 13.699, 13.7, 13.701, 13.702, 13.703, 13.704, 13.705, 13.706, 13.707, 13.708, 13.709, 13.71, 13.711, 13.712, 13.713, 13.714, 13.715, 13.716, 13.717, 13.718, 13.719, 13.72, 13.721, 13.722, 13.723, 13.724, 13.725, 13.726, 13.727, 13.728, 13.729, 13.73, 13.731, 13.732, 13.733, 13.734, 13.735, 13.736, 13.737, 13.738, 13.739, 13.74, 13.741, 13.742, 13.743, 13.744, 13.745, 13.746, 13.747, 13.748, 13.749, 13.75, 13.751, 13.752, 13.753, 13.754, 13.755, 13.756, 13.757, 13.758, 13.759, 13.76, 13.761, 13.762, 13.763, 13.764, 13.765, 13.766, 13.767, 13.768, 13.769, 13.77, 13.771, 13.772, 13.773, 13.774, 13.775, 13.776, 13.777, 13.778, 13.779, 13.78, 13.781, 13.782, 13.783, 13.784, 13.785, 13.786, 13.787, 13.788, 13.789, 13.79, 13.791, 13.792, 13.793, 13.794, 13.795, 13.796, 13.797, 13.798, 13.799, 13.8, 13.836, 13.945, 14.071, 14.097]
---
Round: 140, Unk. prob.: 5.025e-01
Surv probs: 4.975e-01, Fail probs: 1.000e-05
No. of non-dominant rules: 13989, Survival rules: 13976, Failure rules: 13
Batch update: 96 rules added, 0 existing rules removed (0 new rules dominated)
Survival: 96 rules added, 0 removed (from 96 candidates)
Updated sys_vals: [13.638, 13.654, 13.659, 13.66, 13.663, 13.664, 13.665, 13.666, 13.667, 13.668, 13.669, 13.67, 13.671, 13.672, 13.673, 13.675, 13.676, 13.677, 13.678, 13.679, 13.68, 13.681, 13.682, 13.683, 13.684, 13.685, 13.686, 13.687, 13.688, 13.689, 13.69, 13.691, 13.692, 13.693, 13.694, 13.695, 13.696, 13.697, 13.698, 13.699, 13.7, 13.701, 13.702, 13.703, 13.704, 13.705, 13.706, 13.707, 13.708, 13.709, 13.71, 13.711, 13.712, 13.713, 13.714, 13.715, 13.716, 13.717, 13.718, 13.719, 13.72, 13.721, 13.722, 13.723, 13.724, 13.725, 13.726, 13.727, 13.728, 13.729, 13.73, 13.731, 13.732, 13.733, 13.734, 13.735, 13.736, 13.737, 13.738, 13.739, 13.74, 13.741, 13.742, 13.743, 13.744, 13.745, 13.746, 13.747, 13.748, 13.749, 13.75, 13.751, 13.752, 13.753, 13.754, 13.755, 13.756, 13.757, 13.758, 13.759, 13.76, 13.761, 13.762, 13.763, 13.764, 13.765, 13.766, 13.767, 13.768, 13.769, 13.77, 13.771, 13.772, 13.773, 13.774, 13.775, 13.776, 13.777, 13.778, 13.779, 13.78, 13.781, 13.782, 13.783, 13.784, 13.785, 13.786, 13.787, 13.788, 13.789, 13.79, 13.791, 13.792, 13.793, 13.794, 13.795, 13.796, 13.797, 13.798, 13.799, 13.8, 13.836, 13.945, 14.071, 14.097]
---
Round: 141, Unk. prob.: 5.018e-01
Surv probs: 4.982e-01, Fail probs: 0.000e+00
No. of non-dominant rules: 14085, Survival rules: 14072, Failure rules: 13
Batch update: 96 rules added, 0 existing rules removed (0 new rules dominated)
Survival: 96 rules added, 0 removed (from 96 candidates)
Updated sys_vals: [13.638, 13.654, 13.659, 13.66, 13.663, 13.664, 13.665, 13.666, 13.667, 13.668, 13.669, 13.67, 13.671, 13.672, 13.673, 13.675, 13.676, 13.677, 13.678, 13.679, 13.68, 13.681, 13.682, 13.683, 13.684, 13.685, 13.686, 13.687, 13.688, 13.689, 13.69, 13.691, 13.692, 13.693, 13.694, 13.695, 13.696, 13.697, 13.698, 13.699, 13.7, 13.701, 13.702, 13.703, 13.704, 13.705, 13.706, 13.707, 13.708, 13.709, 13.71, 13.711, 13.712, 13.713, 13.714, 13.715, 13.716, 13.717, 13.718, 13.719, 13.72, 13.721, 13.722, 13.723, 13.724, 13.725, 13.726, 13.727, 13.728, 13.729, 13.73, 13.731, 13.732, 13.733, 13.734, 13.735, 13.736, 13.737, 13.738, 13.739, 13.74, 13.741, 13.742, 13.743, 13.744, 13.745, 13.746, 13.747, 13.748, 13.749, 13.75, 13.751, 13.752, 13.753, 13.754, 13.755, 13.756, 13.757, 13.758, 13.759, 13.76, 13.761, 13.762, 13.763, 13.764, 13.765, 13.766, 13.767, 13.768, 13.769, 13.77, 13.771, 13.772, 13.773, 13.774, 13.775, 13.776, 13.777, 13.778, 13.779, 13.78, 13.781, 13.782, 13.783, 13.784, 13.785, 13.786, 13.787, 13.788, 13.789, 13.79, 13.791, 13.792, 13.793, 13.794, 13.795, 13.796, 13.797, 13.798, 13.799, 13.8, 13.836, 13.945, 14.071, 14.097]
---
Round: 142, Unk. prob.: 4.988e-01
Surv probs: 5.011e-01, Fail probs: 3.000e-05
No. of non-dominant rules: 14181, Survival rules: 14168, Failure rules: 13
Batch update: 96 rules added, 0 existing rules removed (0 new rules dominated)
Survival: 96 rules added, 0 removed (from 96 candidates)
Updated sys_vals: [13.638, 13.654, 13.659, 13.66, 13.663, 13.664, 13.665, 13.666, 13.667, 13.668, 13.669, 13.67, 13.671, 13.672, 13.673, 13.675, 13.676, 13.677, 13.678, 13.679, 13.68, 13.681, 13.682, 13.683, 13.684, 13.685, 13.686, 13.687, 13.688, 13.689, 13.69, 13.691, 13.692, 13.693, 13.694, 13.695, 13.696, 13.697, 13.698, 13.699, 13.7, 13.701, 13.702, 13.703, 13.704, 13.705, 13.706, 13.707, 13.708, 13.709, 13.71, 13.711, 13.712, 13.713, 13.714, 13.715, 13.716, 13.717, 13.718, 13.719, 13.72, 13.721, 13.722, 13.723, 13.724, 13.725, 13.726, 13.727, 13.728, 13.729, 13.73, 13.731, 13.732, 13.733, 13.734, 13.735, 13.736, 13.737, 13.738, 13.739, 13.74, 13.741, 13.742, 13.743, 13.744, 13.745, 13.746, 13.747, 13.748, 13.749, 13.75, 13.751, 13.752, 13.753, 13.754, 13.755, 13.756, 13.757, 13.758, 13.759, 13.76, 13.761, 13.762, 13.763, 13.764, 13.765, 13.766, 13.767, 13.768, 13.769, 13.77, 13.771, 13.772, 13.773, 13.774, 13.775, 13.776, 13.777, 13.778, 13.779, 13.78, 13.781, 13.782, 13.783, 13.784, 13.785, 13.786, 13.787, 13.788, 13.789, 13.79, 13.791, 13.792, 13.793, 13.794, 13.795, 13.796, 13.797, 13.798, 13.799, 13.8, 13.836, 13.945, 14.071, 14.097]
---
Round: 143, Unk. prob.: 5.016e-01
Surv probs: 4.984e-01, Fail probs: 2.000e-05
No. of non-dominant rules: 14277, Survival rules: 14264, Failure rules: 13
Batch update: 96 rules added, 0 existing rules removed (0 new rules dominated)
Survival: 96 rules added, 0 removed (from 96 candidates)
Updated sys_vals: [13.638, 13.654, 13.659, 13.66, 13.663, 13.664, 13.665, 13.666, 13.667, 13.668, 13.669, 13.67, 13.671, 13.672, 13.673, 13.675, 13.676, 13.677, 13.678, 13.679, 13.68, 13.681, 13.682, 13.683, 13.684, 13.685, 13.686, 13.687, 13.688, 13.689, 13.69, 13.691, 13.692, 13.693, 13.694, 13.695, 13.696, 13.697, 13.698, 13.699, 13.7, 13.701, 13.702, 13.703, 13.704, 13.705, 13.706, 13.707, 13.708, 13.709, 13.71, 13.711, 13.712, 13.713, 13.714, 13.715, 13.716, 13.717, 13.718, 13.719, 13.72, 13.721, 13.722, 13.723, 13.724, 13.725, 13.726, 13.727, 13.728, 13.729, 13.73, 13.731, 13.732, 13.733, 13.734, 13.735, 13.736, 13.737, 13.738, 13.739, 13.74, 13.741, 13.742, 13.743, 13.744, 13.745, 13.746, 13.747, 13.748, 13.749, 13.75, 13.751, 13.752, 13.753, 13.754, 13.755, 13.756, 13.757, 13.758, 13.759, 13.76, 13.761, 13.762, 13.763, 13.764, 13.765, 13.766, 13.767, 13.768, 13.769, 13.77, 13.771, 13.772, 13.773, 13.774, 13.775, 13.776, 13.777, 13.778, 13.779, 13.78, 13.781, 13.782, 13.783, 13.784, 13.785, 13.786, 13.787, 13.788, 13.789, 13.79, 13.791, 13.792, 13.793, 13.794, 13.795, 13.796, 13.797, 13.798, 13.799, 13.8, 13.836, 13.945, 14.071, 14.097]
---
Round: 144, Unk. prob.: 4.982e-01
Surv probs: 5.018e-01, Fail probs: 1.000e-05
No. of non-dominant rules: 14373, Survival rules: 14360, Failure rules: 13
Batch update: 96 rules added, 0 existing rules removed (0 new rules dominated)
Survival: 96 rules added, 0 removed (from 96 candidates)
Updated sys_vals: [13.638, 13.654, 13.659, 13.66, 13.663, 13.664, 13.665, 13.666, 13.667, 13.668, 13.669, 13.67, 13.671, 13.672, 13.673, 13.675, 13.676, 13.677, 13.678, 13.679, 13.68, 13.681, 13.682, 13.683, 13.684, 13.685, 13.686, 13.687, 13.688, 13.689, 13.69, 13.691, 13.692, 13.693, 13.694, 13.695, 13.696, 13.697, 13.698, 13.699, 13.7, 13.701, 13.702, 13.703, 13.704, 13.705, 13.706, 13.707, 13.708, 13.709, 13.71, 13.711, 13.712, 13.713, 13.714, 13.715, 13.716, 13.717, 13.718, 13.719, 13.72, 13.721, 13.722, 13.723, 13.724, 13.725, 13.726, 13.727, 13.728, 13.729, 13.73, 13.731, 13.732, 13.733, 13.734, 13.735, 13.736, 13.737, 13.738, 13.739, 13.74, 13.741, 13.742, 13.743, 13.744, 13.745, 13.746, 13.747, 13.748, 13.749, 13.75, 13.751, 13.752, 13.753, 13.754, 13.755, 13.756, 13.757, 13.758, 13.759, 13.76, 13.761, 13.762, 13.763, 13.764, 13.765, 13.766, 13.767, 13.768, 13.769, 13.77, 13.771, 13.772, 13.773, 13.774, 13.775, 13.776, 13.777, 13.778, 13.779, 13.78, 13.781, 13.782, 13.783, 13.784, 13.785, 13.786, 13.787, 13.788, 13.789, 13.79, 13.791, 13.792, 13.793, 13.794, 13.795, 13.796, 13.797, 13.798, 13.799, 13.8, 13.836, 13.945, 14.071, 14.097]
---
Round: 145, Unk. prob.: 4.962e-01
Surv probs: 5.038e-01, Fail probs: 1.000e-05
No. of non-dominant rules: 14469, Survival rules: 14456, Failure rules: 13
Batch update: 96 rules added, 0 existing rules removed (0 new rules dominated)
Survival: 96 rules added, 0 removed (from 96 candidates)
Updated sys_vals: [13.638, 13.654, 13.659, 13.66, 13.663, 13.664, 13.665, 13.666, 13.667, 13.668, 13.669, 13.67, 13.671, 13.672, 13.673, 13.675, 13.676, 13.677, 13.678, 13.679, 13.68, 13.681, 13.682, 13.683, 13.684, 13.685, 13.686, 13.687, 13.688, 13.689, 13.69, 13.691, 13.692, 13.693, 13.694, 13.695, 13.696, 13.697, 13.698, 13.699, 13.7, 13.701, 13.702, 13.703, 13.704, 13.705, 13.706, 13.707, 13.708, 13.709, 13.71, 13.711, 13.712, 13.713, 13.714, 13.715, 13.716, 13.717, 13.718, 13.719, 13.72, 13.721, 13.722, 13.723, 13.724, 13.725, 13.726, 13.727, 13.728, 13.729, 13.73, 13.731, 13.732, 13.733, 13.734, 13.735, 13.736, 13.737, 13.738, 13.739, 13.74, 13.741, 13.742, 13.743, 13.744, 13.745, 13.746, 13.747, 13.748, 13.749, 13.75, 13.751, 13.752, 13.753, 13.754, 13.755, 13.756, 13.757, 13.758, 13.759, 13.76, 13.761, 13.762, 13.763, 13.764, 13.765, 13.766, 13.767, 13.768, 13.769, 13.77, 13.771, 13.772, 13.773, 13.774, 13.775, 13.776, 13.777, 13.778, 13.779, 13.78, 13.781, 13.782, 13.783, 13.784, 13.785, 13.786, 13.787, 13.788, 13.789, 13.79, 13.791, 13.792, 13.793, 13.794, 13.795, 13.796, 13.797, 13.798, 13.799, 13.8, 13.836, 13.945, 14.071, 14.097]
---
Round: 146, Unk. prob.: 4.961e-01
Surv probs: 5.038e-01, Fail probs: 1.000e-05
No. of non-dominant rules: 14565, Survival rules: 14552, Failure rules: 13
Batch update: 96 rules added, 0 existing rules removed (0 new rules dominated)
Survival: 96 rules added, 0 removed (from 96 candidates)
Updated sys_vals: [13.638, 13.654, 13.659, 13.66, 13.663, 13.664, 13.665, 13.666, 13.667, 13.668, 13.669, 13.67, 13.671, 13.672, 13.673, 13.675, 13.676, 13.677, 13.678, 13.679, 13.68, 13.681, 13.682, 13.683, 13.684, 13.685, 13.686, 13.687, 13.688, 13.689, 13.69, 13.691, 13.692, 13.693, 13.694, 13.695, 13.696, 13.697, 13.698, 13.699, 13.7, 13.701, 13.702, 13.703, 13.704, 13.705, 13.706, 13.707, 13.708, 13.709, 13.71, 13.711, 13.712, 13.713, 13.714, 13.715, 13.716, 13.717, 13.718, 13.719, 13.72, 13.721, 13.722, 13.723, 13.724, 13.725, 13.726, 13.727, 13.728, 13.729, 13.73, 13.731, 13.732, 13.733, 13.734, 13.735, 13.736, 13.737, 13.738, 13.739, 13.74, 13.741, 13.742, 13.743, 13.744, 13.745, 13.746, 13.747, 13.748, 13.749, 13.75, 13.751, 13.752, 13.753, 13.754, 13.755, 13.756, 13.757, 13.758, 13.759, 13.76, 13.761, 13.762, 13.763, 13.764, 13.765, 13.766, 13.767, 13.768, 13.769, 13.77, 13.771, 13.772, 13.773, 13.774, 13.775, 13.776, 13.777, 13.778, 13.779, 13.78, 13.781, 13.782, 13.783, 13.784, 13.785, 13.786, 13.787, 13.788, 13.789, 13.79, 13.791, 13.792, 13.793, 13.794, 13.795, 13.796, 13.797, 13.798, 13.799, 13.8, 13.836, 13.945, 14.071, 14.097]
---
Round: 147, Unk. prob.: 4.944e-01
Surv probs: 5.057e-01, Fail probs: 0.000e+00
No. of non-dominant rules: 14661, Survival rules: 14648, Failure rules: 13
Batch update: 96 rules added, 0 existing rules removed (0 new rules dominated)
Survival: 96 rules added, 0 removed (from 96 candidates)
Updated sys_vals: [13.638, 13.654, 13.659, 13.66, 13.663, 13.664, 13.665, 13.666, 13.667, 13.668, 13.669, 13.67, 13.671, 13.672, 13.673, 13.675, 13.676, 13.677, 13.678, 13.679, 13.68, 13.681, 13.682, 13.683, 13.684, 13.685, 13.686, 13.687, 13.688, 13.689, 13.69, 13.691, 13.692, 13.693, 13.694, 13.695, 13.696, 13.697, 13.698, 13.699, 13.7, 13.701, 13.702, 13.703, 13.704, 13.705, 13.706, 13.707, 13.708, 13.709, 13.71, 13.711, 13.712, 13.713, 13.714, 13.715, 13.716, 13.717, 13.718, 13.719, 13.72, 13.721, 13.722, 13.723, 13.724, 13.725, 13.726, 13.727, 13.728, 13.729, 13.73, 13.731, 13.732, 13.733, 13.734, 13.735, 13.736, 13.737, 13.738, 13.739, 13.74, 13.741, 13.742, 13.743, 13.744, 13.745, 13.746, 13.747, 13.748, 13.749, 13.75, 13.751, 13.752, 13.753, 13.754, 13.755, 13.756, 13.757, 13.758, 13.759, 13.76, 13.761, 13.762, 13.763, 13.764, 13.765, 13.766, 13.767, 13.768, 13.769, 13.77, 13.771, 13.772, 13.773, 13.774, 13.775, 13.776, 13.777, 13.778, 13.779, 13.78, 13.781, 13.782, 13.783, 13.784, 13.785, 13.786, 13.787, 13.788, 13.789, 13.79, 13.791, 13.792, 13.793, 13.794, 13.795, 13.796, 13.797, 13.798, 13.799, 13.8, 13.836, 13.945, 14.071, 14.097]
---
Round: 148, Unk. prob.: 4.917e-01
Surv probs: 5.082e-01, Fail probs: 4.000e-05
No. of non-dominant rules: 14757, Survival rules: 14744, Failure rules: 13
Batch update: 96 rules added, 0 existing rules removed (0 new rules dominated)
Survival: 96 rules added, 0 removed (from 96 candidates)
Updated sys_vals: [13.638, 13.654, 13.659, 13.66, 13.663, 13.664, 13.665, 13.666, 13.667, 13.668, 13.669, 13.67, 13.671, 13.672, 13.673, 13.675, 13.676, 13.677, 13.678, 13.679, 13.68, 13.681, 13.682, 13.683, 13.684, 13.685, 13.686, 13.687, 13.688, 13.689, 13.69, 13.691, 13.692, 13.693, 13.694, 13.695, 13.696, 13.697, 13.698, 13.699, 13.7, 13.701, 13.702, 13.703, 13.704, 13.705, 13.706, 13.707, 13.708, 13.709, 13.71, 13.711, 13.712, 13.713, 13.714, 13.715, 13.716, 13.717, 13.718, 13.719, 13.72, 13.721, 13.722, 13.723, 13.724, 13.725, 13.726, 13.727, 13.728, 13.729, 13.73, 13.731, 13.732, 13.733, 13.734, 13.735, 13.736, 13.737, 13.738, 13.739, 13.74, 13.741, 13.742, 13.743, 13.744, 13.745, 13.746, 13.747, 13.748, 13.749, 13.75, 13.751, 13.752, 13.753, 13.754, 13.755, 13.756, 13.757, 13.758, 13.759, 13.76, 13.761, 13.762, 13.763, 13.764, 13.765, 13.766, 13.767, 13.768, 13.769, 13.77, 13.771, 13.772, 13.773, 13.774, 13.775, 13.776, 13.777, 13.778, 13.779, 13.78, 13.781, 13.782, 13.783, 13.784, 13.785, 13.786, 13.787, 13.788, 13.789, 13.79, 13.791, 13.792, 13.793, 13.794, 13.795, 13.796, 13.797, 13.798, 13.799, 13.8, 13.836, 13.945, 14.071, 14.097]
---
Round: 149, Unk. prob.: 4.912e-01
Surv probs: 5.088e-01, Fail probs: 1.000e-05
No. of non-dominant rules: 14853, Survival rules: 14840, Failure rules: 13
Batch update: 96 rules added, 0 existing rules removed (0 new rules dominated)
Survival: 96 rules added, 0 removed (from 96 candidates)
Updated sys_vals: [13.638, 13.654, 13.659, 13.66, 13.663, 13.664, 13.665, 13.666, 13.667, 13.668, 13.669, 13.67, 13.671, 13.672, 13.673, 13.675, 13.676, 13.677, 13.678, 13.679, 13.68, 13.681, 13.682, 13.683, 13.684, 13.685, 13.686, 13.687, 13.688, 13.689, 13.69, 13.691, 13.692, 13.693, 13.694, 13.695, 13.696, 13.697, 13.698, 13.699, 13.7, 13.701, 13.702, 13.703, 13.704, 13.705, 13.706, 13.707, 13.708, 13.709, 13.71, 13.711, 13.712, 13.713, 13.714, 13.715, 13.716, 13.717, 13.718, 13.719, 13.72, 13.721, 13.722, 13.723, 13.724, 13.725, 13.726, 13.727, 13.728, 13.729, 13.73, 13.731, 13.732, 13.733, 13.734, 13.735, 13.736, 13.737, 13.738, 13.739, 13.74, 13.741, 13.742, 13.743, 13.744, 13.745, 13.746, 13.747, 13.748, 13.749, 13.75, 13.751, 13.752, 13.753, 13.754, 13.755, 13.756, 13.757, 13.758, 13.759, 13.76, 13.761, 13.762, 13.763, 13.764, 13.765, 13.766, 13.767, 13.768, 13.769, 13.77, 13.771, 13.772, 13.773, 13.774, 13.775, 13.776, 13.777, 13.778, 13.779, 13.78, 13.781, 13.782, 13.783, 13.784, 13.785, 13.786, 13.787, 13.788, 13.789, 13.79, 13.791, 13.792, 13.793, 13.794, 13.795, 13.796, 13.797, 13.798, 13.799, 13.8, 13.836, 13.945, 14.071, 14.097]
---
Round: 150, Unk. prob.: 4.933e-01
Surv probs: 5.067e-01, Fail probs: 0.000e+00
No. of non-dominant rules: 14949, Survival rules: 14936, Failure rules: 13
Batch update: 96 rules added, 0 existing rules removed (0 new rules dominated)
Survival: 96 rules added, 0 removed (from 96 candidates)
Updated sys_vals: [13.638, 13.654, 13.659, 13.66, 13.663, 13.664, 13.665, 13.666, 13.667, 13.668, 13.669, 13.67, 13.671, 13.672, 13.673, 13.675, 13.676, 13.677, 13.678, 13.679, 13.68, 13.681, 13.682, 13.683, 13.684, 13.685, 13.686, 13.687, 13.688, 13.689, 13.69, 13.691, 13.692, 13.693, 13.694, 13.695, 13.696, 13.697, 13.698, 13.699, 13.7, 13.701, 13.702, 13.703, 13.704, 13.705, 13.706, 13.707, 13.708, 13.709, 13.71, 13.711, 13.712, 13.713, 13.714, 13.715, 13.716, 13.717, 13.718, 13.719, 13.72, 13.721, 13.722, 13.723, 13.724, 13.725, 13.726, 13.727, 13.728, 13.729, 13.73, 13.731, 13.732, 13.733, 13.734, 13.735, 13.736, 13.737, 13.738, 13.739, 13.74, 13.741, 13.742, 13.743, 13.744, 13.745, 13.746, 13.747, 13.748, 13.749, 13.75, 13.751, 13.752, 13.753, 13.754, 13.755, 13.756, 13.757, 13.758, 13.759, 13.76, 13.761, 13.762, 13.763, 13.764, 13.765, 13.766, 13.767, 13.768, 13.769, 13.77, 13.771, 13.772, 13.773, 13.774, 13.775, 13.776, 13.777, 13.778, 13.779, 13.78, 13.781, 13.782, 13.783, 13.784, 13.785, 13.786, 13.787, 13.788, 13.789, 13.79, 13.791, 13.792, 13.793, 13.794, 13.795, 13.796, 13.797, 13.798, 13.799, 13.8, 13.836, 13.945, 14.071, 14.097]
---
Round: 151, Unk. prob.: 4.933e-01
Surv probs: 5.067e-01, Fail probs: 0.000e+00
No. of non-dominant rules: 15045, Survival rules: 15032, Failure rules: 13
Batch update: 96 rules added, 0 existing rules removed (0 new rules dominated)
Survival: 96 rules added, 0 removed (from 96 candidates)
Updated sys_vals: [13.638, 13.654, 13.659, 13.66, 13.663, 13.664, 13.665, 13.666, 13.667, 13.668, 13.669, 13.67, 13.671, 13.672, 13.673, 13.675, 13.676, 13.677, 13.678, 13.679, 13.68, 13.681, 13.682, 13.683, 13.684, 13.685, 13.686, 13.687, 13.688, 13.689, 13.69, 13.691, 13.692, 13.693, 13.694, 13.695, 13.696, 13.697, 13.698, 13.699, 13.7, 13.701, 13.702, 13.703, 13.704, 13.705, 13.706, 13.707, 13.708, 13.709, 13.71, 13.711, 13.712, 13.713, 13.714, 13.715, 13.716, 13.717, 13.718, 13.719, 13.72, 13.721, 13.722, 13.723, 13.724, 13.725, 13.726, 13.727, 13.728, 13.729, 13.73, 13.731, 13.732, 13.733, 13.734, 13.735, 13.736, 13.737, 13.738, 13.739, 13.74, 13.741, 13.742, 13.743, 13.744, 13.745, 13.746, 13.747, 13.748, 13.749, 13.75, 13.751, 13.752, 13.753, 13.754, 13.755, 13.756, 13.757, 13.758, 13.759, 13.76, 13.761, 13.762, 13.763, 13.764, 13.765, 13.766, 13.767, 13.768, 13.769, 13.77, 13.771, 13.772, 13.773, 13.774, 13.775, 13.776, 13.777, 13.778, 13.779, 13.78, 13.781, 13.782, 13.783, 13.784, 13.785, 13.786, 13.787, 13.788, 13.789, 13.79, 13.791, 13.792, 13.793, 13.794, 13.795, 13.796, 13.797, 13.798, 13.799, 13.8, 13.836, 13.945, 14.071, 14.097]
---
Round: 152, Unk. prob.: 4.895e-01
Surv probs: 5.104e-01, Fail probs: 2.000e-05
No. of non-dominant rules: 15141, Survival rules: 15128, Failure rules: 13
Batch update: 96 rules added, 0 existing rules removed (0 new rules dominated)
Survival: 96 rules added, 0 removed (from 96 candidates)
Updated sys_vals: [13.638, 13.654, 13.659, 13.66, 13.663, 13.664, 13.665, 13.666, 13.667, 13.668, 13.669, 13.67, 13.671, 13.672, 13.673, 13.675, 13.676, 13.677, 13.678, 13.679, 13.68, 13.681, 13.682, 13.683, 13.684, 13.685, 13.686, 13.687, 13.688, 13.689, 13.69, 13.691, 13.692, 13.693, 13.694, 13.695, 13.696, 13.697, 13.698, 13.699, 13.7, 13.701, 13.702, 13.703, 13.704, 13.705, 13.706, 13.707, 13.708, 13.709, 13.71, 13.711, 13.712, 13.713, 13.714, 13.715, 13.716, 13.717, 13.718, 13.719, 13.72, 13.721, 13.722, 13.723, 13.724, 13.725, 13.726, 13.727, 13.728, 13.729, 13.73, 13.731, 13.732, 13.733, 13.734, 13.735, 13.736, 13.737, 13.738, 13.739, 13.74, 13.741, 13.742, 13.743, 13.744, 13.745, 13.746, 13.747, 13.748, 13.749, 13.75, 13.751, 13.752, 13.753, 13.754, 13.755, 13.756, 13.757, 13.758, 13.759, 13.76, 13.761, 13.762, 13.763, 13.764, 13.765, 13.766, 13.767, 13.768, 13.769, 13.77, 13.771, 13.772, 13.773, 13.774, 13.775, 13.776, 13.777, 13.778, 13.779, 13.78, 13.781, 13.782, 13.783, 13.784, 13.785, 13.786, 13.787, 13.788, 13.789, 13.79, 13.791, 13.792, 13.793, 13.794, 13.795, 13.796, 13.797, 13.798, 13.799, 13.8, 13.836, 13.945, 14.071, 14.097]
---
Round: 153, Unk. prob.: 4.919e-01
Surv probs: 5.081e-01, Fail probs: 2.000e-05
No. of non-dominant rules: 15237, Survival rules: 15224, Failure rules: 13
Batch update: 96 rules added, 0 existing rules removed (0 new rules dominated)
Survival: 96 rules added, 0 removed (from 96 candidates)
Updated sys_vals: [13.638, 13.654, 13.659, 13.66, 13.663, 13.664, 13.665, 13.666, 13.667, 13.668, 13.669, 13.67, 13.671, 13.672, 13.673, 13.675, 13.676, 13.677, 13.678, 13.679, 13.68, 13.681, 13.682, 13.683, 13.684, 13.685, 13.686, 13.687, 13.688, 13.689, 13.69, 13.691, 13.692, 13.693, 13.694, 13.695, 13.696, 13.697, 13.698, 13.699, 13.7, 13.701, 13.702, 13.703, 13.704, 13.705, 13.706, 13.707, 13.708, 13.709, 13.71, 13.711, 13.712, 13.713, 13.714, 13.715, 13.716, 13.717, 13.718, 13.719, 13.72, 13.721, 13.722, 13.723, 13.724, 13.725, 13.726, 13.727, 13.728, 13.729, 13.73, 13.731, 13.732, 13.733, 13.734, 13.735, 13.736, 13.737, 13.738, 13.739, 13.74, 13.741, 13.742, 13.743, 13.744, 13.745, 13.746, 13.747, 13.748, 13.749, 13.75, 13.751, 13.752, 13.753, 13.754, 13.755, 13.756, 13.757, 13.758, 13.759, 13.76, 13.761, 13.762, 13.763, 13.764, 13.765, 13.766, 13.767, 13.768, 13.769, 13.77, 13.771, 13.772, 13.773, 13.774, 13.775, 13.776, 13.777, 13.778, 13.779, 13.78, 13.781, 13.782, 13.783, 13.784, 13.785, 13.786, 13.787, 13.788, 13.789, 13.79, 13.791, 13.792, 13.793, 13.794, 13.795, 13.796, 13.797, 13.798, 13.799, 13.8, 13.836, 13.945, 14.071, 14.097]
---
Round: 154, Unk. prob.: 4.884e-01
Surv probs: 5.116e-01, Fail probs: 1.000e-05
No. of non-dominant rules: 15333, Survival rules: 15320, Failure rules: 13
Batch update: 96 rules added, 0 existing rules removed (0 new rules dominated)
Survival: 96 rules added, 0 removed (from 96 candidates)
Updated sys_vals: [13.638, 13.654, 13.659, 13.66, 13.663, 13.664, 13.665, 13.666, 13.667, 13.668, 13.669, 13.67, 13.671, 13.672, 13.673, 13.675, 13.676, 13.677, 13.678, 13.679, 13.68, 13.681, 13.682, 13.683, 13.684, 13.685, 13.686, 13.687, 13.688, 13.689, 13.69, 13.691, 13.692, 13.693, 13.694, 13.695, 13.696, 13.697, 13.698, 13.699, 13.7, 13.701, 13.702, 13.703, 13.704, 13.705, 13.706, 13.707, 13.708, 13.709, 13.71, 13.711, 13.712, 13.713, 13.714, 13.715, 13.716, 13.717, 13.718, 13.719, 13.72, 13.721, 13.722, 13.723, 13.724, 13.725, 13.726, 13.727, 13.728, 13.729, 13.73, 13.731, 13.732, 13.733, 13.734, 13.735, 13.736, 13.737, 13.738, 13.739, 13.74, 13.741, 13.742, 13.743, 13.744, 13.745, 13.746, 13.747, 13.748, 13.749, 13.75, 13.751, 13.752, 13.753, 13.754, 13.755, 13.756, 13.757, 13.758, 13.759, 13.76, 13.761, 13.762, 13.763, 13.764, 13.765, 13.766, 13.767, 13.768, 13.769, 13.77, 13.771, 13.772, 13.773, 13.774, 13.775, 13.776, 13.777, 13.778, 13.779, 13.78, 13.781, 13.782, 13.783, 13.784, 13.785, 13.786, 13.787, 13.788, 13.789, 13.79, 13.791, 13.792, 13.793, 13.794, 13.795, 13.796, 13.797, 13.798, 13.799, 13.8, 13.836, 13.945, 14.071, 14.097]
---
Round: 155, Unk. prob.: 4.874e-01
Surv probs: 5.126e-01, Fail probs: 1.000e-05
No. of non-dominant rules: 15429, Survival rules: 15416, Failure rules: 13
Batch update: 96 rules added, 0 existing rules removed (0 new rules dominated)
Survival: 96 rules added, 0 removed (from 96 candidates)
Updated sys_vals: [13.638, 13.654, 13.659, 13.66, 13.663, 13.664, 13.665, 13.666, 13.667, 13.668, 13.669, 13.67, 13.671, 13.672, 13.673, 13.675, 13.676, 13.677, 13.678, 13.679, 13.68, 13.681, 13.682, 13.683, 13.684, 13.685, 13.686, 13.687, 13.688, 13.689, 13.69, 13.691, 13.692, 13.693, 13.694, 13.695, 13.696, 13.697, 13.698, 13.699, 13.7, 13.701, 13.702, 13.703, 13.704, 13.705, 13.706, 13.707, 13.708, 13.709, 13.71, 13.711, 13.712, 13.713, 13.714, 13.715, 13.716, 13.717, 13.718, 13.719, 13.72, 13.721, 13.722, 13.723, 13.724, 13.725, 13.726, 13.727, 13.728, 13.729, 13.73, 13.731, 13.732, 13.733, 13.734, 13.735, 13.736, 13.737, 13.738, 13.739, 13.74, 13.741, 13.742, 13.743, 13.744, 13.745, 13.746, 13.747, 13.748, 13.749, 13.75, 13.751, 13.752, 13.753, 13.754, 13.755, 13.756, 13.757, 13.758, 13.759, 13.76, 13.761, 13.762, 13.763, 13.764, 13.765, 13.766, 13.767, 13.768, 13.769, 13.77, 13.771, 13.772, 13.773, 13.774, 13.775, 13.776, 13.777, 13.778, 13.779, 13.78, 13.781, 13.782, 13.783, 13.784, 13.785, 13.786, 13.787, 13.788, 13.789, 13.79, 13.791, 13.792, 13.793, 13.794, 13.795, 13.796, 13.797, 13.798, 13.799, 13.8, 13.836, 13.945, 14.071, 14.097]
---
Round: 156, Unk. prob.: 4.880e-01
Surv probs: 5.120e-01, Fail probs: 1.000e-05
No. of non-dominant rules: 15525, Survival rules: 15512, Failure rules: 13
Batch update: 96 rules added, 0 existing rules removed (0 new rules dominated)
Survival: 96 rules added, 0 removed (from 96 candidates)
Updated sys_vals: [13.638, 13.654, 13.659, 13.66, 13.663, 13.664, 13.665, 13.666, 13.667, 13.668, 13.669, 13.67, 13.671, 13.672, 13.673, 13.675, 13.676, 13.677, 13.678, 13.679, 13.68, 13.681, 13.682, 13.683, 13.684, 13.685, 13.686, 13.687, 13.688, 13.689, 13.69, 13.691, 13.692, 13.693, 13.694, 13.695, 13.696, 13.697, 13.698, 13.699, 13.7, 13.701, 13.702, 13.703, 13.704, 13.705, 13.706, 13.707, 13.708, 13.709, 13.71, 13.711, 13.712, 13.713, 13.714, 13.715, 13.716, 13.717, 13.718, 13.719, 13.72, 13.721, 13.722, 13.723, 13.724, 13.725, 13.726, 13.727, 13.728, 13.729, 13.73, 13.731, 13.732, 13.733, 13.734, 13.735, 13.736, 13.737, 13.738, 13.739, 13.74, 13.741, 13.742, 13.743, 13.744, 13.745, 13.746, 13.747, 13.748, 13.749, 13.75, 13.751, 13.752, 13.753, 13.754, 13.755, 13.756, 13.757, 13.758, 13.759, 13.76, 13.761, 13.762, 13.763, 13.764, 13.765, 13.766, 13.767, 13.768, 13.769, 13.77, 13.771, 13.772, 13.773, 13.774, 13.775, 13.776, 13.777, 13.778, 13.779, 13.78, 13.781, 13.782, 13.783, 13.784, 13.785, 13.786, 13.787, 13.788, 13.789, 13.79, 13.791, 13.792, 13.793, 13.794, 13.795, 13.796, 13.797, 13.798, 13.799, 13.8, 13.836, 13.945, 14.071, 14.097]
---
Round: 157, Unk. prob.: 4.861e-01
Surv probs: 5.139e-01, Fail probs: 2.000e-05
No. of non-dominant rules: 15621, Survival rules: 15608, Failure rules: 13
Batch update: 96 rules added, 0 existing rules removed (0 new rules dominated)
Survival: 96 rules added, 0 removed (from 96 candidates)
Updated sys_vals: [13.638, 13.654, 13.659, 13.66, 13.663, 13.664, 13.665, 13.666, 13.667, 13.668, 13.669, 13.67, 13.671, 13.672, 13.673, 13.675, 13.676, 13.677, 13.678, 13.679, 13.68, 13.681, 13.682, 13.683, 13.684, 13.685, 13.686, 13.687, 13.688, 13.689, 13.69, 13.691, 13.692, 13.693, 13.694, 13.695, 13.696, 13.697, 13.698, 13.699, 13.7, 13.701, 13.702, 13.703, 13.704, 13.705, 13.706, 13.707, 13.708, 13.709, 13.71, 13.711, 13.712, 13.713, 13.714, 13.715, 13.716, 13.717, 13.718, 13.719, 13.72, 13.721, 13.722, 13.723, 13.724, 13.725, 13.726, 13.727, 13.728, 13.729, 13.73, 13.731, 13.732, 13.733, 13.734, 13.735, 13.736, 13.737, 13.738, 13.739, 13.74, 13.741, 13.742, 13.743, 13.744, 13.745, 13.746, 13.747, 13.748, 13.749, 13.75, 13.751, 13.752, 13.753, 13.754, 13.755, 13.756, 13.757, 13.758, 13.759, 13.76, 13.761, 13.762, 13.763, 13.764, 13.765, 13.766, 13.767, 13.768, 13.769, 13.77, 13.771, 13.772, 13.773, 13.774, 13.775, 13.776, 13.777, 13.778, 13.779, 13.78, 13.781, 13.782, 13.783, 13.784, 13.785, 13.786, 13.787, 13.788, 13.789, 13.79, 13.791, 13.792, 13.793, 13.794, 13.795, 13.796, 13.797, 13.798, 13.799, 13.8, 13.836, 13.945, 14.071, 14.097]
---
Round: 158, Unk. prob.: 4.846e-01
Surv probs: 5.154e-01, Fail probs: 2.000e-05
No. of non-dominant rules: 15717, Survival rules: 15704, Failure rules: 13
Batch update: 96 rules added, 0 existing rules removed (0 new rules dominated)
Survival: 96 rules added, 0 removed (from 96 candidates)
Updated sys_vals: [13.638, 13.654, 13.659, 13.66, 13.663, 13.664, 13.665, 13.666, 13.667, 13.668, 13.669, 13.67, 13.671, 13.672, 13.673, 13.675, 13.676, 13.677, 13.678, 13.679, 13.68, 13.681, 13.682, 13.683, 13.684, 13.685, 13.686, 13.687, 13.688, 13.689, 13.69, 13.691, 13.692, 13.693, 13.694, 13.695, 13.696, 13.697, 13.698, 13.699, 13.7, 13.701, 13.702, 13.703, 13.704, 13.705, 13.706, 13.707, 13.708, 13.709, 13.71, 13.711, 13.712, 13.713, 13.714, 13.715, 13.716, 13.717, 13.718, 13.719, 13.72, 13.721, 13.722, 13.723, 13.724, 13.725, 13.726, 13.727, 13.728, 13.729, 13.73, 13.731, 13.732, 13.733, 13.734, 13.735, 13.736, 13.737, 13.738, 13.739, 13.74, 13.741, 13.742, 13.743, 13.744, 13.745, 13.746, 13.747, 13.748, 13.749, 13.75, 13.751, 13.752, 13.753, 13.754, 13.755, 13.756, 13.757, 13.758, 13.759, 13.76, 13.761, 13.762, 13.763, 13.764, 13.765, 13.766, 13.767, 13.768, 13.769, 13.77, 13.771, 13.772, 13.773, 13.774, 13.775, 13.776, 13.777, 13.778, 13.779, 13.78, 13.781, 13.782, 13.783, 13.784, 13.785, 13.786, 13.787, 13.788, 13.789, 13.79, 13.791, 13.792, 13.793, 13.794, 13.795, 13.796, 13.797, 13.798, 13.799, 13.8, 13.836, 13.945, 14.071, 14.097]
---
Round: 159, Unk. prob.: 4.833e-01
Surv probs: 5.167e-01, Fail probs: 1.000e-05
No. of non-dominant rules: 15813, Survival rules: 15800, Failure rules: 13
Batch update: 96 rules added, 0 existing rules removed (0 new rules dominated)
Survival: 96 rules added, 0 removed (from 96 candidates)
Updated sys_vals: [13.638, 13.654, 13.659, 13.66, 13.663, 13.664, 13.665, 13.666, 13.667, 13.668, 13.669, 13.67, 13.671, 13.672, 13.673, 13.675, 13.676, 13.677, 13.678, 13.679, 13.68, 13.681, 13.682, 13.683, 13.684, 13.685, 13.686, 13.687, 13.688, 13.689, 13.69, 13.691, 13.692, 13.693, 13.694, 13.695, 13.696, 13.697, 13.698, 13.699, 13.7, 13.701, 13.702, 13.703, 13.704, 13.705, 13.706, 13.707, 13.708, 13.709, 13.71, 13.711, 13.712, 13.713, 13.714, 13.715, 13.716, 13.717, 13.718, 13.719, 13.72, 13.721, 13.722, 13.723, 13.724, 13.725, 13.726, 13.727, 13.728, 13.729, 13.73, 13.731, 13.732, 13.733, 13.734, 13.735, 13.736, 13.737, 13.738, 13.739, 13.74, 13.741, 13.742, 13.743, 13.744, 13.745, 13.746, 13.747, 13.748, 13.749, 13.75, 13.751, 13.752, 13.753, 13.754, 13.755, 13.756, 13.757, 13.758, 13.759, 13.76, 13.761, 13.762, 13.763, 13.764, 13.765, 13.766, 13.767, 13.768, 13.769, 13.77, 13.771, 13.772, 13.773, 13.774, 13.775, 13.776, 13.777, 13.778, 13.779, 13.78, 13.781, 13.782, 13.783, 13.784, 13.785, 13.786, 13.787, 13.788, 13.789, 13.79, 13.791, 13.792, 13.793, 13.794, 13.795, 13.796, 13.797, 13.798, 13.799, 13.8, 13.836, 13.945, 14.071, 14.097]
---
Round: 160, Unk. prob.: 4.857e-01
Surv probs: 5.143e-01, Fail probs: 2.000e-05
No. of non-dominant rules: 15909, Survival rules: 15896, Failure rules: 13
Batch update: 96 rules added, 0 existing rules removed (0 new rules dominated)
Survival: 96 rules added, 0 removed (from 96 candidates)
Updated sys_vals: [13.638, 13.654, 13.659, 13.66, 13.663, 13.664, 13.665, 13.666, 13.667, 13.668, 13.669, 13.67, 13.671, 13.672, 13.673, 13.675, 13.676, 13.677, 13.678, 13.679, 13.68, 13.681, 13.682, 13.683, 13.684, 13.685, 13.686, 13.687, 13.688, 13.689, 13.69, 13.691, 13.692, 13.693, 13.694, 13.695, 13.696, 13.697, 13.698, 13.699, 13.7, 13.701, 13.702, 13.703, 13.704, 13.705, 13.706, 13.707, 13.708, 13.709, 13.71, 13.711, 13.712, 13.713, 13.714, 13.715, 13.716, 13.717, 13.718, 13.719, 13.72, 13.721, 13.722, 13.723, 13.724, 13.725, 13.726, 13.727, 13.728, 13.729, 13.73, 13.731, 13.732, 13.733, 13.734, 13.735, 13.736, 13.737, 13.738, 13.739, 13.74, 13.741, 13.742, 13.743, 13.744, 13.745, 13.746, 13.747, 13.748, 13.749, 13.75, 13.751, 13.752, 13.753, 13.754, 13.755, 13.756, 13.757, 13.758, 13.759, 13.76, 13.761, 13.762, 13.763, 13.764, 13.765, 13.766, 13.767, 13.768, 13.769, 13.77, 13.771, 13.772, 13.773, 13.774, 13.775, 13.776, 13.777, 13.778, 13.779, 13.78, 13.781, 13.782, 13.783, 13.784, 13.785, 13.786, 13.787, 13.788, 13.789, 13.79, 13.791, 13.792, 13.793, 13.794, 13.795, 13.796, 13.797, 13.798, 13.799, 13.8, 13.836, 13.945, 14.071, 14.097]
---
Round: 161, Unk. prob.: 4.818e-01
Surv probs: 5.182e-01, Fail probs: 1.000e-05
No. of non-dominant rules: 16005, Survival rules: 15992, Failure rules: 13
Batch update: 96 rules added, 0 existing rules removed (0 new rules dominated)
Survival: 96 rules added, 0 removed (from 96 candidates)
Updated sys_vals: [13.638, 13.654, 13.659, 13.66, 13.663, 13.664, 13.665, 13.666, 13.667, 13.668, 13.669, 13.67, 13.671, 13.672, 13.673, 13.675, 13.676, 13.677, 13.678, 13.679, 13.68, 13.681, 13.682, 13.683, 13.684, 13.685, 13.686, 13.687, 13.688, 13.689, 13.69, 13.691, 13.692, 13.693, 13.694, 13.695, 13.696, 13.697, 13.698, 13.699, 13.7, 13.701, 13.702, 13.703, 13.704, 13.705, 13.706, 13.707, 13.708, 13.709, 13.71, 13.711, 13.712, 13.713, 13.714, 13.715, 13.716, 13.717, 13.718, 13.719, 13.72, 13.721, 13.722, 13.723, 13.724, 13.725, 13.726, 13.727, 13.728, 13.729, 13.73, 13.731, 13.732, 13.733, 13.734, 13.735, 13.736, 13.737, 13.738, 13.739, 13.74, 13.741, 13.742, 13.743, 13.744, 13.745, 13.746, 13.747, 13.748, 13.749, 13.75, 13.751, 13.752, 13.753, 13.754, 13.755, 13.756, 13.757, 13.758, 13.759, 13.76, 13.761, 13.762, 13.763, 13.764, 13.765, 13.766, 13.767, 13.768, 13.769, 13.77, 13.771, 13.772, 13.773, 13.774, 13.775, 13.776, 13.777, 13.778, 13.779, 13.78, 13.781, 13.782, 13.783, 13.784, 13.785, 13.786, 13.787, 13.788, 13.789, 13.79, 13.791, 13.792, 13.793, 13.794, 13.795, 13.796, 13.797, 13.798, 13.799, 13.8, 13.836, 13.945, 14.071, 14.097]
---
Round: 162, Unk. prob.: 4.771e-01
Surv probs: 5.229e-01, Fail probs: 2.000e-05
No. of non-dominant rules: 16101, Survival rules: 16088, Failure rules: 13
Batch update: 96 rules added, 0 existing rules removed (0 new rules dominated)
Survival: 96 rules added, 0 removed (from 96 candidates)
Updated sys_vals: [13.638, 13.654, 13.659, 13.66, 13.663, 13.664, 13.665, 13.666, 13.667, 13.668, 13.669, 13.67, 13.671, 13.672, 13.673, 13.675, 13.676, 13.677, 13.678, 13.679, 13.68, 13.681, 13.682, 13.683, 13.684, 13.685, 13.686, 13.687, 13.688, 13.689, 13.69, 13.691, 13.692, 13.693, 13.694, 13.695, 13.696, 13.697, 13.698, 13.699, 13.7, 13.701, 13.702, 13.703, 13.704, 13.705, 13.706, 13.707, 13.708, 13.709, 13.71, 13.711, 13.712, 13.713, 13.714, 13.715, 13.716, 13.717, 13.718, 13.719, 13.72, 13.721, 13.722, 13.723, 13.724, 13.725, 13.726, 13.727, 13.728, 13.729, 13.73, 13.731, 13.732, 13.733, 13.734, 13.735, 13.736, 13.737, 13.738, 13.739, 13.74, 13.741, 13.742, 13.743, 13.744, 13.745, 13.746, 13.747, 13.748, 13.749, 13.75, 13.751, 13.752, 13.753, 13.754, 13.755, 13.756, 13.757, 13.758, 13.759, 13.76, 13.761, 13.762, 13.763, 13.764, 13.765, 13.766, 13.767, 13.768, 13.769, 13.77, 13.771, 13.772, 13.773, 13.774, 13.775, 13.776, 13.777, 13.778, 13.779, 13.78, 13.781, 13.782, 13.783, 13.784, 13.785, 13.786, 13.787, 13.788, 13.789, 13.79, 13.791, 13.792, 13.793, 13.794, 13.795, 13.796, 13.797, 13.798, 13.799, 13.8, 13.836, 13.945, 14.071, 14.097]
---
Round: 163, Unk. prob.: 4.814e-01
Surv probs: 5.186e-01, Fail probs: 0.000e+00
No. of non-dominant rules: 16197, Survival rules: 16184, Failure rules: 13
Batch update: 96 rules added, 0 existing rules removed (0 new rules dominated)
Survival: 96 rules added, 0 removed (from 96 candidates)
Updated sys_vals: [13.638, 13.654, 13.659, 13.66, 13.663, 13.664, 13.665, 13.666, 13.667, 13.668, 13.669, 13.67, 13.671, 13.672, 13.673, 13.675, 13.676, 13.677, 13.678, 13.679, 13.68, 13.681, 13.682, 13.683, 13.684, 13.685, 13.686, 13.687, 13.688, 13.689, 13.69, 13.691, 13.692, 13.693, 13.694, 13.695, 13.696, 13.697, 13.698, 13.699, 13.7, 13.701, 13.702, 13.703, 13.704, 13.705, 13.706, 13.707, 13.708, 13.709, 13.71, 13.711, 13.712, 13.713, 13.714, 13.715, 13.716, 13.717, 13.718, 13.719, 13.72, 13.721, 13.722, 13.723, 13.724, 13.725, 13.726, 13.727, 13.728, 13.729, 13.73, 13.731, 13.732, 13.733, 13.734, 13.735, 13.736, 13.737, 13.738, 13.739, 13.74, 13.741, 13.742, 13.743, 13.744, 13.745, 13.746, 13.747, 13.748, 13.749, 13.75, 13.751, 13.752, 13.753, 13.754, 13.755, 13.756, 13.757, 13.758, 13.759, 13.76, 13.761, 13.762, 13.763, 13.764, 13.765, 13.766, 13.767, 13.768, 13.769, 13.77, 13.771, 13.772, 13.773, 13.774, 13.775, 13.776, 13.777, 13.778, 13.779, 13.78, 13.781, 13.782, 13.783, 13.784, 13.785, 13.786, 13.787, 13.788, 13.789, 13.79, 13.791, 13.792, 13.793, 13.794, 13.795, 13.796, 13.797, 13.798, 13.799, 13.8, 13.836, 13.945, 14.071, 14.097]
---
Round: 164, Unk. prob.: 4.793e-01
Surv probs: 5.207e-01, Fail probs: 1.000e-05
No. of non-dominant rules: 16293, Survival rules: 16280, Failure rules: 13
Batch update: 96 rules added, 0 existing rules removed (0 new rules dominated)
Survival: 96 rules added, 0 removed (from 96 candidates)
Updated sys_vals: [13.638, 13.654, 13.659, 13.66, 13.663, 13.664, 13.665, 13.666, 13.667, 13.668, 13.669, 13.67, 13.671, 13.672, 13.673, 13.675, 13.676, 13.677, 13.678, 13.679, 13.68, 13.681, 13.682, 13.683, 13.684, 13.685, 13.686, 13.687, 13.688, 13.689, 13.69, 13.691, 13.692, 13.693, 13.694, 13.695, 13.696, 13.697, 13.698, 13.699, 13.7, 13.701, 13.702, 13.703, 13.704, 13.705, 13.706, 13.707, 13.708, 13.709, 13.71, 13.711, 13.712, 13.713, 13.714, 13.715, 13.716, 13.717, 13.718, 13.719, 13.72, 13.721, 13.722, 13.723, 13.724, 13.725, 13.726, 13.727, 13.728, 13.729, 13.73, 13.731, 13.732, 13.733, 13.734, 13.735, 13.736, 13.737, 13.738, 13.739, 13.74, 13.741, 13.742, 13.743, 13.744, 13.745, 13.746, 13.747, 13.748, 13.749, 13.75, 13.751, 13.752, 13.753, 13.754, 13.755, 13.756, 13.757, 13.758, 13.759, 13.76, 13.761, 13.762, 13.763, 13.764, 13.765, 13.766, 13.767, 13.768, 13.769, 13.77, 13.771, 13.772, 13.773, 13.774, 13.775, 13.776, 13.777, 13.778, 13.779, 13.78, 13.781, 13.782, 13.783, 13.784, 13.785, 13.786, 13.787, 13.788, 13.789, 13.79, 13.791, 13.792, 13.793, 13.794, 13.795, 13.796, 13.797, 13.798, 13.799, 13.8, 13.836, 13.945, 14.071, 14.097]
---
Round: 165, Unk. prob.: 4.781e-01
Surv probs: 5.219e-01, Fail probs: 1.000e-05
No. of non-dominant rules: 16389, Survival rules: 16376, Failure rules: 13
Batch update: 96 rules added, 0 existing rules removed (0 new rules dominated)
Survival: 96 rules added, 0 removed (from 96 candidates)
Updated sys_vals: [13.638, 13.654, 13.659, 13.66, 13.663, 13.664, 13.665, 13.666, 13.667, 13.668, 13.669, 13.67, 13.671, 13.672, 13.673, 13.675, 13.676, 13.677, 13.678, 13.679, 13.68, 13.681, 13.682, 13.683, 13.684, 13.685, 13.686, 13.687, 13.688, 13.689, 13.69, 13.691, 13.692, 13.693, 13.694, 13.695, 13.696, 13.697, 13.698, 13.699, 13.7, 13.701, 13.702, 13.703, 13.704, 13.705, 13.706, 13.707, 13.708, 13.709, 13.71, 13.711, 13.712, 13.713, 13.714, 13.715, 13.716, 13.717, 13.718, 13.719, 13.72, 13.721, 13.722, 13.723, 13.724, 13.725, 13.726, 13.727, 13.728, 13.729, 13.73, 13.731, 13.732, 13.733, 13.734, 13.735, 13.736, 13.737, 13.738, 13.739, 13.74, 13.741, 13.742, 13.743, 13.744, 13.745, 13.746, 13.747, 13.748, 13.749, 13.75, 13.751, 13.752, 13.753, 13.754, 13.755, 13.756, 13.757, 13.758, 13.759, 13.76, 13.761, 13.762, 13.763, 13.764, 13.765, 13.766, 13.767, 13.768, 13.769, 13.77, 13.771, 13.772, 13.773, 13.774, 13.775, 13.776, 13.777, 13.778, 13.779, 13.78, 13.781, 13.782, 13.783, 13.784, 13.785, 13.786, 13.787, 13.788, 13.789, 13.79, 13.791, 13.792, 13.793, 13.794, 13.795, 13.796, 13.797, 13.798, 13.799, 13.8, 13.836, 13.945, 14.071, 14.097]
---
Round: 166, Unk. prob.: 4.791e-01
Surv probs: 5.209e-01, Fail probs: 2.000e-05
No. of non-dominant rules: 16485, Survival rules: 16472, Failure rules: 13
Batch update: 96 rules added, 0 existing rules removed (0 new rules dominated)
Survival: 96 rules added, 0 removed (from 96 candidates)
Updated sys_vals: [13.638, 13.654, 13.659, 13.66, 13.663, 13.664, 13.665, 13.666, 13.667, 13.668, 13.669, 13.67, 13.671, 13.672, 13.673, 13.675, 13.676, 13.677, 13.678, 13.679, 13.68, 13.681, 13.682, 13.683, 13.684, 13.685, 13.686, 13.687, 13.688, 13.689, 13.69, 13.691, 13.692, 13.693, 13.694, 13.695, 13.696, 13.697, 13.698, 13.699, 13.7, 13.701, 13.702, 13.703, 13.704, 13.705, 13.706, 13.707, 13.708, 13.709, 13.71, 13.711, 13.712, 13.713, 13.714, 13.715, 13.716, 13.717, 13.718, 13.719, 13.72, 13.721, 13.722, 13.723, 13.724, 13.725, 13.726, 13.727, 13.728, 13.729, 13.73, 13.731, 13.732, 13.733, 13.734, 13.735, 13.736, 13.737, 13.738, 13.739, 13.74, 13.741, 13.742, 13.743, 13.744, 13.745, 13.746, 13.747, 13.748, 13.749, 13.75, 13.751, 13.752, 13.753, 13.754, 13.755, 13.756, 13.757, 13.758, 13.759, 13.76, 13.761, 13.762, 13.763, 13.764, 13.765, 13.766, 13.767, 13.768, 13.769, 13.77, 13.771, 13.772, 13.773, 13.774, 13.775, 13.776, 13.777, 13.778, 13.779, 13.78, 13.781, 13.782, 13.783, 13.784, 13.785, 13.786, 13.787, 13.788, 13.789, 13.79, 13.791, 13.792, 13.793, 13.794, 13.795, 13.796, 13.797, 13.798, 13.799, 13.8, 13.836, 13.945, 14.071, 14.097]
---
Round: 167, Unk. prob.: 4.810e-01
Surv probs: 5.189e-01, Fail probs: 2.000e-05
No. of non-dominant rules: 16581, Survival rules: 16568, Failure rules: 13
Batch update: 96 rules added, 0 existing rules removed (0 new rules dominated)
Survival: 96 rules added, 0 removed (from 96 candidates)
Updated sys_vals: [13.638, 13.654, 13.659, 13.66, 13.663, 13.664, 13.665, 13.666, 13.667, 13.668, 13.669, 13.67, 13.671, 13.672, 13.673, 13.675, 13.676, 13.677, 13.678, 13.679, 13.68, 13.681, 13.682, 13.683, 13.684, 13.685, 13.686, 13.687, 13.688, 13.689, 13.69, 13.691, 13.692, 13.693, 13.694, 13.695, 13.696, 13.697, 13.698, 13.699, 13.7, 13.701, 13.702, 13.703, 13.704, 13.705, 13.706, 13.707, 13.708, 13.709, 13.71, 13.711, 13.712, 13.713, 13.714, 13.715, 13.716, 13.717, 13.718, 13.719, 13.72, 13.721, 13.722, 13.723, 13.724, 13.725, 13.726, 13.727, 13.728, 13.729, 13.73, 13.731, 13.732, 13.733, 13.734, 13.735, 13.736, 13.737, 13.738, 13.739, 13.74, 13.741, 13.742, 13.743, 13.744, 13.745, 13.746, 13.747, 13.748, 13.749, 13.75, 13.751, 13.752, 13.753, 13.754, 13.755, 13.756, 13.757, 13.758, 13.759, 13.76, 13.761, 13.762, 13.763, 13.764, 13.765, 13.766, 13.767, 13.768, 13.769, 13.77, 13.771, 13.772, 13.773, 13.774, 13.775, 13.776, 13.777, 13.778, 13.779, 13.78, 13.781, 13.782, 13.783, 13.784, 13.785, 13.786, 13.787, 13.788, 13.789, 13.79, 13.791, 13.792, 13.793, 13.794, 13.795, 13.796, 13.797, 13.798, 13.799, 13.8, 13.836, 13.945, 14.071, 14.097]
---
Round: 168, Unk. prob.: 4.760e-01
Surv probs: 5.239e-01, Fail probs: 1.000e-05
No. of non-dominant rules: 16677, Survival rules: 16664, Failure rules: 13
Batch update: 96 rules added, 0 existing rules removed (0 new rules dominated)
Survival: 96 rules added, 0 removed (from 96 candidates)
Updated sys_vals: [13.638, 13.654, 13.659, 13.66, 13.663, 13.664, 13.665, 13.666, 13.667, 13.668, 13.669, 13.67, 13.671, 13.672, 13.673, 13.675, 13.676, 13.677, 13.678, 13.679, 13.68, 13.681, 13.682, 13.683, 13.684, 13.685, 13.686, 13.687, 13.688, 13.689, 13.69, 13.691, 13.692, 13.693, 13.694, 13.695, 13.696, 13.697, 13.698, 13.699, 13.7, 13.701, 13.702, 13.703, 13.704, 13.705, 13.706, 13.707, 13.708, 13.709, 13.71, 13.711, 13.712, 13.713, 13.714, 13.715, 13.716, 13.717, 13.718, 13.719, 13.72, 13.721, 13.722, 13.723, 13.724, 13.725, 13.726, 13.727, 13.728, 13.729, 13.73, 13.731, 13.732, 13.733, 13.734, 13.735, 13.736, 13.737, 13.738, 13.739, 13.74, 13.741, 13.742, 13.743, 13.744, 13.745, 13.746, 13.747, 13.748, 13.749, 13.75, 13.751, 13.752, 13.753, 13.754, 13.755, 13.756, 13.757, 13.758, 13.759, 13.76, 13.761, 13.762, 13.763, 13.764, 13.765, 13.766, 13.767, 13.768, 13.769, 13.77, 13.771, 13.772, 13.773, 13.774, 13.775, 13.776, 13.777, 13.778, 13.779, 13.78, 13.781, 13.782, 13.783, 13.784, 13.785, 13.786, 13.787, 13.788, 13.789, 13.79, 13.791, 13.792, 13.793, 13.794, 13.795, 13.796, 13.797, 13.798, 13.799, 13.8, 13.836, 13.945, 14.071, 14.097]
---
Round: 169, Unk. prob.: 4.758e-01
Surv probs: 5.242e-01, Fail probs: 1.000e-05
No. of non-dominant rules: 16773, Survival rules: 16760, Failure rules: 13
Batch update: 96 rules added, 0 existing rules removed (0 new rules dominated)
Survival: 96 rules added, 0 removed (from 96 candidates)
Updated sys_vals: [13.638, 13.654, 13.659, 13.66, 13.663, 13.664, 13.665, 13.666, 13.667, 13.668, 13.669, 13.67, 13.671, 13.672, 13.673, 13.675, 13.676, 13.677, 13.678, 13.679, 13.68, 13.681, 13.682, 13.683, 13.684, 13.685, 13.686, 13.687, 13.688, 13.689, 13.69, 13.691, 13.692, 13.693, 13.694, 13.695, 13.696, 13.697, 13.698, 13.699, 13.7, 13.701, 13.702, 13.703, 13.704, 13.705, 13.706, 13.707, 13.708, 13.709, 13.71, 13.711, 13.712, 13.713, 13.714, 13.715, 13.716, 13.717, 13.718, 13.719, 13.72, 13.721, 13.722, 13.723, 13.724, 13.725, 13.726, 13.727, 13.728, 13.729, 13.73, 13.731, 13.732, 13.733, 13.734, 13.735, 13.736, 13.737, 13.738, 13.739, 13.74, 13.741, 13.742, 13.743, 13.744, 13.745, 13.746, 13.747, 13.748, 13.749, 13.75, 13.751, 13.752, 13.753, 13.754, 13.755, 13.756, 13.757, 13.758, 13.759, 13.76, 13.761, 13.762, 13.763, 13.764, 13.765, 13.766, 13.767, 13.768, 13.769, 13.77, 13.771, 13.772, 13.773, 13.774, 13.775, 13.776, 13.777, 13.778, 13.779, 13.78, 13.781, 13.782, 13.783, 13.784, 13.785, 13.786, 13.787, 13.788, 13.789, 13.79, 13.791, 13.792, 13.793, 13.794, 13.795, 13.796, 13.797, 13.798, 13.799, 13.8, 13.836, 13.945, 14.071, 14.097]
---
Round: 170, Unk. prob.: 4.733e-01
Surv probs: 5.267e-01, Fail probs: 2.000e-05
No. of non-dominant rules: 16869, Survival rules: 16856, Failure rules: 13
Batch update: 96 rules added, 0 existing rules removed (0 new rules dominated)
Survival: 96 rules added, 0 removed (from 96 candidates)
Updated sys_vals: [13.638, 13.654, 13.659, 13.66, 13.663, 13.664, 13.665, 13.666, 13.667, 13.668, 13.669, 13.67, 13.671, 13.672, 13.673, 13.675, 13.676, 13.677, 13.678, 13.679, 13.68, 13.681, 13.682, 13.683, 13.684, 13.685, 13.686, 13.687, 13.688, 13.689, 13.69, 13.691, 13.692, 13.693, 13.694, 13.695, 13.696, 13.697, 13.698, 13.699, 13.7, 13.701, 13.702, 13.703, 13.704, 13.705, 13.706, 13.707, 13.708, 13.709, 13.71, 13.711, 13.712, 13.713, 13.714, 13.715, 13.716, 13.717, 13.718, 13.719, 13.72, 13.721, 13.722, 13.723, 13.724, 13.725, 13.726, 13.727, 13.728, 13.729, 13.73, 13.731, 13.732, 13.733, 13.734, 13.735, 13.736, 13.737, 13.738, 13.739, 13.74, 13.741, 13.742, 13.743, 13.744, 13.745, 13.746, 13.747, 13.748, 13.749, 13.75, 13.751, 13.752, 13.753, 13.754, 13.755, 13.756, 13.757, 13.758, 13.759, 13.76, 13.761, 13.762, 13.763, 13.764, 13.765, 13.766, 13.767, 13.768, 13.769, 13.77, 13.771, 13.772, 13.773, 13.774, 13.775, 13.776, 13.777, 13.778, 13.779, 13.78, 13.781, 13.782, 13.783, 13.784, 13.785, 13.786, 13.787, 13.788, 13.789, 13.79, 13.791, 13.792, 13.793, 13.794, 13.795, 13.796, 13.797, 13.798, 13.799, 13.8, 13.836, 13.945, 14.071, 14.097]
---
Round: 171, Unk. prob.: 4.760e-01
Surv probs: 5.240e-01, Fail probs: 0.000e+00
No. of non-dominant rules: 16965, Survival rules: 16952, Failure rules: 13
Batch update: 96 rules added, 0 existing rules removed (0 new rules dominated)
Survival: 96 rules added, 0 removed (from 96 candidates)
Updated sys_vals: [13.638, 13.654, 13.659, 13.66, 13.663, 13.664, 13.665, 13.666, 13.667, 13.668, 13.669, 13.67, 13.671, 13.672, 13.673, 13.675, 13.676, 13.677, 13.678, 13.679, 13.68, 13.681, 13.682, 13.683, 13.684, 13.685, 13.686, 13.687, 13.688, 13.689, 13.69, 13.691, 13.692, 13.693, 13.694, 13.695, 13.696, 13.697, 13.698, 13.699, 13.7, 13.701, 13.702, 13.703, 13.704, 13.705, 13.706, 13.707, 13.708, 13.709, 13.71, 13.711, 13.712, 13.713, 13.714, 13.715, 13.716, 13.717, 13.718, 13.719, 13.72, 13.721, 13.722, 13.723, 13.724, 13.725, 13.726, 13.727, 13.728, 13.729, 13.73, 13.731, 13.732, 13.733, 13.734, 13.735, 13.736, 13.737, 13.738, 13.739, 13.74, 13.741, 13.742, 13.743, 13.744, 13.745, 13.746, 13.747, 13.748, 13.749, 13.75, 13.751, 13.752, 13.753, 13.754, 13.755, 13.756, 13.757, 13.758, 13.759, 13.76, 13.761, 13.762, 13.763, 13.764, 13.765, 13.766, 13.767, 13.768, 13.769, 13.77, 13.771, 13.772, 13.773, 13.774, 13.775, 13.776, 13.777, 13.778, 13.779, 13.78, 13.781, 13.782, 13.783, 13.784, 13.785, 13.786, 13.787, 13.788, 13.789, 13.79, 13.791, 13.792, 13.793, 13.794, 13.795, 13.796, 13.797, 13.798, 13.799, 13.8, 13.836, 13.945, 14.071, 14.097]
---
Round: 172, Unk. prob.: 4.741e-01
Surv probs: 5.260e-01, Fail probs: 0.000e+00
No. of non-dominant rules: 17061, Survival rules: 17048, Failure rules: 13
Batch update: 96 rules added, 0 existing rules removed (0 new rules dominated)
Survival: 96 rules added, 0 removed (from 96 candidates)
Updated sys_vals: [13.638, 13.654, 13.659, 13.66, 13.663, 13.664, 13.665, 13.666, 13.667, 13.668, 13.669, 13.67, 13.671, 13.672, 13.673, 13.675, 13.676, 13.677, 13.678, 13.679, 13.68, 13.681, 13.682, 13.683, 13.684, 13.685, 13.686, 13.687, 13.688, 13.689, 13.69, 13.691, 13.692, 13.693, 13.694, 13.695, 13.696, 13.697, 13.698, 13.699, 13.7, 13.701, 13.702, 13.703, 13.704, 13.705, 13.706, 13.707, 13.708, 13.709, 13.71, 13.711, 13.712, 13.713, 13.714, 13.715, 13.716, 13.717, 13.718, 13.719, 13.72, 13.721, 13.722, 13.723, 13.724, 13.725, 13.726, 13.727, 13.728, 13.729, 13.73, 13.731, 13.732, 13.733, 13.734, 13.735, 13.736, 13.737, 13.738, 13.739, 13.74, 13.741, 13.742, 13.743, 13.744, 13.745, 13.746, 13.747, 13.748, 13.749, 13.75, 13.751, 13.752, 13.753, 13.754, 13.755, 13.756, 13.757, 13.758, 13.759, 13.76, 13.761, 13.762, 13.763, 13.764, 13.765, 13.766, 13.767, 13.768, 13.769, 13.77, 13.771, 13.772, 13.773, 13.774, 13.775, 13.776, 13.777, 13.778, 13.779, 13.78, 13.781, 13.782, 13.783, 13.784, 13.785, 13.786, 13.787, 13.788, 13.789, 13.79, 13.791, 13.792, 13.793, 13.794, 13.795, 13.796, 13.797, 13.798, 13.799, 13.8, 13.836, 13.945, 14.071, 14.097]
---
Round: 173, Unk. prob.: 4.732e-01
Surv probs: 5.268e-01, Fail probs: 0.000e+00
No. of non-dominant rules: 17157, Survival rules: 17144, Failure rules: 13
Batch update: 96 rules added, 0 existing rules removed (0 new rules dominated)
Survival: 96 rules added, 0 removed (from 96 candidates)
Updated sys_vals: [13.638, 13.654, 13.659, 13.66, 13.663, 13.664, 13.665, 13.666, 13.667, 13.668, 13.669, 13.67, 13.671, 13.672, 13.673, 13.675, 13.676, 13.677, 13.678, 13.679, 13.68, 13.681, 13.682, 13.683, 13.684, 13.685, 13.686, 13.687, 13.688, 13.689, 13.69, 13.691, 13.692, 13.693, 13.694, 13.695, 13.696, 13.697, 13.698, 13.699, 13.7, 13.701, 13.702, 13.703, 13.704, 13.705, 13.706, 13.707, 13.708, 13.709, 13.71, 13.711, 13.712, 13.713, 13.714, 13.715, 13.716, 13.717, 13.718, 13.719, 13.72, 13.721, 13.722, 13.723, 13.724, 13.725, 13.726, 13.727, 13.728, 13.729, 13.73, 13.731, 13.732, 13.733, 13.734, 13.735, 13.736, 13.737, 13.738, 13.739, 13.74, 13.741, 13.742, 13.743, 13.744, 13.745, 13.746, 13.747, 13.748, 13.749, 13.75, 13.751, 13.752, 13.753, 13.754, 13.755, 13.756, 13.757, 13.758, 13.759, 13.76, 13.761, 13.762, 13.763, 13.764, 13.765, 13.766, 13.767, 13.768, 13.769, 13.77, 13.771, 13.772, 13.773, 13.774, 13.775, 13.776, 13.777, 13.778, 13.779, 13.78, 13.781, 13.782, 13.783, 13.784, 13.785, 13.786, 13.787, 13.788, 13.789, 13.79, 13.791, 13.792, 13.793, 13.794, 13.795, 13.796, 13.797, 13.798, 13.799, 13.8, 13.836, 13.945, 14.071, 14.097]
---
Round: 174, Unk. prob.: 4.709e-01
Surv probs: 5.290e-01, Fail probs: 2.000e-05
No. of non-dominant rules: 17253, Survival rules: 17240, Failure rules: 13
Batch update: 96 rules added, 0 existing rules removed (0 new rules dominated)
Survival: 96 rules added, 0 removed (from 96 candidates)
Updated sys_vals: [13.638, 13.654, 13.659, 13.66, 13.663, 13.664, 13.665, 13.666, 13.667, 13.668, 13.669, 13.67, 13.671, 13.672, 13.673, 13.675, 13.676, 13.677, 13.678, 13.679, 13.68, 13.681, 13.682, 13.683, 13.684, 13.685, 13.686, 13.687, 13.688, 13.689, 13.69, 13.691, 13.692, 13.693, 13.694, 13.695, 13.696, 13.697, 13.698, 13.699, 13.7, 13.701, 13.702, 13.703, 13.704, 13.705, 13.706, 13.707, 13.708, 13.709, 13.71, 13.711, 13.712, 13.713, 13.714, 13.715, 13.716, 13.717, 13.718, 13.719, 13.72, 13.721, 13.722, 13.723, 13.724, 13.725, 13.726, 13.727, 13.728, 13.729, 13.73, 13.731, 13.732, 13.733, 13.734, 13.735, 13.736, 13.737, 13.738, 13.739, 13.74, 13.741, 13.742, 13.743, 13.744, 13.745, 13.746, 13.747, 13.748, 13.749, 13.75, 13.751, 13.752, 13.753, 13.754, 13.755, 13.756, 13.757, 13.758, 13.759, 13.76, 13.761, 13.762, 13.763, 13.764, 13.765, 13.766, 13.767, 13.768, 13.769, 13.77, 13.771, 13.772, 13.773, 13.774, 13.775, 13.776, 13.777, 13.778, 13.779, 13.78, 13.781, 13.782, 13.783, 13.784, 13.785, 13.786, 13.787, 13.788, 13.789, 13.79, 13.791, 13.792, 13.793, 13.794, 13.795, 13.796, 13.797, 13.798, 13.799, 13.8, 13.836, 13.945, 14.071, 14.097]
---
Round: 175, Unk. prob.: 4.693e-01
Surv probs: 5.306e-01, Fail probs: 3.000e-05
No. of non-dominant rules: 17349, Survival rules: 17336, Failure rules: 13
Batch update: 96 rules added, 0 existing rules removed (0 new rules dominated)
Survival: 96 rules added, 0 removed (from 96 candidates)
Updated sys_vals: [13.638, 13.654, 13.659, 13.66, 13.663, 13.664, 13.665, 13.666, 13.667, 13.668, 13.669, 13.67, 13.671, 13.672, 13.673, 13.675, 13.676, 13.677, 13.678, 13.679, 13.68, 13.681, 13.682, 13.683, 13.684, 13.685, 13.686, 13.687, 13.688, 13.689, 13.69, 13.691, 13.692, 13.693, 13.694, 13.695, 13.696, 13.697, 13.698, 13.699, 13.7, 13.701, 13.702, 13.703, 13.704, 13.705, 13.706, 13.707, 13.708, 13.709, 13.71, 13.711, 13.712, 13.713, 13.714, 13.715, 13.716, 13.717, 13.718, 13.719, 13.72, 13.721, 13.722, 13.723, 13.724, 13.725, 13.726, 13.727, 13.728, 13.729, 13.73, 13.731, 13.732, 13.733, 13.734, 13.735, 13.736, 13.737, 13.738, 13.739, 13.74, 13.741, 13.742, 13.743, 13.744, 13.745, 13.746, 13.747, 13.748, 13.749, 13.75, 13.751, 13.752, 13.753, 13.754, 13.755, 13.756, 13.757, 13.758, 13.759, 13.76, 13.761, 13.762, 13.763, 13.764, 13.765, 13.766, 13.767, 13.768, 13.769, 13.77, 13.771, 13.772, 13.773, 13.774, 13.775, 13.776, 13.777, 13.778, 13.779, 13.78, 13.781, 13.782, 13.783, 13.784, 13.785, 13.786, 13.787, 13.788, 13.789, 13.79, 13.791, 13.792, 13.793, 13.794, 13.795, 13.796, 13.797, 13.798, 13.799, 13.8, 13.836, 13.945, 14.071, 14.097]
---
Round: 176, Unk. prob.: 4.726e-01
Surv probs: 5.274e-01, Fail probs: 0.000e+00
No. of non-dominant rules: 17445, Survival rules: 17432, Failure rules: 13
Batch update: 96 rules added, 0 existing rules removed (0 new rules dominated)
Survival: 96 rules added, 0 removed (from 96 candidates)
Updated sys_vals: [13.638, 13.654, 13.659, 13.66, 13.663, 13.664, 13.665, 13.666, 13.667, 13.668, 13.669, 13.67, 13.671, 13.672, 13.673, 13.675, 13.676, 13.677, 13.678, 13.679, 13.68, 13.681, 13.682, 13.683, 13.684, 13.685, 13.686, 13.687, 13.688, 13.689, 13.69, 13.691, 13.692, 13.693, 13.694, 13.695, 13.696, 13.697, 13.698, 13.699, 13.7, 13.701, 13.702, 13.703, 13.704, 13.705, 13.706, 13.707, 13.708, 13.709, 13.71, 13.711, 13.712, 13.713, 13.714, 13.715, 13.716, 13.717, 13.718, 13.719, 13.72, 13.721, 13.722, 13.723, 13.724, 13.725, 13.726, 13.727, 13.728, 13.729, 13.73, 13.731, 13.732, 13.733, 13.734, 13.735, 13.736, 13.737, 13.738, 13.739, 13.74, 13.741, 13.742, 13.743, 13.744, 13.745, 13.746, 13.747, 13.748, 13.749, 13.75, 13.751, 13.752, 13.753, 13.754, 13.755, 13.756, 13.757, 13.758, 13.759, 13.76, 13.761, 13.762, 13.763, 13.764, 13.765, 13.766, 13.767, 13.768, 13.769, 13.77, 13.771, 13.772, 13.773, 13.774, 13.775, 13.776, 13.777, 13.778, 13.779, 13.78, 13.781, 13.782, 13.783, 13.784, 13.785, 13.786, 13.787, 13.788, 13.789, 13.79, 13.791, 13.792, 13.793, 13.794, 13.795, 13.796, 13.797, 13.798, 13.799, 13.8, 13.836, 13.945, 14.071, 14.097]
---
Round: 177, Unk. prob.: 4.696e-01
Surv probs: 5.303e-01, Fail probs: 2.000e-05
No. of non-dominant rules: 17541, Survival rules: 17528, Failure rules: 13
Batch update: 96 rules added, 0 existing rules removed (0 new rules dominated)
Survival: 96 rules added, 0 removed (from 96 candidates)
Updated sys_vals: [13.638, 13.654, 13.659, 13.66, 13.663, 13.664, 13.665, 13.666, 13.667, 13.668, 13.669, 13.67, 13.671, 13.672, 13.673, 13.675, 13.676, 13.677, 13.678, 13.679, 13.68, 13.681, 13.682, 13.683, 13.684, 13.685, 13.686, 13.687, 13.688, 13.689, 13.69, 13.691, 13.692, 13.693, 13.694, 13.695, 13.696, 13.697, 13.698, 13.699, 13.7, 13.701, 13.702, 13.703, 13.704, 13.705, 13.706, 13.707, 13.708, 13.709, 13.71, 13.711, 13.712, 13.713, 13.714, 13.715, 13.716, 13.717, 13.718, 13.719, 13.72, 13.721, 13.722, 13.723, 13.724, 13.725, 13.726, 13.727, 13.728, 13.729, 13.73, 13.731, 13.732, 13.733, 13.734, 13.735, 13.736, 13.737, 13.738, 13.739, 13.74, 13.741, 13.742, 13.743, 13.744, 13.745, 13.746, 13.747, 13.748, 13.749, 13.75, 13.751, 13.752, 13.753, 13.754, 13.755, 13.756, 13.757, 13.758, 13.759, 13.76, 13.761, 13.762, 13.763, 13.764, 13.765, 13.766, 13.767, 13.768, 13.769, 13.77, 13.771, 13.772, 13.773, 13.774, 13.775, 13.776, 13.777, 13.778, 13.779, 13.78, 13.781, 13.782, 13.783, 13.784, 13.785, 13.786, 13.787, 13.788, 13.789, 13.79, 13.791, 13.792, 13.793, 13.794, 13.795, 13.796, 13.797, 13.798, 13.799, 13.8, 13.836, 13.945, 14.071, 14.097]
---
Round: 178, Unk. prob.: 4.689e-01
Surv probs: 5.311e-01, Fail probs: 2.000e-05
No. of non-dominant rules: 17637, Survival rules: 17624, Failure rules: 13
Batch update: 96 rules added, 0 existing rules removed (0 new rules dominated)
Survival: 96 rules added, 0 removed (from 96 candidates)
Updated sys_vals: [13.638, 13.654, 13.659, 13.66, 13.663, 13.664, 13.665, 13.666, 13.667, 13.668, 13.669, 13.67, 13.671, 13.672, 13.673, 13.675, 13.676, 13.677, 13.678, 13.679, 13.68, 13.681, 13.682, 13.683, 13.684, 13.685, 13.686, 13.687, 13.688, 13.689, 13.69, 13.691, 13.692, 13.693, 13.694, 13.695, 13.696, 13.697, 13.698, 13.699, 13.7, 13.701, 13.702, 13.703, 13.704, 13.705, 13.706, 13.707, 13.708, 13.709, 13.71, 13.711, 13.712, 13.713, 13.714, 13.715, 13.716, 13.717, 13.718, 13.719, 13.72, 13.721, 13.722, 13.723, 13.724, 13.725, 13.726, 13.727, 13.728, 13.729, 13.73, 13.731, 13.732, 13.733, 13.734, 13.735, 13.736, 13.737, 13.738, 13.739, 13.74, 13.741, 13.742, 13.743, 13.744, 13.745, 13.746, 13.747, 13.748, 13.749, 13.75, 13.751, 13.752, 13.753, 13.754, 13.755, 13.756, 13.757, 13.758, 13.759, 13.76, 13.761, 13.762, 13.763, 13.764, 13.765, 13.766, 13.767, 13.768, 13.769, 13.77, 13.771, 13.772, 13.773, 13.774, 13.775, 13.776, 13.777, 13.778, 13.779, 13.78, 13.781, 13.782, 13.783, 13.784, 13.785, 13.786, 13.787, 13.788, 13.789, 13.79, 13.791, 13.792, 13.793, 13.794, 13.795, 13.796, 13.797, 13.798, 13.799, 13.8, 13.836, 13.945, 14.071, 14.097]
---
Round: 179, Unk. prob.: 4.651e-01
Surv probs: 5.349e-01, Fail probs: 2.000e-05
No. of non-dominant rules: 17733, Survival rules: 17720, Failure rules: 13
Batch update: 96 rules added, 0 existing rules removed (0 new rules dominated)
Survival: 96 rules added, 0 removed (from 96 candidates)
Updated sys_vals: [13.638, 13.654, 13.659, 13.66, 13.663, 13.664, 13.665, 13.666, 13.667, 13.668, 13.669, 13.67, 13.671, 13.672, 13.673, 13.675, 13.676, 13.677, 13.678, 13.679, 13.68, 13.681, 13.682, 13.683, 13.684, 13.685, 13.686, 13.687, 13.688, 13.689, 13.69, 13.691, 13.692, 13.693, 13.694, 13.695, 13.696, 13.697, 13.698, 13.699, 13.7, 13.701, 13.702, 13.703, 13.704, 13.705, 13.706, 13.707, 13.708, 13.709, 13.71, 13.711, 13.712, 13.713, 13.714, 13.715, 13.716, 13.717, 13.718, 13.719, 13.72, 13.721, 13.722, 13.723, 13.724, 13.725, 13.726, 13.727, 13.728, 13.729, 13.73, 13.731, 13.732, 13.733, 13.734, 13.735, 13.736, 13.737, 13.738, 13.739, 13.74, 13.741, 13.742, 13.743, 13.744, 13.745, 13.746, 13.747, 13.748, 13.749, 13.75, 13.751, 13.752, 13.753, 13.754, 13.755, 13.756, 13.757, 13.758, 13.759, 13.76, 13.761, 13.762, 13.763, 13.764, 13.765, 13.766, 13.767, 13.768, 13.769, 13.77, 13.771, 13.772, 13.773, 13.774, 13.775, 13.776, 13.777, 13.778, 13.779, 13.78, 13.781, 13.782, 13.783, 13.784, 13.785, 13.786, 13.787, 13.788, 13.789, 13.79, 13.791, 13.792, 13.793, 13.794, 13.795, 13.796, 13.797, 13.798, 13.799, 13.8, 13.836, 13.945, 14.071, 14.097]
---
Round: 180, Unk. prob.: 4.672e-01
Surv probs: 5.328e-01, Fail probs: 2.000e-05
No. of non-dominant rules: 17829, Survival rules: 17816, Failure rules: 13
Batch update: 96 rules added, 0 existing rules removed (0 new rules dominated)
Survival: 96 rules added, 0 removed (from 96 candidates)
Updated sys_vals: [13.638, 13.654, 13.659, 13.66, 13.663, 13.664, 13.665, 13.666, 13.667, 13.668, 13.669, 13.67, 13.671, 13.672, 13.673, 13.675, 13.676, 13.677, 13.678, 13.679, 13.68, 13.681, 13.682, 13.683, 13.684, 13.685, 13.686, 13.687, 13.688, 13.689, 13.69, 13.691, 13.692, 13.693, 13.694, 13.695, 13.696, 13.697, 13.698, 13.699, 13.7, 13.701, 13.702, 13.703, 13.704, 13.705, 13.706, 13.707, 13.708, 13.709, 13.71, 13.711, 13.712, 13.713, 13.714, 13.715, 13.716, 13.717, 13.718, 13.719, 13.72, 13.721, 13.722, 13.723, 13.724, 13.725, 13.726, 13.727, 13.728, 13.729, 13.73, 13.731, 13.732, 13.733, 13.734, 13.735, 13.736, 13.737, 13.738, 13.739, 13.74, 13.741, 13.742, 13.743, 13.744, 13.745, 13.746, 13.747, 13.748, 13.749, 13.75, 13.751, 13.752, 13.753, 13.754, 13.755, 13.756, 13.757, 13.758, 13.759, 13.76, 13.761, 13.762, 13.763, 13.764, 13.765, 13.766, 13.767, 13.768, 13.769, 13.77, 13.771, 13.772, 13.773, 13.774, 13.775, 13.776, 13.777, 13.778, 13.779, 13.78, 13.781, 13.782, 13.783, 13.784, 13.785, 13.786, 13.787, 13.788, 13.789, 13.79, 13.791, 13.792, 13.793, 13.794, 13.795, 13.796, 13.797, 13.798, 13.799, 13.8, 13.836, 13.945, 14.071, 14.097]
---
Round: 181, Unk. prob.: 4.665e-01
Surv probs: 5.335e-01, Fail probs: 0.000e+00
No. of non-dominant rules: 17925, Survival rules: 17912, Failure rules: 13
Batch update: 96 rules added, 0 existing rules removed (0 new rules dominated)
Survival: 96 rules added, 0 removed (from 96 candidates)
Updated sys_vals: [13.638, 13.654, 13.659, 13.66, 13.663, 13.664, 13.665, 13.666, 13.667, 13.668, 13.669, 13.67, 13.671, 13.672, 13.673, 13.675, 13.676, 13.677, 13.678, 13.679, 13.68, 13.681, 13.682, 13.683, 13.684, 13.685, 13.686, 13.687, 13.688, 13.689, 13.69, 13.691, 13.692, 13.693, 13.694, 13.695, 13.696, 13.697, 13.698, 13.699, 13.7, 13.701, 13.702, 13.703, 13.704, 13.705, 13.706, 13.707, 13.708, 13.709, 13.71, 13.711, 13.712, 13.713, 13.714, 13.715, 13.716, 13.717, 13.718, 13.719, 13.72, 13.721, 13.722, 13.723, 13.724, 13.725, 13.726, 13.727, 13.728, 13.729, 13.73, 13.731, 13.732, 13.733, 13.734, 13.735, 13.736, 13.737, 13.738, 13.739, 13.74, 13.741, 13.742, 13.743, 13.744, 13.745, 13.746, 13.747, 13.748, 13.749, 13.75, 13.751, 13.752, 13.753, 13.754, 13.755, 13.756, 13.757, 13.758, 13.759, 13.76, 13.761, 13.762, 13.763, 13.764, 13.765, 13.766, 13.767, 13.768, 13.769, 13.77, 13.771, 13.772, 13.773, 13.774, 13.775, 13.776, 13.777, 13.778, 13.779, 13.78, 13.781, 13.782, 13.783, 13.784, 13.785, 13.786, 13.787, 13.788, 13.789, 13.79, 13.791, 13.792, 13.793, 13.794, 13.795, 13.796, 13.797, 13.798, 13.799, 13.8, 13.836, 13.945, 14.071, 14.097]
---
Round: 182, Unk. prob.: 4.688e-01
Surv probs: 5.312e-01, Fail probs: 2.000e-05
No. of non-dominant rules: 18021, Survival rules: 18008, Failure rules: 13
Batch update: 96 rules added, 0 existing rules removed (0 new rules dominated)
Survival: 96 rules added, 0 removed (from 96 candidates)
Updated sys_vals: [13.638, 13.654, 13.659, 13.66, 13.663, 13.664, 13.665, 13.666, 13.667, 13.668, 13.669, 13.67, 13.671, 13.672, 13.673, 13.675, 13.676, 13.677, 13.678, 13.679, 13.68, 13.681, 13.682, 13.683, 13.684, 13.685, 13.686, 13.687, 13.688, 13.689, 13.69, 13.691, 13.692, 13.693, 13.694, 13.695, 13.696, 13.697, 13.698, 13.699, 13.7, 13.701, 13.702, 13.703, 13.704, 13.705, 13.706, 13.707, 13.708, 13.709, 13.71, 13.711, 13.712, 13.713, 13.714, 13.715, 13.716, 13.717, 13.718, 13.719, 13.72, 13.721, 13.722, 13.723, 13.724, 13.725, 13.726, 13.727, 13.728, 13.729, 13.73, 13.731, 13.732, 13.733, 13.734, 13.735, 13.736, 13.737, 13.738, 13.739, 13.74, 13.741, 13.742, 13.743, 13.744, 13.745, 13.746, 13.747, 13.748, 13.749, 13.75, 13.751, 13.752, 13.753, 13.754, 13.755, 13.756, 13.757, 13.758, 13.759, 13.76, 13.761, 13.762, 13.763, 13.764, 13.765, 13.766, 13.767, 13.768, 13.769, 13.77, 13.771, 13.772, 13.773, 13.774, 13.775, 13.776, 13.777, 13.778, 13.779, 13.78, 13.781, 13.782, 13.783, 13.784, 13.785, 13.786, 13.787, 13.788, 13.789, 13.79, 13.791, 13.792, 13.793, 13.794, 13.795, 13.796, 13.797, 13.798, 13.799, 13.8, 13.836, 13.945, 14.071, 14.097]
---
Round: 183, Unk. prob.: 4.653e-01
Surv probs: 5.347e-01, Fail probs: 1.000e-05
No. of non-dominant rules: 18117, Survival rules: 18104, Failure rules: 13
Batch update: 96 rules added, 0 existing rules removed (0 new rules dominated)
Survival: 96 rules added, 0 removed (from 96 candidates)
Updated sys_vals: [13.638, 13.654, 13.659, 13.66, 13.663, 13.664, 13.665, 13.666, 13.667, 13.668, 13.669, 13.67, 13.671, 13.672, 13.673, 13.675, 13.676, 13.677, 13.678, 13.679, 13.68, 13.681, 13.682, 13.683, 13.684, 13.685, 13.686, 13.687, 13.688, 13.689, 13.69, 13.691, 13.692, 13.693, 13.694, 13.695, 13.696, 13.697, 13.698, 13.699, 13.7, 13.701, 13.702, 13.703, 13.704, 13.705, 13.706, 13.707, 13.708, 13.709, 13.71, 13.711, 13.712, 13.713, 13.714, 13.715, 13.716, 13.717, 13.718, 13.719, 13.72, 13.721, 13.722, 13.723, 13.724, 13.725, 13.726, 13.727, 13.728, 13.729, 13.73, 13.731, 13.732, 13.733, 13.734, 13.735, 13.736, 13.737, 13.738, 13.739, 13.74, 13.741, 13.742, 13.743, 13.744, 13.745, 13.746, 13.747, 13.748, 13.749, 13.75, 13.751, 13.752, 13.753, 13.754, 13.755, 13.756, 13.757, 13.758, 13.759, 13.76, 13.761, 13.762, 13.763, 13.764, 13.765, 13.766, 13.767, 13.768, 13.769, 13.77, 13.771, 13.772, 13.773, 13.774, 13.775, 13.776, 13.777, 13.778, 13.779, 13.78, 13.781, 13.782, 13.783, 13.784, 13.785, 13.786, 13.787, 13.788, 13.789, 13.79, 13.791, 13.792, 13.793, 13.794, 13.795, 13.796, 13.797, 13.798, 13.799, 13.8, 13.836, 13.945, 14.071, 14.097]
---
Round: 184, Unk. prob.: 4.651e-01
Surv probs: 5.349e-01, Fail probs: 2.000e-05
No. of non-dominant rules: 18213, Survival rules: 18200, Failure rules: 13
Batch update: 96 rules added, 0 existing rules removed (0 new rules dominated)
Survival: 96 rules added, 0 removed (from 96 candidates)
Updated sys_vals: [13.638, 13.654, 13.659, 13.66, 13.663, 13.664, 13.665, 13.666, 13.667, 13.668, 13.669, 13.67, 13.671, 13.672, 13.673, 13.675, 13.676, 13.677, 13.678, 13.679, 13.68, 13.681, 13.682, 13.683, 13.684, 13.685, 13.686, 13.687, 13.688, 13.689, 13.69, 13.691, 13.692, 13.693, 13.694, 13.695, 13.696, 13.697, 13.698, 13.699, 13.7, 13.701, 13.702, 13.703, 13.704, 13.705, 13.706, 13.707, 13.708, 13.709, 13.71, 13.711, 13.712, 13.713, 13.714, 13.715, 13.716, 13.717, 13.718, 13.719, 13.72, 13.721, 13.722, 13.723, 13.724, 13.725, 13.726, 13.727, 13.728, 13.729, 13.73, 13.731, 13.732, 13.733, 13.734, 13.735, 13.736, 13.737, 13.738, 13.739, 13.74, 13.741, 13.742, 13.743, 13.744, 13.745, 13.746, 13.747, 13.748, 13.749, 13.75, 13.751, 13.752, 13.753, 13.754, 13.755, 13.756, 13.757, 13.758, 13.759, 13.76, 13.761, 13.762, 13.763, 13.764, 13.765, 13.766, 13.767, 13.768, 13.769, 13.77, 13.771, 13.772, 13.773, 13.774, 13.775, 13.776, 13.777, 13.778, 13.779, 13.78, 13.781, 13.782, 13.783, 13.784, 13.785, 13.786, 13.787, 13.788, 13.789, 13.79, 13.791, 13.792, 13.793, 13.794, 13.795, 13.796, 13.797, 13.798, 13.799, 13.8, 13.836, 13.945, 14.071, 14.097]
---
Round: 185, Unk. prob.: 4.616e-01
Surv probs: 5.384e-01, Fail probs: 2.000e-05
No. of non-dominant rules: 18309, Survival rules: 18296, Failure rules: 13
Batch update: 96 rules added, 0 existing rules removed (0 new rules dominated)
Survival: 96 rules added, 0 removed (from 96 candidates)
Updated sys_vals: [13.638, 13.654, 13.659, 13.66, 13.663, 13.664, 13.665, 13.666, 13.667, 13.668, 13.669, 13.67, 13.671, 13.672, 13.673, 13.675, 13.676, 13.677, 13.678, 13.679, 13.68, 13.681, 13.682, 13.683, 13.684, 13.685, 13.686, 13.687, 13.688, 13.689, 13.69, 13.691, 13.692, 13.693, 13.694, 13.695, 13.696, 13.697, 13.698, 13.699, 13.7, 13.701, 13.702, 13.703, 13.704, 13.705, 13.706, 13.707, 13.708, 13.709, 13.71, 13.711, 13.712, 13.713, 13.714, 13.715, 13.716, 13.717, 13.718, 13.719, 13.72, 13.721, 13.722, 13.723, 13.724, 13.725, 13.726, 13.727, 13.728, 13.729, 13.73, 13.731, 13.732, 13.733, 13.734, 13.735, 13.736, 13.737, 13.738, 13.739, 13.74, 13.741, 13.742, 13.743, 13.744, 13.745, 13.746, 13.747, 13.748, 13.749, 13.75, 13.751, 13.752, 13.753, 13.754, 13.755, 13.756, 13.757, 13.758, 13.759, 13.76, 13.761, 13.762, 13.763, 13.764, 13.765, 13.766, 13.767, 13.768, 13.769, 13.77, 13.771, 13.772, 13.773, 13.774, 13.775, 13.776, 13.777, 13.778, 13.779, 13.78, 13.781, 13.782, 13.783, 13.784, 13.785, 13.786, 13.787, 13.788, 13.789, 13.79, 13.791, 13.792, 13.793, 13.794, 13.795, 13.796, 13.797, 13.798, 13.799, 13.8, 13.836, 13.945, 14.071, 14.097]
---
Round: 186, Unk. prob.: 4.617e-01
Surv probs: 5.383e-01, Fail probs: 0.000e+00
No. of non-dominant rules: 18405, Survival rules: 18392, Failure rules: 13
Batch update: 96 rules added, 0 existing rules removed (0 new rules dominated)
Survival: 96 rules added, 0 removed (from 96 candidates)
Updated sys_vals: [13.638, 13.654, 13.659, 13.66, 13.663, 13.664, 13.665, 13.666, 13.667, 13.668, 13.669, 13.67, 13.671, 13.672, 13.673, 13.675, 13.676, 13.677, 13.678, 13.679, 13.68, 13.681, 13.682, 13.683, 13.684, 13.685, 13.686, 13.687, 13.688, 13.689, 13.69, 13.691, 13.692, 13.693, 13.694, 13.695, 13.696, 13.697, 13.698, 13.699, 13.7, 13.701, 13.702, 13.703, 13.704, 13.705, 13.706, 13.707, 13.708, 13.709, 13.71, 13.711, 13.712, 13.713, 13.714, 13.715, 13.716, 13.717, 13.718, 13.719, 13.72, 13.721, 13.722, 13.723, 13.724, 13.725, 13.726, 13.727, 13.728, 13.729, 13.73, 13.731, 13.732, 13.733, 13.734, 13.735, 13.736, 13.737, 13.738, 13.739, 13.74, 13.741, 13.742, 13.743, 13.744, 13.745, 13.746, 13.747, 13.748, 13.749, 13.75, 13.751, 13.752, 13.753, 13.754, 13.755, 13.756, 13.757, 13.758, 13.759, 13.76, 13.761, 13.762, 13.763, 13.764, 13.765, 13.766, 13.767, 13.768, 13.769, 13.77, 13.771, 13.772, 13.773, 13.774, 13.775, 13.776, 13.777, 13.778, 13.779, 13.78, 13.781, 13.782, 13.783, 13.784, 13.785, 13.786, 13.787, 13.788, 13.789, 13.79, 13.791, 13.792, 13.793, 13.794, 13.795, 13.796, 13.797, 13.798, 13.799, 13.8, 13.836, 13.945, 14.071, 14.097]
---
Round: 187, Unk. prob.: 4.628e-01
Surv probs: 5.372e-01, Fail probs: 0.000e+00
No. of non-dominant rules: 18501, Survival rules: 18488, Failure rules: 13
Batch update: 96 rules added, 0 existing rules removed (0 new rules dominated)
Survival: 96 rules added, 0 removed (from 96 candidates)
Updated sys_vals: [13.638, 13.654, 13.659, 13.66, 13.663, 13.664, 13.665, 13.666, 13.667, 13.668, 13.669, 13.67, 13.671, 13.672, 13.673, 13.675, 13.676, 13.677, 13.678, 13.679, 13.68, 13.681, 13.682, 13.683, 13.684, 13.685, 13.686, 13.687, 13.688, 13.689, 13.69, 13.691, 13.692, 13.693, 13.694, 13.695, 13.696, 13.697, 13.698, 13.699, 13.7, 13.701, 13.702, 13.703, 13.704, 13.705, 13.706, 13.707, 13.708, 13.709, 13.71, 13.711, 13.712, 13.713, 13.714, 13.715, 13.716, 13.717, 13.718, 13.719, 13.72, 13.721, 13.722, 13.723, 13.724, 13.725, 13.726, 13.727, 13.728, 13.729, 13.73, 13.731, 13.732, 13.733, 13.734, 13.735, 13.736, 13.737, 13.738, 13.739, 13.74, 13.741, 13.742, 13.743, 13.744, 13.745, 13.746, 13.747, 13.748, 13.749, 13.75, 13.751, 13.752, 13.753, 13.754, 13.755, 13.756, 13.757, 13.758, 13.759, 13.76, 13.761, 13.762, 13.763, 13.764, 13.765, 13.766, 13.767, 13.768, 13.769, 13.77, 13.771, 13.772, 13.773, 13.774, 13.775, 13.776, 13.777, 13.778, 13.779, 13.78, 13.781, 13.782, 13.783, 13.784, 13.785, 13.786, 13.787, 13.788, 13.789, 13.79, 13.791, 13.792, 13.793, 13.794, 13.795, 13.796, 13.797, 13.798, 13.799, 13.8, 13.836, 13.945, 14.071, 14.097]
---
Round: 188, Unk. prob.: 4.627e-01
Surv probs: 5.373e-01, Fail probs: 0.000e+00
No. of non-dominant rules: 18597, Survival rules: 18584, Failure rules: 13
Batch update: 96 rules added, 0 existing rules removed (0 new rules dominated)
Survival: 96 rules added, 0 removed (from 96 candidates)
Updated sys_vals: [13.638, 13.654, 13.659, 13.66, 13.663, 13.664, 13.665, 13.666, 13.667, 13.668, 13.669, 13.67, 13.671, 13.672, 13.673, 13.675, 13.676, 13.677, 13.678, 13.679, 13.68, 13.681, 13.682, 13.683, 13.684, 13.685, 13.686, 13.687, 13.688, 13.689, 13.69, 13.691, 13.692, 13.693, 13.694, 13.695, 13.696, 13.697, 13.698, 13.699, 13.7, 13.701, 13.702, 13.703, 13.704, 13.705, 13.706, 13.707, 13.708, 13.709, 13.71, 13.711, 13.712, 13.713, 13.714, 13.715, 13.716, 13.717, 13.718, 13.719, 13.72, 13.721, 13.722, 13.723, 13.724, 13.725, 13.726, 13.727, 13.728, 13.729, 13.73, 13.731, 13.732, 13.733, 13.734, 13.735, 13.736, 13.737, 13.738, 13.739, 13.74, 13.741, 13.742, 13.743, 13.744, 13.745, 13.746, 13.747, 13.748, 13.749, 13.75, 13.751, 13.752, 13.753, 13.754, 13.755, 13.756, 13.757, 13.758, 13.759, 13.76, 13.761, 13.762, 13.763, 13.764, 13.765, 13.766, 13.767, 13.768, 13.769, 13.77, 13.771, 13.772, 13.773, 13.774, 13.775, 13.776, 13.777, 13.778, 13.779, 13.78, 13.781, 13.782, 13.783, 13.784, 13.785, 13.786, 13.787, 13.788, 13.789, 13.79, 13.791, 13.792, 13.793, 13.794, 13.795, 13.796, 13.797, 13.798, 13.799, 13.8, 13.836, 13.945, 14.071, 14.097]
---
Round: 189, Unk. prob.: 4.631e-01
Surv probs: 5.369e-01, Fail probs: 1.000e-05
No. of non-dominant rules: 18693, Survival rules: 18680, Failure rules: 13
Batch update: 96 rules added, 0 existing rules removed (0 new rules dominated)
Survival: 96 rules added, 0 removed (from 96 candidates)
Updated sys_vals: [13.638, 13.654, 13.659, 13.66, 13.663, 13.664, 13.665, 13.666, 13.667, 13.668, 13.669, 13.67, 13.671, 13.672, 13.673, 13.675, 13.676, 13.677, 13.678, 13.679, 13.68, 13.681, 13.682, 13.683, 13.684, 13.685, 13.686, 13.687, 13.688, 13.689, 13.69, 13.691, 13.692, 13.693, 13.694, 13.695, 13.696, 13.697, 13.698, 13.699, 13.7, 13.701, 13.702, 13.703, 13.704, 13.705, 13.706, 13.707, 13.708, 13.709, 13.71, 13.711, 13.712, 13.713, 13.714, 13.715, 13.716, 13.717, 13.718, 13.719, 13.72, 13.721, 13.722, 13.723, 13.724, 13.725, 13.726, 13.727, 13.728, 13.729, 13.73, 13.731, 13.732, 13.733, 13.734, 13.735, 13.736, 13.737, 13.738, 13.739, 13.74, 13.741, 13.742, 13.743, 13.744, 13.745, 13.746, 13.747, 13.748, 13.749, 13.75, 13.751, 13.752, 13.753, 13.754, 13.755, 13.756, 13.757, 13.758, 13.759, 13.76, 13.761, 13.762, 13.763, 13.764, 13.765, 13.766, 13.767, 13.768, 13.769, 13.77, 13.771, 13.772, 13.773, 13.774, 13.775, 13.776, 13.777, 13.778, 13.779, 13.78, 13.781, 13.782, 13.783, 13.784, 13.785, 13.786, 13.787, 13.788, 13.789, 13.79, 13.791, 13.792, 13.793, 13.794, 13.795, 13.796, 13.797, 13.798, 13.799, 13.8, 13.836, 13.945, 14.071, 14.097]
---
Round: 190, Unk. prob.: 4.641e-01
Surv probs: 5.359e-01, Fail probs: 1.000e-05
No. of non-dominant rules: 18789, Survival rules: 18776, Failure rules: 13
Batch update: 96 rules added, 0 existing rules removed (0 new rules dominated)
Survival: 96 rules added, 0 removed (from 96 candidates)
Updated sys_vals: [13.638, 13.654, 13.659, 13.66, 13.663, 13.664, 13.665, 13.666, 13.667, 13.668, 13.669, 13.67, 13.671, 13.672, 13.673, 13.674, 13.675, 13.676, 13.677, 13.678, 13.679, 13.68, 13.681, 13.682, 13.683, 13.684, 13.685, 13.686, 13.687, 13.688, 13.689, 13.69, 13.691, 13.692, 13.693, 13.694, 13.695, 13.696, 13.697, 13.698, 13.699, 13.7, 13.701, 13.702, 13.703, 13.704, 13.705, 13.706, 13.707, 13.708, 13.709, 13.71, 13.711, 13.712, 13.713, 13.714, 13.715, 13.716, 13.717, 13.718, 13.719, 13.72, 13.721, 13.722, 13.723, 13.724, 13.725, 13.726, 13.727, 13.728, 13.729, 13.73, 13.731, 13.732, 13.733, 13.734, 13.735, 13.736, 13.737, 13.738, 13.739, 13.74, 13.741, 13.742, 13.743, 13.744, 13.745, 13.746, 13.747, 13.748, 13.749, 13.75, 13.751, 13.752, 13.753, 13.754, 13.755, 13.756, 13.757, 13.758, 13.759, 13.76, 13.761, 13.762, 13.763, 13.764, 13.765, 13.766, 13.767, 13.768, 13.769, 13.77, 13.771, 13.772, 13.773, 13.774, 13.775, 13.776, 13.777, 13.778, 13.779, 13.78, 13.781, 13.782, 13.783, 13.784, 13.785, 13.786, 13.787, 13.788, 13.789, 13.79, 13.791, 13.792, 13.793, 13.794, 13.795, 13.796, 13.797, 13.798, 13.799, 13.8, 13.836, 13.945, 14.071, 14.097]
---
Round: 191, Unk. prob.: 4.612e-01
Surv probs: 5.388e-01, Fail probs: 2.000e-05
No. of non-dominant rules: 18885, Survival rules: 18872, Failure rules: 13
Batch update: 96 rules added, 0 existing rules removed (0 new rules dominated)
Survival: 96 rules added, 0 removed (from 96 candidates)
Updated sys_vals: [13.638, 13.654, 13.659, 13.66, 13.663, 13.664, 13.665, 13.666, 13.667, 13.668, 13.669, 13.67, 13.671, 13.672, 13.673, 13.674, 13.675, 13.676, 13.677, 13.678, 13.679, 13.68, 13.681, 13.682, 13.683, 13.684, 13.685, 13.686, 13.687, 13.688, 13.689, 13.69, 13.691, 13.692, 13.693, 13.694, 13.695, 13.696, 13.697, 13.698, 13.699, 13.7, 13.701, 13.702, 13.703, 13.704, 13.705, 13.706, 13.707, 13.708, 13.709, 13.71, 13.711, 13.712, 13.713, 13.714, 13.715, 13.716, 13.717, 13.718, 13.719, 13.72, 13.721, 13.722, 13.723, 13.724, 13.725, 13.726, 13.727, 13.728, 13.729, 13.73, 13.731, 13.732, 13.733, 13.734, 13.735, 13.736, 13.737, 13.738, 13.739, 13.74, 13.741, 13.742, 13.743, 13.744, 13.745, 13.746, 13.747, 13.748, 13.749, 13.75, 13.751, 13.752, 13.753, 13.754, 13.755, 13.756, 13.757, 13.758, 13.759, 13.76, 13.761, 13.762, 13.763, 13.764, 13.765, 13.766, 13.767, 13.768, 13.769, 13.77, 13.771, 13.772, 13.773, 13.774, 13.775, 13.776, 13.777, 13.778, 13.779, 13.78, 13.781, 13.782, 13.783, 13.784, 13.785, 13.786, 13.787, 13.788, 13.789, 13.79, 13.791, 13.792, 13.793, 13.794, 13.795, 13.796, 13.797, 13.798, 13.799, 13.8, 13.836, 13.945, 14.071, 14.097]
---
Round: 192, Unk. prob.: 4.615e-01
Surv probs: 5.384e-01, Fail probs: 1.000e-05
No. of non-dominant rules: 18981, Survival rules: 18968, Failure rules: 13
Batch update: 96 rules added, 0 existing rules removed (0 new rules dominated)
Survival: 96 rules added, 0 removed (from 96 candidates)
Updated sys_vals: [13.638, 13.654, 13.659, 13.66, 13.663, 13.664, 13.665, 13.666, 13.667, 13.668, 13.669, 13.67, 13.671, 13.672, 13.673, 13.674, 13.675, 13.676, 13.677, 13.678, 13.679, 13.68, 13.681, 13.682, 13.683, 13.684, 13.685, 13.686, 13.687, 13.688, 13.689, 13.69, 13.691, 13.692, 13.693, 13.694, 13.695, 13.696, 13.697, 13.698, 13.699, 13.7, 13.701, 13.702, 13.703, 13.704, 13.705, 13.706, 13.707, 13.708, 13.709, 13.71, 13.711, 13.712, 13.713, 13.714, 13.715, 13.716, 13.717, 13.718, 13.719, 13.72, 13.721, 13.722, 13.723, 13.724, 13.725, 13.726, 13.727, 13.728, 13.729, 13.73, 13.731, 13.732, 13.733, 13.734, 13.735, 13.736, 13.737, 13.738, 13.739, 13.74, 13.741, 13.742, 13.743, 13.744, 13.745, 13.746, 13.747, 13.748, 13.749, 13.75, 13.751, 13.752, 13.753, 13.754, 13.755, 13.756, 13.757, 13.758, 13.759, 13.76, 13.761, 13.762, 13.763, 13.764, 13.765, 13.766, 13.767, 13.768, 13.769, 13.77, 13.771, 13.772, 13.773, 13.774, 13.775, 13.776, 13.777, 13.778, 13.779, 13.78, 13.781, 13.782, 13.783, 13.784, 13.785, 13.786, 13.787, 13.788, 13.789, 13.79, 13.791, 13.792, 13.793, 13.794, 13.795, 13.796, 13.797, 13.798, 13.799, 13.8, 13.836, 13.945, 14.071, 14.097]
---
Round: 193, Unk. prob.: 4.595e-01
Surv probs: 5.405e-01, Fail probs: 2.000e-05
No. of non-dominant rules: 19077, Survival rules: 19064, Failure rules: 13
Batch update: 96 rules added, 0 existing rules removed (0 new rules dominated)
Survival: 96 rules added, 0 removed (from 96 candidates)
Updated sys_vals: [13.638, 13.654, 13.659, 13.66, 13.663, 13.664, 13.665, 13.666, 13.667, 13.668, 13.669, 13.67, 13.671, 13.672, 13.673, 13.674, 13.675, 13.676, 13.677, 13.678, 13.679, 13.68, 13.681, 13.682, 13.683, 13.684, 13.685, 13.686, 13.687, 13.688, 13.689, 13.69, 13.691, 13.692, 13.693, 13.694, 13.695, 13.696, 13.697, 13.698, 13.699, 13.7, 13.701, 13.702, 13.703, 13.704, 13.705, 13.706, 13.707, 13.708, 13.709, 13.71, 13.711, 13.712, 13.713, 13.714, 13.715, 13.716, 13.717, 13.718, 13.719, 13.72, 13.721, 13.722, 13.723, 13.724, 13.725, 13.726, 13.727, 13.728, 13.729, 13.73, 13.731, 13.732, 13.733, 13.734, 13.735, 13.736, 13.737, 13.738, 13.739, 13.74, 13.741, 13.742, 13.743, 13.744, 13.745, 13.746, 13.747, 13.748, 13.749, 13.75, 13.751, 13.752, 13.753, 13.754, 13.755, 13.756, 13.757, 13.758, 13.759, 13.76, 13.761, 13.762, 13.763, 13.764, 13.765, 13.766, 13.767, 13.768, 13.769, 13.77, 13.771, 13.772, 13.773, 13.774, 13.775, 13.776, 13.777, 13.778, 13.779, 13.78, 13.781, 13.782, 13.783, 13.784, 13.785, 13.786, 13.787, 13.788, 13.789, 13.79, 13.791, 13.792, 13.793, 13.794, 13.795, 13.796, 13.797, 13.798, 13.799, 13.8, 13.836, 13.945, 14.071, 14.097]
---
Round: 194, Unk. prob.: 4.595e-01
Surv probs: 5.405e-01, Fail probs: 1.000e-05
No. of non-dominant rules: 19173, Survival rules: 19160, Failure rules: 13
Batch update: 96 rules added, 0 existing rules removed (0 new rules dominated)
Survival: 96 rules added, 0 removed (from 96 candidates)
Updated sys_vals: [13.638, 13.654, 13.659, 13.66, 13.663, 13.664, 13.665, 13.666, 13.667, 13.668, 13.669, 13.67, 13.671, 13.672, 13.673, 13.674, 13.675, 13.676, 13.677, 13.678, 13.679, 13.68, 13.681, 13.682, 13.683, 13.684, 13.685, 13.686, 13.687, 13.688, 13.689, 13.69, 13.691, 13.692, 13.693, 13.694, 13.695, 13.696, 13.697, 13.698, 13.699, 13.7, 13.701, 13.702, 13.703, 13.704, 13.705, 13.706, 13.707, 13.708, 13.709, 13.71, 13.711, 13.712, 13.713, 13.714, 13.715, 13.716, 13.717, 13.718, 13.719, 13.72, 13.721, 13.722, 13.723, 13.724, 13.725, 13.726, 13.727, 13.728, 13.729, 13.73, 13.731, 13.732, 13.733, 13.734, 13.735, 13.736, 13.737, 13.738, 13.739, 13.74, 13.741, 13.742, 13.743, 13.744, 13.745, 13.746, 13.747, 13.748, 13.749, 13.75, 13.751, 13.752, 13.753, 13.754, 13.755, 13.756, 13.757, 13.758, 13.759, 13.76, 13.761, 13.762, 13.763, 13.764, 13.765, 13.766, 13.767, 13.768, 13.769, 13.77, 13.771, 13.772, 13.773, 13.774, 13.775, 13.776, 13.777, 13.778, 13.779, 13.78, 13.781, 13.782, 13.783, 13.784, 13.785, 13.786, 13.787, 13.788, 13.789, 13.79, 13.791, 13.792, 13.793, 13.794, 13.795, 13.796, 13.797, 13.798, 13.799, 13.8, 13.836, 13.945, 14.071, 14.097]
---
Round: 195, Unk. prob.: 4.585e-01
Surv probs: 5.414e-01, Fail probs: 2.000e-05
No. of non-dominant rules: 19269, Survival rules: 19256, Failure rules: 13
Batch update: 96 rules added, 0 existing rules removed (0 new rules dominated)
Survival: 96 rules added, 0 removed (from 96 candidates)
Updated sys_vals: [13.638, 13.654, 13.659, 13.66, 13.663, 13.664, 13.665, 13.666, 13.667, 13.668, 13.669, 13.67, 13.671, 13.672, 13.673, 13.674, 13.675, 13.676, 13.677, 13.678, 13.679, 13.68, 13.681, 13.682, 13.683, 13.684, 13.685, 13.686, 13.687, 13.688, 13.689, 13.69, 13.691, 13.692, 13.693, 13.694, 13.695, 13.696, 13.697, 13.698, 13.699, 13.7, 13.701, 13.702, 13.703, 13.704, 13.705, 13.706, 13.707, 13.708, 13.709, 13.71, 13.711, 13.712, 13.713, 13.714, 13.715, 13.716, 13.717, 13.718, 13.719, 13.72, 13.721, 13.722, 13.723, 13.724, 13.725, 13.726, 13.727, 13.728, 13.729, 13.73, 13.731, 13.732, 13.733, 13.734, 13.735, 13.736, 13.737, 13.738, 13.739, 13.74, 13.741, 13.742, 13.743, 13.744, 13.745, 13.746, 13.747, 13.748, 13.749, 13.75, 13.751, 13.752, 13.753, 13.754, 13.755, 13.756, 13.757, 13.758, 13.759, 13.76, 13.761, 13.762, 13.763, 13.764, 13.765, 13.766, 13.767, 13.768, 13.769, 13.77, 13.771, 13.772, 13.773, 13.774, 13.775, 13.776, 13.777, 13.778, 13.779, 13.78, 13.781, 13.782, 13.783, 13.784, 13.785, 13.786, 13.787, 13.788, 13.789, 13.79, 13.791, 13.792, 13.793, 13.794, 13.795, 13.796, 13.797, 13.798, 13.799, 13.8, 13.836, 13.945, 14.071, 14.097]
---
Round: 196, Unk. prob.: 4.580e-01
Surv probs: 5.420e-01, Fail probs: 1.000e-05
No. of non-dominant rules: 19365, Survival rules: 19352, Failure rules: 13
Batch update: 96 rules added, 0 existing rules removed (0 new rules dominated)
Survival: 96 rules added, 0 removed (from 96 candidates)
Updated sys_vals: [13.638, 13.654, 13.659, 13.66, 13.663, 13.664, 13.665, 13.666, 13.667, 13.668, 13.669, 13.67, 13.671, 13.672, 13.673, 13.674, 13.675, 13.676, 13.677, 13.678, 13.679, 13.68, 13.681, 13.682, 13.683, 13.684, 13.685, 13.686, 13.687, 13.688, 13.689, 13.69, 13.691, 13.692, 13.693, 13.694, 13.695, 13.696, 13.697, 13.698, 13.699, 13.7, 13.701, 13.702, 13.703, 13.704, 13.705, 13.706, 13.707, 13.708, 13.709, 13.71, 13.711, 13.712, 13.713, 13.714, 13.715, 13.716, 13.717, 13.718, 13.719, 13.72, 13.721, 13.722, 13.723, 13.724, 13.725, 13.726, 13.727, 13.728, 13.729, 13.73, 13.731, 13.732, 13.733, 13.734, 13.735, 13.736, 13.737, 13.738, 13.739, 13.74, 13.741, 13.742, 13.743, 13.744, 13.745, 13.746, 13.747, 13.748, 13.749, 13.75, 13.751, 13.752, 13.753, 13.754, 13.755, 13.756, 13.757, 13.758, 13.759, 13.76, 13.761, 13.762, 13.763, 13.764, 13.765, 13.766, 13.767, 13.768, 13.769, 13.77, 13.771, 13.772, 13.773, 13.774, 13.775, 13.776, 13.777, 13.778, 13.779, 13.78, 13.781, 13.782, 13.783, 13.784, 13.785, 13.786, 13.787, 13.788, 13.789, 13.79, 13.791, 13.792, 13.793, 13.794, 13.795, 13.796, 13.797, 13.798, 13.799, 13.8, 13.836, 13.945, 14.071, 14.097]
---
Round: 197, Unk. prob.: 4.570e-01
Surv probs: 5.430e-01, Fail probs: 1.000e-05
No. of non-dominant rules: 19461, Survival rules: 19448, Failure rules: 13
Batch update: 96 rules added, 0 existing rules removed (0 new rules dominated)
Survival: 96 rules added, 0 removed (from 96 candidates)
Updated sys_vals: [13.638, 13.654, 13.659, 13.66, 13.663, 13.664, 13.665, 13.666, 13.667, 13.668, 13.669, 13.67, 13.671, 13.672, 13.673, 13.674, 13.675, 13.676, 13.677, 13.678, 13.679, 13.68, 13.681, 13.682, 13.683, 13.684, 13.685, 13.686, 13.687, 13.688, 13.689, 13.69, 13.691, 13.692, 13.693, 13.694, 13.695, 13.696, 13.697, 13.698, 13.699, 13.7, 13.701, 13.702, 13.703, 13.704, 13.705, 13.706, 13.707, 13.708, 13.709, 13.71, 13.711, 13.712, 13.713, 13.714, 13.715, 13.716, 13.717, 13.718, 13.719, 13.72, 13.721, 13.722, 13.723, 13.724, 13.725, 13.726, 13.727, 13.728, 13.729, 13.73, 13.731, 13.732, 13.733, 13.734, 13.735, 13.736, 13.737, 13.738, 13.739, 13.74, 13.741, 13.742, 13.743, 13.744, 13.745, 13.746, 13.747, 13.748, 13.749, 13.75, 13.751, 13.752, 13.753, 13.754, 13.755, 13.756, 13.757, 13.758, 13.759, 13.76, 13.761, 13.762, 13.763, 13.764, 13.765, 13.766, 13.767, 13.768, 13.769, 13.77, 13.771, 13.772, 13.773, 13.774, 13.775, 13.776, 13.777, 13.778, 13.779, 13.78, 13.781, 13.782, 13.783, 13.784, 13.785, 13.786, 13.787, 13.788, 13.789, 13.79, 13.791, 13.792, 13.793, 13.794, 13.795, 13.796, 13.797, 13.798, 13.799, 13.8, 13.836, 13.945, 14.071, 14.097]
---
Round: 198, Unk. prob.: 4.555e-01
Surv probs: 5.445e-01, Fail probs: 0.000e+00
No. of non-dominant rules: 19557, Survival rules: 19544, Failure rules: 13
Batch update: 96 rules added, 0 existing rules removed (0 new rules dominated)
Survival: 96 rules added, 0 removed (from 96 candidates)
Updated sys_vals: [13.638, 13.654, 13.659, 13.66, 13.663, 13.664, 13.665, 13.666, 13.667, 13.668, 13.669, 13.67, 13.671, 13.672, 13.673, 13.674, 13.675, 13.676, 13.677, 13.678, 13.679, 13.68, 13.681, 13.682, 13.683, 13.684, 13.685, 13.686, 13.687, 13.688, 13.689, 13.69, 13.691, 13.692, 13.693, 13.694, 13.695, 13.696, 13.697, 13.698, 13.699, 13.7, 13.701, 13.702, 13.703, 13.704, 13.705, 13.706, 13.707, 13.708, 13.709, 13.71, 13.711, 13.712, 13.713, 13.714, 13.715, 13.716, 13.717, 13.718, 13.719, 13.72, 13.721, 13.722, 13.723, 13.724, 13.725, 13.726, 13.727, 13.728, 13.729, 13.73, 13.731, 13.732, 13.733, 13.734, 13.735, 13.736, 13.737, 13.738, 13.739, 13.74, 13.741, 13.742, 13.743, 13.744, 13.745, 13.746, 13.747, 13.748, 13.749, 13.75, 13.751, 13.752, 13.753, 13.754, 13.755, 13.756, 13.757, 13.758, 13.759, 13.76, 13.761, 13.762, 13.763, 13.764, 13.765, 13.766, 13.767, 13.768, 13.769, 13.77, 13.771, 13.772, 13.773, 13.774, 13.775, 13.776, 13.777, 13.778, 13.779, 13.78, 13.781, 13.782, 13.783, 13.784, 13.785, 13.786, 13.787, 13.788, 13.789, 13.79, 13.791, 13.792, 13.793, 13.794, 13.795, 13.796, 13.797, 13.798, 13.799, 13.8, 13.836, 13.945, 14.071, 14.097]
---
Round: 199, Unk. prob.: 4.545e-01
Surv probs: 5.455e-01, Fail probs: 2.000e-05
No. of non-dominant rules: 19653, Survival rules: 19640, Failure rules: 13
Batch update: 96 rules added, 0 existing rules removed (0 new rules dominated)
Survival: 96 rules added, 0 removed (from 96 candidates)
Updated sys_vals: [13.638, 13.654, 13.659, 13.66, 13.663, 13.664, 13.665, 13.666, 13.667, 13.668, 13.669, 13.67, 13.671, 13.672, 13.673, 13.674, 13.675, 13.676, 13.677, 13.678, 13.679, 13.68, 13.681, 13.682, 13.683, 13.684, 13.685, 13.686, 13.687, 13.688, 13.689, 13.69, 13.691, 13.692, 13.693, 13.694, 13.695, 13.696, 13.697, 13.698, 13.699, 13.7, 13.701, 13.702, 13.703, 13.704, 13.705, 13.706, 13.707, 13.708, 13.709, 13.71, 13.711, 13.712, 13.713, 13.714, 13.715, 13.716, 13.717, 13.718, 13.719, 13.72, 13.721, 13.722, 13.723, 13.724, 13.725, 13.726, 13.727, 13.728, 13.729, 13.73, 13.731, 13.732, 13.733, 13.734, 13.735, 13.736, 13.737, 13.738, 13.739, 13.74, 13.741, 13.742, 13.743, 13.744, 13.745, 13.746, 13.747, 13.748, 13.749, 13.75, 13.751, 13.752, 13.753, 13.754, 13.755, 13.756, 13.757, 13.758, 13.759, 13.76, 13.761, 13.762, 13.763, 13.764, 13.765, 13.766, 13.767, 13.768, 13.769, 13.77, 13.771, 13.772, 13.773, 13.774, 13.775, 13.776, 13.777, 13.778, 13.779, 13.78, 13.781, 13.782, 13.783, 13.784, 13.785, 13.786, 13.787, 13.788, 13.789, 13.79, 13.791, 13.792, 13.793, 13.794, 13.795, 13.796, 13.797, 13.798, 13.799, 13.8, 13.836, 13.945, 14.071, 14.097]
---
Round: 200, Unk. prob.: 4.529e-01
Surv probs: 5.471e-01, Fail probs: 2.000e-05
No. of non-dominant rules: 19749, Survival rules: 19736, Failure rules: 13
Batch update: 96 rules added, 0 existing rules removed (0 new rules dominated)
Survival: 96 rules added, 0 removed (from 96 candidates)
Updated sys_vals: [13.638, 13.654, 13.659, 13.66, 13.663, 13.664, 13.665, 13.666, 13.667, 13.668, 13.669, 13.67, 13.671, 13.672, 13.673, 13.674, 13.675, 13.676, 13.677, 13.678, 13.679, 13.68, 13.681, 13.682, 13.683, 13.684, 13.685, 13.686, 13.687, 13.688, 13.689, 13.69, 13.691, 13.692, 13.693, 13.694, 13.695, 13.696, 13.697, 13.698, 13.699, 13.7, 13.701, 13.702, 13.703, 13.704, 13.705, 13.706, 13.707, 13.708, 13.709, 13.71, 13.711, 13.712, 13.713, 13.714, 13.715, 13.716, 13.717, 13.718, 13.719, 13.72, 13.721, 13.722, 13.723, 13.724, 13.725, 13.726, 13.727, 13.728, 13.729, 13.73, 13.731, 13.732, 13.733, 13.734, 13.735, 13.736, 13.737, 13.738, 13.739, 13.74, 13.741, 13.742, 13.743, 13.744, 13.745, 13.746, 13.747, 13.748, 13.749, 13.75, 13.751, 13.752, 13.753, 13.754, 13.755, 13.756, 13.757, 13.758, 13.759, 13.76, 13.761, 13.762, 13.763, 13.764, 13.765, 13.766, 13.767, 13.768, 13.769, 13.77, 13.771, 13.772, 13.773, 13.774, 13.775, 13.776, 13.777, 13.778, 13.779, 13.78, 13.781, 13.782, 13.783, 13.784, 13.785, 13.786, 13.787, 13.788, 13.789, 13.79, 13.791, 13.792, 13.793, 13.794, 13.795, 13.796, 13.797, 13.798, 13.799, 13.8, 13.836, 13.945, 14.071, 14.097]
---
Round: 201, Unk. prob.: 4.528e-01
Surv probs: 5.471e-01, Fail probs: 3.000e-05
No. of non-dominant rules: 19845, Survival rules: 19832, Failure rules: 13
Batch update: 96 rules added, 0 existing rules removed (0 new rules dominated)
Survival: 96 rules added, 0 removed (from 96 candidates)
Updated sys_vals: [13.638, 13.654, 13.659, 13.66, 13.663, 13.664, 13.665, 13.666, 13.667, 13.668, 13.669, 13.67, 13.671, 13.672, 13.673, 13.674, 13.675, 13.676, 13.677, 13.678, 13.679, 13.68, 13.681, 13.682, 13.683, 13.684, 13.685, 13.686, 13.687, 13.688, 13.689, 13.69, 13.691, 13.692, 13.693, 13.694, 13.695, 13.696, 13.697, 13.698, 13.699, 13.7, 13.701, 13.702, 13.703, 13.704, 13.705, 13.706, 13.707, 13.708, 13.709, 13.71, 13.711, 13.712, 13.713, 13.714, 13.715, 13.716, 13.717, 13.718, 13.719, 13.72, 13.721, 13.722, 13.723, 13.724, 13.725, 13.726, 13.727, 13.728, 13.729, 13.73, 13.731, 13.732, 13.733, 13.734, 13.735, 13.736, 13.737, 13.738, 13.739, 13.74, 13.741, 13.742, 13.743, 13.744, 13.745, 13.746, 13.747, 13.748, 13.749, 13.75, 13.751, 13.752, 13.753, 13.754, 13.755, 13.756, 13.757, 13.758, 13.759, 13.76, 13.761, 13.762, 13.763, 13.764, 13.765, 13.766, 13.767, 13.768, 13.769, 13.77, 13.771, 13.772, 13.773, 13.774, 13.775, 13.776, 13.777, 13.778, 13.779, 13.78, 13.781, 13.782, 13.783, 13.784, 13.785, 13.786, 13.787, 13.788, 13.789, 13.79, 13.791, 13.792, 13.793, 13.794, 13.795, 13.796, 13.797, 13.798, 13.799, 13.8, 13.836, 13.945, 14.071, 14.097]
---
Round: 202, Unk. prob.: 4.545e-01
Surv probs: 5.455e-01, Fail probs: 3.000e-05
No. of non-dominant rules: 19941, Survival rules: 19928, Failure rules: 13
