============================================================
Variable Reduction TSUM for IEEE 118-bus DC-OPF
============================================================

  Full model:  304 components, 4 max states
  Selected:    54 variable components
  Fixed:       250 components at best state
  Max states:  4
  Mode:        generators
    Generators: 54

  P(all fixed at best): 0.081059
  P(any fixed degraded): 0.918941
  Note: ignoring 91.8941% of probability space where
        fixed components are degraded.

Initialising DC-OPF system function...
DC-OPF sfun ready: 118 buses, 54 generators, 186 branches
  Verification (all operational): blackout=0.00%, sys_st=1

  Seed rules: 9 applicable (from 9 total)
    3 conditions: 9 rules

============================================================
TSUM rule extraction (54 variables, 4 states)
============================================================
  Convergence: unk_prob < 1e-05
  Device:      cpu
  Workers:     192

Starting rule extraction...

Loaded 9 initial failure rules
Parallel mode: 192 CPU workers for sfun + minimization
---
Round: 1, Unk. prob.: 1.000e+00
Surv probs: 0.000e+00, Fail probs: 0.000e+00
No. of non-dominant rules: 9, Survival rules: 0, Failure rules: 9
Batch update: 192 rules added, 0 existing rules removed (0 new rules dominated)
Survival: 192 rules added, 0 removed (from 192 candidates)
Updated sys_vals: [13.405, 13.553, 13.63, 13.656, 13.677, 13.679, 13.684, 13.688, 13.691, 13.696, 13.699, 13.701, 13.702, 13.703, 13.705, 13.706, 13.707, 13.708, 13.711, 13.716, 13.718, 13.719, 13.722, 13.724, 13.725, 13.726, 13.73, 13.732, 13.735, 13.736, 13.737, 13.743, 13.744, 13.745, 13.746, 13.748, 13.749, 13.751, 13.755, 13.756, 13.757, 13.758, 13.76, 13.761, 13.762, 13.763, 13.764, 13.766, 13.767, 13.77, 13.771, 13.773, 13.774, 13.775, 13.776, 13.777, 13.778, 13.779, 13.78, 13.782, 13.783, 13.784, 13.785, 13.787, 13.788, 13.789, 13.79, 13.791, 13.792, 13.793, 13.794, 13.795, 13.796, 13.797, 13.798, 13.799, 13.8]
---
Round: 2, Unk. prob.: 1.000e+00
Surv probs: 0.000e+00, Fail probs: 2.000e-05
No. of non-dominant rules: 201, Survival rules: 192, Failure rules: 9
Batch update: 192 rules added, 0 existing rules removed (0 new rules dominated)
Survival: 192 rules added, 0 removed (from 192 candidates)
Updated sys_vals: [12.989, 13.405, 13.459, 13.553, 13.555, 13.588, 13.596, 13.611, 13.613, 13.63, 13.642, 13.65, 13.656, 13.66, 13.665, 13.677, 13.678, 13.679, 13.684, 13.688, 13.69, 13.691, 13.696, 13.699, 13.7, 13.701, 13.702, 13.703, 13.705, 13.706, 13.707, 13.708, 13.711, 13.712, 13.713, 13.716, 13.717, 13.718, 13.719, 13.72, 13.721, 13.722, 13.724, 13.725, 13.726, 13.727, 13.73, 13.732, 13.734, 13.735, 13.736, 13.737, 13.738, 13.74, 13.741, 13.743, 13.744, 13.745, 13.746, 13.747, 13.748, 13.749, 13.751, 13.752, 13.753, 13.754, 13.755, 13.756, 13.757, 13.758, 13.759, 13.76, 13.761, 13.762, 13.763, 13.764, 13.765, 13.766, 13.767, 13.768, 13.77, 13.771, 13.772, 13.773, 13.774, 13.775, 13.776, 13.777, 13.778, 13.779, 13.78, 13.781, 13.782, 13.783, 13.784, 13.785, 13.786, 13.787, 13.788, 13.789, 13.79, 13.791, 13.792, 13.793, 13.794, 13.795, 13.796, 13.797, 13.798, 13.799, 13.8]
---
Round: 3, Unk. prob.: 1.151e-01
Surv probs: 8.849e-01, Fail probs: 0.000e+00
No. of non-dominant rules: 393, Survival rules: 384, Failure rules: 9
Batch update: 192 rules added, 0 existing rules removed (0 new rules dominated)
Survival: 192 rules added, 0 removed (from 192 candidates)
Updated sys_vals: [12.818, 12.989, 13.405, 13.459, 13.483, 13.553, 13.555, 13.572, 13.588, 13.596, 13.611, 13.613, 13.615, 13.63, 13.633, 13.634, 13.642, 13.65, 13.656, 13.66, 13.664, 13.665, 13.668, 13.673, 13.677, 13.678, 13.679, 13.68, 13.683, 13.684, 13.685, 13.686, 13.688, 13.69, 13.691, 13.692, 13.696, 13.699, 13.7, 13.701, 13.702, 13.703, 13.704, 13.705, 13.706, 13.707, 13.708, 13.711, 13.712, 13.713, 13.716, 13.717, 13.718, 13.719, 13.72, 13.721, 13.722, 13.723, 13.724, 13.725, 13.726, 13.727, 13.73, 13.731, 13.732, 13.734, 13.735, 13.736, 13.737, 13.738, 13.74, 13.741, 13.742, 13.743, 13.744, 13.745, 13.746, 13.747, 13.748, 13.749, 13.751, 13.752, 13.753, 13.754, 13.755, 13.756, 13.757, 13.758, 13.759, 13.76, 13.761, 13.762, 13.763, 13.764, 13.765, 13.766, 13.767, 13.768, 13.769, 13.77, 13.771, 13.772, 13.773, 13.774, 13.775, 13.776, 13.777, 13.778, 13.779, 13.78, 13.781, 13.782, 13.783, 13.784, 13.785, 13.786, 13.787, 13.788, 13.789, 13.79, 13.791, 13.792, 13.793, 13.794, 13.795, 13.796, 13.797, 13.798, 13.799, 13.8]
---
Round: 4, Unk. prob.: 7.525e-02
Surv probs: 9.247e-01, Fail probs: 1.000e-05
No. of non-dominant rules: 585, Survival rules: 576, Failure rules: 9
Batch update: 192 rules added, 0 existing rules removed (0 new rules dominated)
Survival: 192 rules added, 0 removed (from 192 candidates)
Updated sys_vals: [12.818, 12.989, 13.405, 13.429, 13.453, 13.459, 13.483, 13.507, 13.553, 13.555, 13.572, 13.588, 13.596, 13.606, 13.611, 13.613, 13.615, 13.616, 13.63, 13.633, 13.634, 13.642, 13.65, 13.652, 13.656, 13.66, 13.662, 13.663, 13.664, 13.665, 13.668, 13.671, 13.673, 13.674, 13.677, 13.678, 13.679, 13.68, 13.681, 13.682, 13.683, 13.684, 13.685, 13.686, 13.688, 13.69, 13.691, 13.692, 13.696, 13.699, 13.7, 13.701, 13.702, 13.703, 13.704, 13.705, 13.706, 13.707, 13.708, 13.709, 13.711, 13.712, 13.713, 13.716, 13.717, 13.718, 13.719, 13.72, 13.721, 13.722, 13.723, 13.724, 13.725, 13.726, 13.727, 13.729, 13.73, 13.731, 13.732, 13.734, 13.735, 13.736, 13.737, 13.738, 13.739, 13.74, 13.741, 13.742, 13.743, 13.744, 13.745, 13.746, 13.747, 13.748, 13.749, 13.75, 13.751, 13.752, 13.753, 13.754, 13.755, 13.756, 13.757, 13.758, 13.759, 13.76, 13.761, 13.762, 13.763, 13.764, 13.765, 13.766, 13.767, 13.768, 13.769, 13.77, 13.771, 13.772, 13.773, 13.774, 13.775, 13.776, 13.777, 13.778, 13.779, 13.78, 13.781, 13.782, 13.783, 13.784, 13.785, 13.786, 13.787, 13.788, 13.789, 13.79, 13.791, 13.792, 13.793, 13.794, 13.795, 13.796, 13.797, 13.798, 13.799, 13.8]
---
Round: 5, Unk. prob.: 5.716e-02
Surv probs: 9.428e-01, Fail probs: 3.000e-05
No. of non-dominant rules: 777, Survival rules: 768, Failure rules: 9
Batch update: 192 rules added, 0 existing rules removed (0 new rules dominated)
Survival: 192 rules added, 0 removed (from 192 candidates)
Updated sys_vals: [12.818, 12.989, 13.405, 13.429, 13.453, 13.459, 13.483, 13.507, 13.553, 13.555, 13.572, 13.585, 13.588, 13.596, 13.606, 13.611, 13.613, 13.615, 13.616, 13.629, 13.63, 13.633, 13.634, 13.642, 13.644, 13.65, 13.652, 13.656, 13.66, 13.662, 13.663, 13.664, 13.665, 13.668, 13.671, 13.672, 13.673, 13.674, 13.677, 13.678, 13.679, 13.68, 13.681, 13.682, 13.683, 13.684, 13.685, 13.686, 13.688, 13.69, 13.691, 13.692, 13.695, 13.696, 13.697, 13.699, 13.7, 13.701, 13.702, 13.703, 13.704, 13.705, 13.706, 13.707, 13.708, 13.709, 13.71, 13.711, 13.712, 13.713, 13.716, 13.717, 13.718, 13.719, 13.72, 13.721, 13.722, 13.723, 13.724, 13.725, 13.726, 13.727, 13.729, 13.73, 13.731, 13.732, 13.733, 13.734, 13.735, 13.736, 13.737, 13.738, 13.739, 13.74, 13.741, 13.742, 13.743, 13.744, 13.745, 13.746, 13.747, 13.748, 13.749, 13.75, 13.751, 13.752, 13.753, 13.754, 13.755, 13.756, 13.757, 13.758, 13.759, 13.76, 13.761, 13.762, 13.763, 13.764, 13.765, 13.766, 13.767, 13.768, 13.769, 13.77, 13.771, 13.772, 13.773, 13.774, 13.775, 13.776, 13.777, 13.778, 13.779, 13.78, 13.781, 13.782, 13.783, 13.784, 13.785, 13.786, 13.787, 13.788, 13.789, 13.79, 13.791, 13.792, 13.793, 13.794, 13.795, 13.796, 13.797, 13.798, 13.799, 13.8]
---
Round: 6, Unk. prob.: 4.863e-02
Surv probs: 9.514e-01, Fail probs: 0.000e+00
No. of non-dominant rules: 969, Survival rules: 960, Failure rules: 9
Batch update: 192 rules added, 0 existing rules removed (0 new rules dominated)
Survival: 192 rules added, 0 removed (from 192 candidates)
Updated sys_vals: [12.818, 12.989, 13.405, 13.429, 13.453, 13.459, 13.483, 13.49, 13.507, 13.553, 13.555, 13.572, 13.574, 13.585, 13.588, 13.596, 13.602, 13.606, 13.608, 13.611, 13.613, 13.615, 13.616, 13.629, 13.63, 13.633, 13.634, 13.636, 13.642, 13.644, 13.65, 13.652, 13.656, 13.66, 13.662, 13.663, 13.664, 13.665, 13.668, 13.671, 13.672, 13.673, 13.674, 13.677, 13.678, 13.679, 13.68, 13.681, 13.682, 13.683, 13.684, 13.685, 13.686, 13.688, 13.689, 13.69, 13.691, 13.692, 13.695, 13.696, 13.697, 13.699, 13.7, 13.701, 13.702, 13.703, 13.704, 13.705, 13.706, 13.707, 13.708, 13.709, 13.71, 13.711, 13.712, 13.713, 13.714, 13.715, 13.716, 13.717, 13.718, 13.719, 13.72, 13.721, 13.722, 13.723, 13.724, 13.725, 13.726, 13.727, 13.729, 13.73, 13.731, 13.732, 13.733, 13.734, 13.735, 13.736, 13.737, 13.738, 13.739, 13.74, 13.741, 13.742, 13.743, 13.744, 13.745, 13.746, 13.747, 13.748, 13.749, 13.75, 13.751, 13.752, 13.753, 13.754, 13.755, 13.756, 13.757, 13.758, 13.759, 13.76, 13.761, 13.762, 13.763, 13.764, 13.765, 13.766, 13.767, 13.768, 13.769, 13.77, 13.771, 13.772, 13.773, 13.774, 13.775, 13.776, 13.777, 13.778, 13.779, 13.78, 13.781, 13.782, 13.783, 13.784, 13.785, 13.786, 13.787, 13.788, 13.789, 13.79, 13.791, 13.792, 13.793, 13.794, 13.795, 13.796, 13.797, 13.798, 13.799, 13.8]
---
Round: 7, Unk. prob.: 4.024e-02
Surv probs: 9.597e-01, Fail probs: 2.000e-05
No. of non-dominant rules: 1161, Survival rules: 1152, Failure rules: 9
Batch update: 191 rules added, 0 existing rules removed (0 new rules dominated)
Survival: 191 rules added, 0 removed (from 191 candidates)
Batch update: 1 rules added, 0 existing rules removed (0 new rules dominated)
Failure: 1 rules added, 0 removed (from 1 candidates)
Updated sys_vals: [12.818, 12.989, 13.024, 13.402, 13.405, 13.429, 13.453, 13.459, 13.483, 13.49, 13.507, 13.542, 13.553, 13.555, 13.557, 13.572, 13.574, 13.585, 13.588, 13.596, 13.602, 13.606, 13.608, 13.611, 13.613, 13.615, 13.616, 13.629, 13.63, 13.633, 13.634, 13.636, 13.639, 13.642, 13.644, 13.648, 13.65, 13.652, 13.656, 13.66, 13.662, 13.663, 13.664, 13.665, 13.668, 13.671, 13.672, 13.673, 13.674, 13.677, 13.678, 13.679, 13.68, 13.681, 13.682, 13.683, 13.684, 13.685, 13.686, 13.687, 13.688, 13.689, 13.69, 13.691, 13.692, 13.695, 13.696, 13.697, 13.698, 13.699, 13.7, 13.701, 13.702, 13.703, 13.704, 13.705, 13.706, 13.707, 13.708, 13.709, 13.71, 13.711, 13.712, 13.713, 13.714, 13.715, 13.716, 13.717, 13.718, 13.719, 13.72, 13.721, 13.722, 13.723, 13.724, 13.725, 13.726, 13.727, 13.728, 13.729, 13.73, 13.731, 13.732, 13.733, 13.734, 13.735, 13.736, 13.737, 13.738, 13.739, 13.74, 13.741, 13.742, 13.743, 13.744, 13.745, 13.746, 13.747, 13.748, 13.749, 13.75, 13.751, 13.752, 13.753, 13.754, 13.755, 13.756, 13.757, 13.758, 13.759, 13.76, 13.761, 13.762, 13.763, 13.764, 13.765, 13.766, 13.767, 13.768, 13.769, 13.77, 13.771, 13.772, 13.773, 13.774, 13.775, 13.776, 13.777, 13.778, 13.779, 13.78, 13.781, 13.782, 13.783, 13.784, 13.785, 13.786, 13.787, 13.788, 13.789, 13.79, 13.791, 13.792, 13.793, 13.794, 13.795, 13.796, 13.797, 13.798, 13.799, 13.8, 14.149]
---
Round: 8, Unk. prob.: 3.545e-02
Surv probs: 9.645e-01, Fail probs: 1.000e-05
No. of non-dominant rules: 1353, Survival rules: 1343, Failure rules: 10
Batch update: 192 rules added, 0 existing rules removed (0 new rules dominated)
Survival: 192 rules added, 0 removed (from 192 candidates)
Updated sys_vals: [12.818, 12.989, 13.024, 13.294, 13.402, 13.405, 13.415, 13.429, 13.453, 13.459, 13.483, 13.49, 13.507, 13.508, 13.542, 13.553, 13.555, 13.557, 13.572, 13.574, 13.585, 13.588, 13.596, 13.602, 13.606, 13.608, 13.611, 13.613, 13.615, 13.616, 13.629, 13.63, 13.633, 13.634, 13.636, 13.639, 13.642, 13.644, 13.648, 13.65, 13.652, 13.654, 13.656, 13.66, 13.662, 13.663, 13.664, 13.665, 13.668, 13.671, 13.672, 13.673, 13.674, 13.677, 13.678, 13.679, 13.68, 13.681, 13.682, 13.683, 13.684, 13.685, 13.686, 13.687, 13.688, 13.689, 13.69, 13.691, 13.692, 13.693, 13.695, 13.696, 13.697, 13.698, 13.699, 13.7, 13.701, 13.702, 13.703, 13.704, 13.705, 13.706, 13.707, 13.708, 13.709, 13.71, 13.711, 13.712, 13.713, 13.714, 13.715, 13.716, 13.717, 13.718, 13.719, 13.72, 13.721, 13.722, 13.723, 13.724, 13.725, 13.726, 13.727, 13.728, 13.729, 13.73, 13.731, 13.732, 13.733, 13.734, 13.735, 13.736, 13.737, 13.738, 13.739, 13.74, 13.741, 13.742, 13.743, 13.744, 13.745, 13.746, 13.747, 13.748, 13.749, 13.75, 13.751, 13.752, 13.753, 13.754, 13.755, 13.756, 13.757, 13.758, 13.759, 13.76, 13.761, 13.762, 13.763, 13.764, 13.765, 13.766, 13.767, 13.768, 13.769, 13.77, 13.771, 13.772, 13.773, 13.774, 13.775, 13.776, 13.777, 13.778, 13.779, 13.78, 13.781, 13.782, 13.783, 13.784, 13.785, 13.786, 13.787, 13.788, 13.789, 13.79, 13.791, 13.792, 13.793, 13.794, 13.795, 13.796, 13.797, 13.798, 13.799, 13.8, 14.149]
---
Round: 9, Unk. prob.: 3.086e-02
Surv probs: 9.691e-01, Fail probs: 1.000e-05
No. of non-dominant rules: 1545, Survival rules: 1535, Failure rules: 10
Batch update: 192 rules added, 0 existing rules removed (0 new rules dominated)
Survival: 192 rules added, 0 removed (from 192 candidates)
Updated sys_vals: [12.818, 12.989, 13.024, 13.294, 13.402, 13.405, 13.415, 13.429, 13.43, 13.453, 13.459, 13.483, 13.49, 13.507, 13.508, 13.528, 13.542, 13.553, 13.555, 13.556, 13.557, 13.569, 13.572, 13.574, 13.584, 13.585, 13.588, 13.596, 13.602, 13.606, 13.608, 13.611, 13.613, 13.615, 13.616, 13.624, 13.629, 13.63, 13.633, 13.634, 13.636, 13.639, 13.642, 13.644, 13.645, 13.648, 13.65, 13.652, 13.654, 13.656, 13.66, 13.662, 13.663, 13.664, 13.665, 13.668, 13.669, 13.671, 13.672, 13.673, 13.674, 13.677, 13.678, 13.679, 13.68, 13.681, 13.682, 13.683, 13.684, 13.685, 13.686, 13.687, 13.688, 13.689, 13.69, 13.691, 13.692, 13.693, 13.694, 13.695, 13.696, 13.697, 13.698, 13.699, 13.7, 13.701, 13.702, 13.703, 13.704, 13.705, 13.706, 13.707, 13.708, 13.709, 13.71, 13.711, 13.712, 13.713, 13.714, 13.715, 13.716, 13.717, 13.718, 13.719, 13.72, 13.721, 13.722, 13.723, 13.724, 13.725, 13.726, 13.727, 13.728, 13.729, 13.73, 13.731, 13.732, 13.733, 13.734, 13.735, 13.736, 13.737, 13.738, 13.739, 13.74, 13.741, 13.742, 13.743, 13.744, 13.745, 13.746, 13.747, 13.748, 13.749, 13.75, 13.751, 13.752, 13.753, 13.754, 13.755, 13.756, 13.757, 13.758, 13.759, 13.76, 13.761, 13.762, 13.763, 13.764, 13.765, 13.766, 13.767, 13.768, 13.769, 13.77, 13.771, 13.772, 13.773, 13.774, 13.775, 13.776, 13.777, 13.778, 13.779, 13.78, 13.781, 13.782, 13.783, 13.784, 13.785, 13.786, 13.787, 13.788, 13.789, 13.79, 13.791, 13.792, 13.793, 13.794, 13.795, 13.796, 13.797, 13.798, 13.799, 13.8, 14.149]
---
Round: 10, Unk. prob.: 2.883e-02
Surv probs: 9.712e-01, Fail probs: 0.000e+00
No. of non-dominant rules: 1737, Survival rules: 1727, Failure rules: 10
Batch update: 192 rules added, 0 existing rules removed (0 new rules dominated)
Survival: 192 rules added, 0 removed (from 192 candidates)
Updated sys_vals: [12.818, 12.989, 13.024, 13.046, 13.294, 13.402, 13.405, 13.415, 13.423, 13.429, 13.43, 13.453, 13.459, 13.483, 13.49, 13.507, 13.508, 13.518, 13.528, 13.542, 13.553, 13.555, 13.556, 13.557, 13.569, 13.572, 13.573, 13.574, 13.584, 13.585, 13.588, 13.596, 13.602, 13.606, 13.608, 13.611, 13.613, 13.615, 13.616, 13.624, 13.629, 13.63, 13.633, 13.634, 13.636, 13.639, 13.642, 13.644, 13.645, 13.648, 13.65, 13.652, 13.654, 13.656, 13.657, 13.659, 13.66, 13.661, 13.662, 13.663, 13.664, 13.665, 13.668, 13.669, 13.671, 13.672, 13.673, 13.674, 13.677, 13.678, 13.679, 13.68, 13.681, 13.682, 13.683, 13.684, 13.685, 13.686, 13.687, 13.688, 13.689, 13.69, 13.691, 13.692, 13.693, 13.694, 13.695, 13.696, 13.697, 13.698, 13.699, 13.7, 13.701, 13.702, 13.703, 13.704, 13.705, 13.706, 13.707, 13.708, 13.709, 13.71, 13.711, 13.712, 13.713, 13.714, 13.715, 13.716, 13.717, 13.718, 13.719, 13.72, 13.721, 13.722, 13.723, 13.724, 13.725, 13.726, 13.727, 13.728, 13.729, 13.73, 13.731, 13.732, 13.733, 13.734, 13.735, 13.736, 13.737, 13.738, 13.739, 13.74, 13.741, 13.742, 13.743, 13.744, 13.745, 13.746, 13.747, 13.748, 13.749, 13.75, 13.751, 13.752, 13.753, 13.754, 13.755, 13.756, 13.757, 13.758, 13.759, 13.76, 13.761, 13.762, 13.763, 13.764, 13.765, 13.766, 13.767, 13.768, 13.769, 13.77, 13.771, 13.772, 13.773, 13.774, 13.775, 13.776, 13.777, 13.778, 13.779, 13.78, 13.781, 13.782, 13.783, 13.784, 13.785, 13.786, 13.787, 13.788, 13.789, 13.79, 13.791, 13.792, 13.793, 13.794, 13.795, 13.796, 13.797, 13.798, 13.799, 13.8, 14.149]
---
Round: 11, Unk. prob.: 2.738e-02
Surv probs: 9.726e-01, Fail probs: 3.000e-05
No. of non-dominant rules: 1929, Survival rules: 1919, Failure rules: 10
Batch update: 191 rules added, 0 existing rules removed (0 new rules dominated)
Survival: 191 rules added, 0 removed (from 191 candidates)
Batch update: 1 rules added, 0 existing rules removed (0 new rules dominated)
Failure: 1 rules added, 0 removed (from 1 candidates)
Updated sys_vals: [12.818, 12.989, 13.024, 13.046, 13.294, 13.402, 13.405, 13.415, 13.423, 13.429, 13.43, 13.453, 13.459, 13.483, 13.49, 13.507, 13.508, 13.518, 13.528, 13.529, 13.542, 13.553, 13.555, 13.556, 13.557, 13.569, 13.572, 13.573, 13.574, 13.584, 13.585, 13.588, 13.596, 13.602, 13.606, 13.608, 13.611, 13.613, 13.615, 13.616, 13.624, 13.629, 13.63, 13.633, 13.634, 13.636, 13.637, 13.639, 13.642, 13.644, 13.645, 13.648, 13.65, 13.652, 13.654, 13.656, 13.657, 13.659, 13.66, 13.661, 13.662, 13.663, 13.664, 13.665, 13.668, 13.669, 13.671, 13.672, 13.673, 13.674, 13.676, 13.677, 13.678, 13.679, 13.68, 13.681, 13.682, 13.683, 13.684, 13.685, 13.686, 13.687, 13.688, 13.689, 13.69, 13.691, 13.692, 13.693, 13.694, 13.695, 13.696, 13.697, 13.698, 13.699, 13.7, 13.701, 13.702, 13.703, 13.704, 13.705, 13.706, 13.707, 13.708, 13.709, 13.71, 13.711, 13.712, 13.713, 13.714, 13.715, 13.716, 13.717, 13.718, 13.719, 13.72, 13.721, 13.722, 13.723, 13.724, 13.725, 13.726, 13.727, 13.728, 13.729, 13.73, 13.731, 13.732, 13.733, 13.734, 13.735, 13.736, 13.737, 13.738, 13.739, 13.74, 13.741, 13.742, 13.743, 13.744, 13.745, 13.746, 13.747, 13.748, 13.749, 13.75, 13.751, 13.752, 13.753, 13.754, 13.755, 13.756, 13.757, 13.758, 13.759, 13.76, 13.761, 13.762, 13.763, 13.764, 13.765, 13.766, 13.767, 13.768, 13.769, 13.77, 13.771, 13.772, 13.773, 13.774, 13.775, 13.776, 13.777, 13.778, 13.779, 13.78, 13.781, 13.782, 13.783, 13.784, 13.785, 13.786, 13.787, 13.788, 13.789, 13.79, 13.791, 13.792, 13.793, 13.794, 13.795, 13.796, 13.797, 13.798, 13.799, 13.8, 14.033, 14.149]
---
Round: 12, Unk. prob.: 2.573e-02
Surv probs: 9.743e-01, Fail probs: 1.000e-05
No. of non-dominant rules: 2121, Survival rules: 2110, Failure rules: 11
Batch update: 192 rules added, 0 existing rules removed (0 new rules dominated)
Survival: 192 rules added, 0 removed (from 192 candidates)
Updated sys_vals: [12.818, 12.989, 13.024, 13.046, 13.294, 13.402, 13.405, 13.415, 13.423, 13.429, 13.43, 13.453, 13.459, 13.483, 13.49, 13.507, 13.508, 13.518, 13.528, 13.529, 13.542, 13.548, 13.553, 13.555, 13.556, 13.557, 13.569, 13.572, 13.573, 13.574, 13.584, 13.585, 13.588, 13.596, 13.602, 13.606, 13.608, 13.611, 13.613, 13.615, 13.616, 13.624, 13.629, 13.63, 13.633, 13.634, 13.636, 13.637, 13.639, 13.642, 13.644, 13.645, 13.648, 13.65, 13.652, 13.654, 13.656, 13.657, 13.659, 13.66, 13.661, 13.662, 13.663, 13.664, 13.665, 13.668, 13.669, 13.671, 13.672, 13.673, 13.674, 13.676, 13.677, 13.678, 13.679, 13.68, 13.681, 13.682, 13.683, 13.684, 13.685, 13.686, 13.687, 13.688, 13.689, 13.69, 13.691, 13.692, 13.693, 13.694, 13.695, 13.696, 13.697, 13.698, 13.699, 13.7, 13.701, 13.702, 13.703, 13.704, 13.705, 13.706, 13.707, 13.708, 13.709, 13.71, 13.711, 13.712, 13.713, 13.714, 13.715, 13.716, 13.717, 13.718, 13.719, 13.72, 13.721, 13.722, 13.723, 13.724, 13.725, 13.726, 13.727, 13.728, 13.729, 13.73, 13.731, 13.732, 13.733, 13.734, 13.735, 13.736, 13.737, 13.738, 13.739, 13.74, 13.741, 13.742, 13.743, 13.744, 13.745, 13.746, 13.747, 13.748, 13.749, 13.75, 13.751, 13.752, 13.753, 13.754, 13.755, 13.756, 13.757, 13.758, 13.759, 13.76, 13.761, 13.762, 13.763, 13.764, 13.765, 13.766, 13.767, 13.768, 13.769, 13.77, 13.771, 13.772, 13.773, 13.774, 13.775, 13.776, 13.777, 13.778, 13.779, 13.78, 13.781, 13.782, 13.783, 13.784, 13.785, 13.786, 13.787, 13.788, 13.789, 13.79, 13.791, 13.792, 13.793, 13.794, 13.795, 13.796, 13.797, 13.798, 13.799, 13.8, 14.033, 14.149]
---
Round: 13, Unk. prob.: 2.287e-02
Surv probs: 9.771e-01, Fail probs: 0.000e+00
No. of non-dominant rules: 2313, Survival rules: 2302, Failure rules: 11
Batch update: 191 rules added, 0 existing rules removed (0 new rules dominated)
Survival: 191 rules added, 0 removed (from 191 candidates)
Batch update: 1 rules added, 0 existing rules removed (0 new rules dominated)
Failure: 1 rules added, 0 removed (from 1 candidates)
Updated sys_vals: [12.818, 12.989, 13.024, 13.046, 13.294, 13.345, 13.402, 13.405, 13.415, 13.423, 13.429, 13.43, 13.453, 13.459, 13.483, 13.49, 13.507, 13.508, 13.518, 13.528, 13.529, 13.542, 13.548, 13.553, 13.555, 13.556, 13.557, 13.569, 13.572, 13.573, 13.574, 13.584, 13.585, 13.588, 13.596, 13.602, 13.606, 13.608, 13.611, 13.613, 13.615, 13.616, 13.623, 13.624, 13.627, 13.629, 13.63, 13.633, 13.634, 13.636, 13.637, 13.639, 13.642, 13.644, 13.645, 13.648, 13.65, 13.652, 13.654, 13.656, 13.657, 13.659, 13.66, 13.661, 13.662, 13.663, 13.664, 13.665, 13.668, 13.669, 13.671, 13.672, 13.673, 13.674, 13.676, 13.677, 13.678, 13.679, 13.68, 13.681, 13.682, 13.683, 13.684, 13.685, 13.686, 13.687, 13.688, 13.689, 13.69, 13.691, 13.692, 13.693, 13.694, 13.695, 13.696, 13.697, 13.698, 13.699, 13.7, 13.701, 13.702, 13.703, 13.704, 13.705, 13.706, 13.707, 13.708, 13.709, 13.71, 13.711, 13.712, 13.713, 13.714, 13.715, 13.716, 13.717, 13.718, 13.719, 13.72, 13.721, 13.722, 13.723, 13.724, 13.725, 13.726, 13.727, 13.728, 13.729, 13.73, 13.731, 13.732, 13.733, 13.734, 13.735, 13.736, 13.737, 13.738, 13.739, 13.74, 13.741, 13.742, 13.743, 13.744, 13.745, 13.746, 13.747, 13.748, 13.749, 13.75, 13.751, 13.752, 13.753, 13.754, 13.755, 13.756, 13.757, 13.758, 13.759, 13.76, 13.761, 13.762, 13.763, 13.764, 13.765, 13.766, 13.767, 13.768, 13.769, 13.77, 13.771, 13.772, 13.773, 13.774, 13.775, 13.776, 13.777, 13.778, 13.779, 13.78, 13.781, 13.782, 13.783, 13.784, 13.785, 13.786, 13.787, 13.788, 13.789, 13.79, 13.791, 13.792, 13.793, 13.794, 13.795, 13.796, 13.797, 13.798, 13.799, 13.8, 13.859, 14.033, 14.149]
---
Round: 14, Unk. prob.: 2.123e-02
Surv probs: 9.788e-01, Fail probs: 0.000e+00
No. of non-dominant rules: 2505, Survival rules: 2493, Failure rules: 12
Batch update: 192 rules added, 0 existing rules removed (0 new rules dominated)
Survival: 192 rules added, 0 removed (from 192 candidates)
Updated sys_vals: [12.818, 12.989, 13.024, 13.046, 13.294, 13.345, 13.402, 13.405, 13.415, 13.423, 13.429, 13.43, 13.453, 13.459, 13.483, 13.49, 13.507, 13.508, 13.518, 13.528, 13.529, 13.532, 13.542, 13.548, 13.553, 13.555, 13.556, 13.557, 13.569, 13.572, 13.573, 13.574, 13.584, 13.585, 13.588, 13.596, 13.602, 13.606, 13.607, 13.608, 13.611, 13.613, 13.615, 13.616, 13.618, 13.623, 13.624, 13.627, 13.629, 13.63, 13.633, 13.634, 13.636, 13.637, 13.639, 13.642, 13.644, 13.645, 13.648, 13.65, 13.652, 13.654, 13.656, 13.657, 13.659, 13.66, 13.661, 13.662, 13.663, 13.664, 13.665, 13.668, 13.669, 13.67, 13.671, 13.672, 13.673, 13.674, 13.675, 13.676, 13.677, 13.678, 13.679, 13.68, 13.681, 13.682, 13.683, 13.684, 13.685, 13.686, 13.687, 13.688, 13.689, 13.69, 13.691, 13.692, 13.693, 13.694, 13.695, 13.696, 13.697, 13.698, 13.699, 13.7, 13.701, 13.702, 13.703, 13.704, 13.705, 13.706, 13.707, 13.708, 13.709, 13.71, 13.711, 13.712, 13.713, 13.714, 13.715, 13.716, 13.717, 13.718, 13.719, 13.72, 13.721, 13.722, 13.723, 13.724, 13.725, 13.726, 13.727, 13.728, 13.729, 13.73, 13.731, 13.732, 13.733, 13.734, 13.735, 13.736, 13.737, 13.738, 13.739, 13.74, 13.741, 13.742, 13.743, 13.744, 13.745, 13.746, 13.747, 13.748, 13.749, 13.75, 13.751, 13.752, 13.753, 13.754, 13.755, 13.756, 13.757, 13.758, 13.759, 13.76, 13.761, 13.762, 13.763, 13.764, 13.765, 13.766, 13.767, 13.768, 13.769, 13.77, 13.771, 13.772, 13.773, 13.774, 13.775, 13.776, 13.777, 13.778, 13.779, 13.78, 13.781, 13.782, 13.783, 13.784, 13.785, 13.786, 13.787, 13.788, 13.789, 13.79, 13.791, 13.792, 13.793, 13.794, 13.795, 13.796, 13.797, 13.798, 13.799, 13.8, 13.859, 14.033, 14.149]
---
Round: 15, Unk. prob.: 2.086e-02
Surv probs: 9.791e-01, Fail probs: 0.000e+00
No. of non-dominant rules: 2697, Survival rules: 2685, Failure rules: 12
Batch update: 192 rules added, 0 existing rules removed (0 new rules dominated)
Survival: 192 rules added, 0 removed (from 192 candidates)
Updated sys_vals: [12.818, 12.989, 13.024, 13.046, 13.28, 13.294, 13.345, 13.402, 13.405, 13.415, 13.423, 13.429, 13.43, 13.453, 13.459, 13.483, 13.49, 13.507, 13.508, 13.518, 13.528, 13.529, 13.532, 13.542, 13.548, 13.55, 13.553, 13.555, 13.556, 13.557, 13.569, 13.572, 13.573, 13.574, 13.579, 13.584, 13.585, 13.587, 13.588, 13.596, 13.602, 13.603, 13.606, 13.607, 13.608, 13.611, 13.613, 13.615, 13.616, 13.618, 13.623, 13.624, 13.627, 13.629, 13.63, 13.631, 13.633, 13.634, 13.636, 13.637, 13.639, 13.642, 13.644, 13.645, 13.648, 13.65, 13.652, 13.654, 13.656, 13.657, 13.659, 13.66, 13.661, 13.662, 13.663, 13.664, 13.665, 13.668, 13.669, 13.67, 13.671, 13.672, 13.673, 13.674, 13.675, 13.676, 13.677, 13.678, 13.679, 13.68, 13.681, 13.682, 13.683, 13.684, 13.685, 13.686, 13.687, 13.688, 13.689, 13.69, 13.691, 13.692, 13.693, 13.694, 13.695, 13.696, 13.697, 13.698, 13.699, 13.7, 13.701, 13.702, 13.703, 13.704, 13.705, 13.706, 13.707, 13.708, 13.709, 13.71, 13.711, 13.712, 13.713, 13.714, 13.715, 13.716, 13.717, 13.718, 13.719, 13.72, 13.721, 13.722, 13.723, 13.724, 13.725, 13.726, 13.727, 13.728, 13.729, 13.73, 13.731, 13.732, 13.733, 13.734, 13.735, 13.736, 13.737, 13.738, 13.739, 13.74, 13.741, 13.742, 13.743, 13.744, 13.745, 13.746, 13.747, 13.748, 13.749, 13.75, 13.751, 13.752, 13.753, 13.754, 13.755, 13.756, 13.757, 13.758, 13.759, 13.76, 13.761, 13.762, 13.763, 13.764, 13.765, 13.766, 13.767, 13.768, 13.769, 13.77, 13.771, 13.772, 13.773, 13.774, 13.775, 13.776, 13.777, 13.778, 13.779, 13.78, 13.781, 13.782, 13.783, 13.784, 13.785, 13.786, 13.787, 13.788, 13.789, 13.79, 13.791, 13.792, 13.793, 13.794, 13.795, 13.796, 13.797, 13.798, 13.799, 13.8, 13.859, 14.033, 14.149]
---
Round: 16, Unk. prob.: 1.968e-02
Surv probs: 9.803e-01, Fail probs: 1.000e-05
No. of non-dominant rules: 2889, Survival rules: 2877, Failure rules: 12
Batch update: 191 rules added, 0 existing rules removed (0 new rules dominated)
Survival: 191 rules added, 0 removed (from 191 candidates)
Batch update: 1 rules added, 0 existing rules removed (0 new rules dominated)
Failure: 1 rules added, 0 removed (from 1 candidates)
Updated sys_vals: [12.818, 12.989, 13.024, 13.046, 13.28, 13.294, 13.345, 13.402, 13.405, 13.415, 13.423, 13.429, 13.43, 13.453, 13.459, 13.469, 13.483, 13.49, 13.507, 13.508, 13.518, 13.528, 13.529, 13.532, 13.542, 13.548, 13.55, 13.553, 13.555, 13.556, 13.557, 13.564, 13.569, 13.572, 13.573, 13.574, 13.579, 13.583, 13.584, 13.585, 13.587, 13.588, 13.596, 13.602, 13.603, 13.606, 13.607, 13.608, 13.611, 13.613, 13.615, 13.616, 13.618, 13.62, 13.623, 13.624, 13.627, 13.629, 13.63, 13.631, 13.633, 13.634, 13.636, 13.637, 13.639, 13.642, 13.644, 13.645, 13.648, 13.65, 13.652, 13.654, 13.656, 13.657, 13.659, 13.66, 13.661, 13.662, 13.663, 13.664, 13.665, 13.668, 13.669, 13.67, 13.671, 13.672, 13.673, 13.674, 13.675, 13.676, 13.677, 13.678, 13.679, 13.68, 13.681, 13.682, 13.683, 13.684, 13.685, 13.686, 13.687, 13.688, 13.689, 13.69, 13.691, 13.692, 13.693, 13.694, 13.695, 13.696, 13.697, 13.698, 13.699, 13.7, 13.701, 13.702, 13.703, 13.704, 13.705, 13.706, 13.707, 13.708, 13.709, 13.71, 13.711, 13.712, 13.713, 13.714, 13.715, 13.716, 13.717, 13.718, 13.719, 13.72, 13.721, 13.722, 13.723, 13.724, 13.725, 13.726, 13.727, 13.728, 13.729, 13.73, 13.731, 13.732, 13.733, 13.734, 13.735, 13.736, 13.737, 13.738, 13.739, 13.74, 13.741, 13.742, 13.743, 13.744, 13.745, 13.746, 13.747, 13.748, 13.749, 13.75, 13.751, 13.752, 13.753, 13.754, 13.755, 13.756, 13.757, 13.758, 13.759, 13.76, 13.761, 13.762, 13.763, 13.764, 13.765, 13.766, 13.767, 13.768, 13.769, 13.77, 13.771, 13.772, 13.773, 13.774, 13.775, 13.776, 13.777, 13.778, 13.779, 13.78, 13.781, 13.782, 13.783, 13.784, 13.785, 13.786, 13.787, 13.788, 13.789, 13.79, 13.791, 13.792, 13.793, 13.794, 13.795, 13.796, 13.797, 13.798, 13.799, 13.8, 13.859, 14.033, 14.149, 14.156]
---
Round: 17, Unk. prob.: 1.877e-02
Surv probs: 9.812e-01, Fail probs: 0.000e+00
No. of non-dominant rules: 3081, Survival rules: 3068, Failure rules: 13
Batch update: 192 rules added, 0 existing rules removed (0 new rules dominated)
Survival: 192 rules added, 0 removed (from 192 candidates)
Updated sys_vals: [12.818, 12.989, 13.024, 13.046, 13.28, 13.294, 13.33, 13.345, 13.377, 13.402, 13.405, 13.415, 13.423, 13.429, 13.43, 13.453, 13.459, 13.469, 13.483, 13.49, 13.497, 13.507, 13.508, 13.518, 13.528, 13.529, 13.532, 13.542, 13.548, 13.55, 13.553, 13.555, 13.556, 13.557, 13.564, 13.569, 13.571, 13.572, 13.573, 13.574, 13.579, 13.583, 13.584, 13.585, 13.587, 13.588, 13.594, 13.596, 13.602, 13.603, 13.606, 13.607, 13.608, 13.611, 13.613, 13.615, 13.616, 13.618, 13.62, 13.623, 13.624, 13.627, 13.629, 13.63, 13.631, 13.633, 13.634, 13.636, 13.637, 13.639, 13.642, 13.644, 13.645, 13.648, 13.65, 13.652, 13.654, 13.656, 13.657, 13.658, 13.659, 13.66, 13.661, 13.662, 13.663, 13.664, 13.665, 13.668, 13.669, 13.67, 13.671, 13.672, 13.673, 13.674, 13.675, 13.676, 13.677, 13.678, 13.679, 13.68, 13.681, 13.682, 13.683, 13.684, 13.685, 13.686, 13.687, 13.688, 13.689, 13.69, 13.691, 13.692, 13.693, 13.694, 13.695, 13.696, 13.697, 13.698, 13.699, 13.7, 13.701, 13.702, 13.703, 13.704, 13.705, 13.706, 13.707, 13.708, 13.709, 13.71, 13.711, 13.712, 13.713, 13.714, 13.715, 13.716, 13.717, 13.718, 13.719, 13.72, 13.721, 13.722, 13.723, 13.724, 13.725, 13.726, 13.727, 13.728, 13.729, 13.73, 13.731, 13.732, 13.733, 13.734, 13.735, 13.736, 13.737, 13.738, 13.739, 13.74, 13.741, 13.742, 13.743, 13.744, 13.745, 13.746, 13.747, 13.748, 13.749, 13.75, 13.751, 13.752, 13.753, 13.754, 13.755, 13.756, 13.757, 13.758, 13.759, 13.76, 13.761, 13.762, 13.763, 13.764, 13.765, 13.766, 13.767, 13.768, 13.769, 13.77, 13.771, 13.772, 13.773, 13.774, 13.775, 13.776, 13.777, 13.778, 13.779, 13.78, 13.781, 13.782, 13.783, 13.784, 13.785, 13.786, 13.787, 13.788, 13.789, 13.79, 13.791, 13.792, 13.793, 13.794, 13.795, 13.796, 13.797, 13.798, 13.799, 13.8, 13.859, 14.033, 14.149, 14.156]
---
Round: 18, Unk. prob.: 1.803e-02
Surv probs: 9.819e-01, Fail probs: 3.000e-05
No. of non-dominant rules: 3273, Survival rules: 3260, Failure rules: 13
Batch update: 191 rules added, 0 existing rules removed (0 new rules dominated)
Survival: 191 rules added, 0 removed (from 191 candidates)
Batch update: 1 rules added, 0 existing rules removed (0 new rules dominated)
Failure: 1 rules added, 0 removed (from 1 candidates)
Updated sys_vals: [12.818, 12.989, 13.024, 13.046, 13.139, 13.264, 13.28, 13.294, 13.33, 13.345, 13.377, 13.402, 13.405, 13.415, 13.423, 13.429, 13.43, 13.453, 13.459, 13.469, 13.472, 13.483, 13.49, 13.497, 13.507, 13.508, 13.518, 13.528, 13.529, 13.532, 13.542, 13.548, 13.55, 13.553, 13.555, 13.556, 13.557, 13.564, 13.569, 13.571, 13.572, 13.573, 13.574, 13.579, 13.583, 13.584, 13.585, 13.587, 13.588, 13.594, 13.596, 13.602, 13.603, 13.606, 13.607, 13.608, 13.611, 13.613, 13.615, 13.616, 13.618, 13.62, 13.623, 13.624, 13.627, 13.629, 13.63, 13.631, 13.633, 13.634, 13.636, 13.637, 13.639, 13.642, 13.644, 13.645, 13.648, 13.649, 13.65, 13.652, 13.654, 13.656, 13.657, 13.658, 13.659, 13.66, 13.661, 13.662, 13.663, 13.664, 13.665, 13.666, 13.668, 13.669, 13.67, 13.671, 13.672, 13.673, 13.674, 13.675, 13.676, 13.677, 13.678, 13.679, 13.68, 13.681, 13.682, 13.683, 13.684, 13.685, 13.686, 13.687, 13.688, 13.689, 13.69, 13.691, 13.692, 13.693, 13.694, 13.695, 13.696, 13.697, 13.698, 13.699, 13.7, 13.701, 13.702, 13.703, 13.704, 13.705, 13.706, 13.707, 13.708, 13.709, 13.71, 13.711, 13.712, 13.713, 13.714, 13.715, 13.716, 13.717, 13.718, 13.719, 13.72, 13.721, 13.722, 13.723, 13.724, 13.725, 13.726, 13.727, 13.728, 13.729, 13.73, 13.731, 13.732, 13.733, 13.734, 13.735, 13.736, 13.737, 13.738, 13.739, 13.74, 13.741, 13.742, 13.743, 13.744, 13.745, 13.746, 13.747, 13.748, 13.749, 13.75, 13.751, 13.752, 13.753, 13.754, 13.755, 13.756, 13.757, 13.758, 13.759, 13.76, 13.761, 13.762, 13.763, 13.764, 13.765, 13.766, 13.767, 13.768, 13.769, 13.77, 13.771, 13.772, 13.773, 13.774, 13.775, 13.776, 13.777, 13.778, 13.779, 13.78, 13.781, 13.782, 13.783, 13.784, 13.785, 13.786, 13.787, 13.788, 13.789, 13.79, 13.791, 13.792, 13.793, 13.794, 13.795, 13.796, 13.797, 13.798, 13.799, 13.8, 13.859, 13.997, 14.033, 14.149, 14.156]
---
Round: 19, Unk. prob.: 1.770e-02
Surv probs: 9.823e-01, Fail probs: 0.000e+00
No. of non-dominant rules: 3465, Survival rules: 3451, Failure rules: 14
Batch update: 192 rules added, 0 existing rules removed (0 new rules dominated)
Survival: 192 rules added, 0 removed (from 192 candidates)
Updated sys_vals: [12.818, 12.989, 13.024, 13.046, 13.139, 13.228, 13.264, 13.28, 13.294, 13.33, 13.345, 13.377, 13.402, 13.405, 13.415, 13.423, 13.429, 13.43, 13.437, 13.453, 13.459, 13.469, 13.472, 13.483, 13.49, 13.497, 13.507, 13.508, 13.518, 13.522, 13.528, 13.529, 13.532, 13.538, 13.539, 13.542, 13.548, 13.55, 13.553, 13.555, 13.556, 13.557, 13.564, 13.565, 13.569, 13.571, 13.572, 13.573, 13.574, 13.579, 13.583, 13.584, 13.585, 13.587, 13.588, 13.594, 13.596, 13.602, 13.603, 13.606, 13.607, 13.608, 13.611, 13.613, 13.615, 13.616, 13.618, 13.62, 13.623, 13.624, 13.627, 13.629, 13.63, 13.631, 13.633, 13.634, 13.635, 13.636, 13.637, 13.639, 13.642, 13.644, 13.645, 13.648, 13.649, 13.65, 13.652, 13.654, 13.656, 13.657, 13.658, 13.659, 13.66, 13.661, 13.662, 13.663, 13.664, 13.665, 13.666, 13.668, 13.669, 13.67, 13.671, 13.672, 13.673, 13.674, 13.675, 13.676, 13.677, 13.678, 13.679, 13.68, 13.681, 13.682, 13.683, 13.684, 13.685, 13.686, 13.687, 13.688, 13.689, 13.69, 13.691, 13.692, 13.693, 13.694, 13.695, 13.696, 13.697, 13.698, 13.699, 13.7, 13.701, 13.702, 13.703, 13.704, 13.705, 13.706, 13.707, 13.708, 13.709, 13.71, 13.711, 13.712, 13.713, 13.714, 13.715, 13.716, 13.717, 13.718, 13.719, 13.72, 13.721, 13.722, 13.723, 13.724, 13.725, 13.726, 13.727, 13.728, 13.729, 13.73, 13.731, 13.732, 13.733, 13.734, 13.735, 13.736, 13.737, 13.738, 13.739, 13.74, 13.741, 13.742, 13.743, 13.744, 13.745, 13.746, 13.747, 13.748, 13.749, 13.75, 13.751, 13.752, 13.753, 13.754, 13.755, 13.756, 13.757, 13.758, 13.759, 13.76, 13.761, 13.762, 13.763, 13.764, 13.765, 13.766, 13.767, 13.768, 13.769, 13.77, 13.771, 13.772, 13.773, 13.774, 13.775, 13.776, 13.777, 13.778, 13.779, 13.78, 13.781, 13.782, 13.783, 13.784, 13.785, 13.786, 13.787, 13.788, 13.789, 13.79, 13.791, 13.792, 13.793, 13.794, 13.795, 13.796, 13.797, 13.798, 13.799, 13.8, 13.859, 13.997, 14.033, 14.149, 14.156]
---
Round: 20, Unk. prob.: 1.670e-02
Surv probs: 9.833e-01, Fail probs: 1.000e-05
No. of non-dominant rules: 3657, Survival rules: 3643, Failure rules: 14
Batch update: 192 rules added, 0 existing rules removed (0 new rules dominated)
Survival: 192 rules added, 0 removed (from 192 candidates)
Updated sys_vals: [12.818, 12.989, 13.024, 13.046, 13.139, 13.228, 13.264, 13.28, 13.294, 13.33, 13.345, 13.363, 13.377, 13.402, 13.405, 13.415, 13.423, 13.429, 13.43, 13.437, 13.453, 13.459, 13.469, 13.472, 13.483, 13.49, 13.497, 13.507, 13.508, 13.518, 13.522, 13.528, 13.529, 13.532, 13.538, 13.539, 13.542, 13.548, 13.55, 13.553, 13.555, 13.556, 13.557, 13.564, 13.565, 13.569, 13.571, 13.572, 13.573, 13.574, 13.577, 13.579, 13.583, 13.584, 13.585, 13.587, 13.588, 13.594, 13.596, 13.602, 13.603, 13.606, 13.607, 13.608, 13.611, 13.613, 13.615, 13.616, 13.618, 13.62, 13.623, 13.624, 13.627, 13.629, 13.63, 13.631, 13.633, 13.634, 13.635, 13.636, 13.637, 13.639, 13.642, 13.644, 13.645, 13.648, 13.649, 13.65, 13.652, 13.654, 13.656, 13.657, 13.658, 13.659, 13.66, 13.661, 13.662, 13.663, 13.664, 13.665, 13.666, 13.668, 13.669, 13.67, 13.671, 13.672, 13.673, 13.674, 13.675, 13.676, 13.677, 13.678, 13.679, 13.68, 13.681, 13.682, 13.683, 13.684, 13.685, 13.686, 13.687, 13.688, 13.689, 13.69, 13.691, 13.692, 13.693, 13.694, 13.695, 13.696, 13.697, 13.698, 13.699, 13.7, 13.701, 13.702, 13.703, 13.704, 13.705, 13.706, 13.707, 13.708, 13.709, 13.71, 13.711, 13.712, 13.713, 13.714, 13.715, 13.716, 13.717, 13.718, 13.719, 13.72, 13.721, 13.722, 13.723, 13.724, 13.725, 13.726, 13.727, 13.728, 13.729, 13.73, 13.731, 13.732, 13.733, 13.734, 13.735, 13.736, 13.737, 13.738, 13.739, 13.74, 13.741, 13.742, 13.743, 13.744, 13.745, 13.746, 13.747, 13.748, 13.749, 13.75, 13.751, 13.752, 13.753, 13.754, 13.755, 13.756, 13.757, 13.758, 13.759, 13.76, 13.761, 13.762, 13.763, 13.764, 13.765, 13.766, 13.767, 13.768, 13.769, 13.77, 13.771, 13.772, 13.773, 13.774, 13.775, 13.776, 13.777, 13.778, 13.779, 13.78, 13.781, 13.782, 13.783, 13.784, 13.785, 13.786, 13.787, 13.788, 13.789, 13.79, 13.791, 13.792, 13.793, 13.794, 13.795, 13.796, 13.797, 13.798, 13.799, 13.8, 13.859, 13.997, 14.033, 14.149, 14.156]
---
Round: 21, Unk. prob.: 1.587e-02
Surv probs: 9.841e-01, Fail probs: 0.000e+00
No. of non-dominant rules: 3849, Survival rules: 3835, Failure rules: 14
Batch update: 191 rules added, 0 existing rules removed (0 new rules dominated)
Survival: 191 rules added, 0 removed (from 191 candidates)
Batch update: 1 rules added, 0 existing rules removed (0 new rules dominated)
Failure: 1 rules added, 0 removed (from 1 candidates)
Updated sys_vals: [12.818, 12.989, 13.024, 13.046, 13.139, 13.218, 13.228, 13.264, 13.28, 13.294, 13.325, 13.33, 13.345, 13.363, 13.377, 13.396, 13.402, 13.405, 13.415, 13.423, 13.429, 13.43, 13.437, 13.453, 13.459, 13.469, 13.472, 13.483, 13.49, 13.497, 13.507, 13.508, 13.518, 13.522, 13.528, 13.529, 13.532, 13.538, 13.539, 13.542, 13.548, 13.55, 13.553, 13.555, 13.556, 13.557, 13.564, 13.565, 13.569, 13.571, 13.572, 13.573, 13.574, 13.577, 13.579, 13.583, 13.584, 13.585, 13.587, 13.588, 13.594, 13.596, 13.602, 13.603, 13.606, 13.607, 13.608, 13.611, 13.613, 13.615, 13.616, 13.618, 13.62, 13.623, 13.624, 13.627, 13.629, 13.63, 13.631, 13.633, 13.634, 13.635, 13.636, 13.637, 13.639, 13.64, 13.642, 13.644, 13.645, 13.648, 13.649, 13.65, 13.652, 13.654, 13.656, 13.657, 13.658, 13.659, 13.66, 13.661, 13.662, 13.663, 13.664, 13.665, 13.666, 13.668, 13.669, 13.67, 13.671, 13.672, 13.673, 13.674, 13.675, 13.676, 13.677, 13.678, 13.679, 13.68, 13.681, 13.682, 13.683, 13.684, 13.685, 13.686, 13.687, 13.688, 13.689, 13.69, 13.691, 13.692, 13.693, 13.694, 13.695, 13.696, 13.697, 13.698, 13.699, 13.7, 13.701, 13.702, 13.703, 13.704, 13.705, 13.706, 13.707, 13.708, 13.709, 13.71, 13.711, 13.712, 13.713, 13.714, 13.715, 13.716, 13.717, 13.718, 13.719, 13.72, 13.721, 13.722, 13.723, 13.724, 13.725, 13.726, 13.727, 13.728, 13.729, 13.73, 13.731, 13.732, 13.733, 13.734, 13.735, 13.736, 13.737, 13.738, 13.739, 13.74, 13.741, 13.742, 13.743, 13.744, 13.745, 13.746, 13.747, 13.748, 13.749, 13.75, 13.751, 13.752, 13.753, 13.754, 13.755, 13.756, 13.757, 13.758, 13.759, 13.76, 13.761, 13.762, 13.763, 13.764, 13.765, 13.766, 13.767, 13.768, 13.769, 13.77, 13.771, 13.772, 13.773, 13.774, 13.775, 13.776, 13.777, 13.778, 13.779, 13.78, 13.781, 13.782, 13.783, 13.784, 13.785, 13.786, 13.787, 13.788, 13.789, 13.79, 13.791, 13.792, 13.793, 13.794, 13.795, 13.796, 13.797, 13.798, 13.799, 13.8, 13.859, 13.997, 14.033, 14.149, 14.156, 14.233]
---
Round: 22, Unk. prob.: 1.509e-02
Surv probs: 9.849e-01, Fail probs: 3.000e-05
No. of non-dominant rules: 4041, Survival rules: 4026, Failure rules: 15
Batch update: 192 rules added, 0 existing rules removed (0 new rules dominated)
Survival: 192 rules added, 0 removed (from 192 candidates)
Updated sys_vals: [12.818, 12.989, 13.024, 13.046, 13.139, 13.218, 13.228, 13.264, 13.28, 13.294, 13.325, 13.33, 13.345, 13.363, 13.377, 13.396, 13.402, 13.405, 13.415, 13.423, 13.429, 13.43, 13.437, 13.453, 13.459, 13.469, 13.472, 13.483, 13.49, 13.497, 13.507, 13.508, 13.518, 13.522, 13.528, 13.529, 13.532, 13.538, 13.539, 13.542, 13.548, 13.55, 13.553, 13.555, 13.556, 13.557, 13.564, 13.565, 13.569, 13.571, 13.572, 13.573, 13.574, 13.577, 13.579, 13.583, 13.584, 13.585, 13.586, 13.587, 13.588, 13.594, 13.596, 13.602, 13.603, 13.606, 13.607, 13.608, 13.611, 13.613, 13.615, 13.616, 13.618, 13.62, 13.623, 13.624, 13.627, 13.629, 13.63, 13.631, 13.633, 13.634, 13.635, 13.636, 13.637, 13.639, 13.64, 13.642, 13.644, 13.645, 13.648, 13.649, 13.65, 13.652, 13.654, 13.656, 13.657, 13.658, 13.659, 13.66, 13.661, 13.662, 13.663, 13.664, 13.665, 13.666, 13.668, 13.669, 13.67, 13.671, 13.672, 13.673, 13.674, 13.675, 13.676, 13.677, 13.678, 13.679, 13.68, 13.681, 13.682, 13.683, 13.684, 13.685, 13.686, 13.687, 13.688, 13.689, 13.69, 13.691, 13.692, 13.693, 13.694, 13.695, 13.696, 13.697, 13.698, 13.699, 13.7, 13.701, 13.702, 13.703, 13.704, 13.705, 13.706, 13.707, 13.708, 13.709, 13.71, 13.711, 13.712, 13.713, 13.714, 13.715, 13.716, 13.717, 13.718, 13.719, 13.72, 13.721, 13.722, 13.723, 13.724, 13.725, 13.726, 13.727, 13.728, 13.729, 13.73, 13.731, 13.732, 13.733, 13.734, 13.735, 13.736, 13.737, 13.738, 13.739, 13.74, 13.741, 13.742, 13.743, 13.744, 13.745, 13.746, 13.747, 13.748, 13.749, 13.75, 13.751, 13.752, 13.753, 13.754, 13.755, 13.756, 13.757, 13.758, 13.759, 13.76, 13.761, 13.762, 13.763, 13.764, 13.765, 13.766, 13.767, 13.768, 13.769, 13.77, 13.771, 13.772, 13.773, 13.774, 13.775, 13.776, 13.777, 13.778, 13.779, 13.78, 13.781, 13.782, 13.783, 13.784, 13.785, 13.786, 13.787, 13.788, 13.789, 13.79, 13.791, 13.792, 13.793, 13.794, 13.795, 13.796, 13.797, 13.798, 13.799, 13.8, 13.859, 13.997, 14.033, 14.149, 14.156, 14.233]
---
Round: 23, Unk. prob.: 1.490e-02
Surv probs: 9.851e-01, Fail probs: 1.000e-05
No. of non-dominant rules: 4233, Survival rules: 4218, Failure rules: 15
Batch update: 190 rules added, 0 existing rules removed (0 new rules dominated)
Survival: 190 rules added, 0 removed (from 190 candidates)
Batch update: 2 rules added, 0 existing rules removed (0 new rules dominated)
Failure: 2 rules added, 0 removed (from 2 candidates)
Updated sys_vals: [12.818, 12.989, 13.024, 13.046, 13.139, 13.218, 13.228, 13.264, 13.28, 13.294, 13.325, 13.33, 13.345, 13.363, 13.377, 13.396, 13.402, 13.405, 13.415, 13.423, 13.429, 13.43, 13.437, 13.453, 13.456, 13.459, 13.469, 13.472, 13.483, 13.49, 13.497, 13.507, 13.508, 13.518, 13.522, 13.528, 13.529, 13.532, 13.538, 13.539, 13.542, 13.548, 13.549, 13.55, 13.553, 13.555, 13.556, 13.557, 13.564, 13.565, 13.569, 13.571, 13.572, 13.573, 13.574, 13.577, 13.579, 13.583, 13.584, 13.585, 13.586, 13.587, 13.588, 13.594, 13.596, 13.602, 13.603, 13.606, 13.607, 13.608, 13.611, 13.613, 13.615, 13.616, 13.618, 13.62, 13.621, 13.623, 13.624, 13.627, 13.629, 13.63, 13.631, 13.633, 13.634, 13.635, 13.636, 13.637, 13.639, 13.64, 13.642, 13.644, 13.645, 13.646, 13.648, 13.649, 13.65, 13.652, 13.654, 13.656, 13.657, 13.658, 13.659, 13.66, 13.661, 13.662, 13.663, 13.664, 13.665, 13.666, 13.668, 13.669, 13.67, 13.671, 13.672, 13.673, 13.674, 13.675, 13.676, 13.677, 13.678, 13.679, 13.68, 13.681, 13.682, 13.683, 13.684, 13.685, 13.686, 13.687, 13.688, 13.689, 13.69, 13.691, 13.692, 13.693, 13.694, 13.695, 13.696, 13.697, 13.698, 13.699, 13.7, 13.701, 13.702, 13.703, 13.704, 13.705, 13.706, 13.707, 13.708, 13.709, 13.71, 13.711, 13.712, 13.713, 13.714, 13.715, 13.716, 13.717, 13.718, 13.719, 13.72, 13.721, 13.722, 13.723, 13.724, 13.725, 13.726, 13.727, 13.728, 13.729, 13.73, 13.731, 13.732, 13.733, 13.734, 13.735, 13.736, 13.737, 13.738, 13.739, 13.74, 13.741, 13.742, 13.743, 13.744, 13.745, 13.746, 13.747, 13.748, 13.749, 13.75, 13.751, 13.752, 13.753, 13.754, 13.755, 13.756, 13.757, 13.758, 13.759, 13.76, 13.761, 13.762, 13.763, 13.764, 13.765, 13.766, 13.767, 13.768, 13.769, 13.77, 13.771, 13.772, 13.773, 13.774, 13.775, 13.776, 13.777, 13.778, 13.779, 13.78, 13.781, 13.782, 13.783, 13.784, 13.785, 13.786, 13.787, 13.788, 13.789, 13.79, 13.791, 13.792, 13.793, 13.794, 13.795, 13.796, 13.797, 13.798, 13.799, 13.8, 13.859, 13.977, 13.997, 14.033, 14.121, 14.149, 14.156, 14.233]
---
Round: 24, Unk. prob.: 1.464e-02
Surv probs: 9.854e-01, Fail probs: 0.000e+00
No. of non-dominant rules: 4425, Survival rules: 4408, Failure rules: 17
Batch update: 192 rules added, 0 existing rules removed (0 new rules dominated)
Survival: 192 rules added, 0 removed (from 192 candidates)
Updated sys_vals: [12.818, 12.989, 13.024, 13.046, 13.139, 13.218, 13.228, 13.264, 13.28, 13.294, 13.325, 13.33, 13.345, 13.363, 13.377, 13.396, 13.402, 13.405, 13.415, 13.423, 13.429, 13.43, 13.437, 13.453, 13.456, 13.459, 13.469, 13.472, 13.483, 13.49, 13.497, 13.507, 13.508, 13.518, 13.522, 13.528, 13.529, 13.532, 13.538, 13.539, 13.542, 13.548, 13.549, 13.55, 13.553, 13.555, 13.556, 13.557, 13.564, 13.565, 13.569, 13.571, 13.572, 13.573, 13.574, 13.577, 13.579, 13.583, 13.584, 13.585, 13.586, 13.587, 13.588, 13.594, 13.596, 13.602, 13.603, 13.606, 13.607, 13.608, 13.611, 13.613, 13.615, 13.616, 13.618, 13.62, 13.621, 13.623, 13.624, 13.627, 13.629, 13.63, 13.631, 13.633, 13.634, 13.635, 13.636, 13.637, 13.639, 13.64, 13.642, 13.644, 13.645, 13.646, 13.648, 13.649, 13.65, 13.652, 13.654, 13.655, 13.656, 13.657, 13.658, 13.659, 13.66, 13.661, 13.662, 13.663, 13.664, 13.665, 13.666, 13.668, 13.669, 13.67, 13.671, 13.672, 13.673, 13.674, 13.675, 13.676, 13.677, 13.678, 13.679, 13.68, 13.681, 13.682, 13.683, 13.684, 13.685, 13.686, 13.687, 13.688, 13.689, 13.69, 13.691, 13.692, 13.693, 13.694, 13.695, 13.696, 13.697, 13.698, 13.699, 13.7, 13.701, 13.702, 13.703, 13.704, 13.705, 13.706, 13.707, 13.708, 13.709, 13.71, 13.711, 13.712, 13.713, 13.714, 13.715, 13.716, 13.717, 13.718, 13.719, 13.72, 13.721, 13.722, 13.723, 13.724, 13.725, 13.726, 13.727, 13.728, 13.729, 13.73, 13.731, 13.732, 13.733, 13.734, 13.735, 13.736, 13.737, 13.738, 13.739, 13.74, 13.741, 13.742, 13.743, 13.744, 13.745, 13.746, 13.747, 13.748, 13.749, 13.75, 13.751, 13.752, 13.753, 13.754, 13.755, 13.756, 13.757, 13.758, 13.759, 13.76, 13.761, 13.762, 13.763, 13.764, 13.765, 13.766, 13.767, 13.768, 13.769, 13.77, 13.771, 13.772, 13.773, 13.774, 13.775, 13.776, 13.777, 13.778, 13.779, 13.78, 13.781, 13.782, 13.783, 13.784, 13.785, 13.786, 13.787, 13.788, 13.789, 13.79, 13.791, 13.792, 13.793, 13.794, 13.795, 13.796, 13.797, 13.798, 13.799, 13.8, 13.859, 13.977, 13.997, 14.033, 14.121, 14.149, 14.156, 14.233]
---
Round: 25, Unk. prob.: 1.452e-02
Surv probs: 9.855e-01, Fail probs: 1.000e-05
No. of non-dominant rules: 4617, Survival rules: 4600, Failure rules: 17
Batch update: 192 rules added, 0 existing rules removed (0 new rules dominated)
Survival: 192 rules added, 0 removed (from 192 candidates)
Updated sys_vals: [12.818, 12.989, 13.024, 13.046, 13.139, 13.218, 13.228, 13.264, 13.28, 13.294, 13.295, 13.325, 13.33, 13.345, 13.363, 13.377, 13.396, 13.402, 13.405, 13.415, 13.423, 13.429, 13.43, 13.437, 13.453, 13.456, 13.459, 13.469, 13.472, 13.483, 13.49, 13.497, 13.507, 13.508, 13.518, 13.522, 13.528, 13.529, 13.532, 13.538, 13.539, 13.542, 13.548, 13.549, 13.55, 13.553, 13.555, 13.556, 13.557, 13.564, 13.565, 13.569, 13.571, 13.572, 13.573, 13.574, 13.577, 13.579, 13.583, 13.584, 13.585, 13.586, 13.587, 13.588, 13.594, 13.596, 13.599, 13.602, 13.603, 13.606, 13.607, 13.608, 13.611, 13.613, 13.615, 13.616, 13.618, 13.62, 13.621, 13.623, 13.624, 13.627, 13.629, 13.63, 13.631, 13.633, 13.634, 13.635, 13.636, 13.637, 13.638, 13.639, 13.64, 13.642, 13.644, 13.645, 13.646, 13.648, 13.649, 13.65, 13.652, 13.654, 13.655, 13.656, 13.657, 13.658, 13.659, 13.66, 13.661, 13.662, 13.663, 13.664, 13.665, 13.666, 13.668, 13.669, 13.67, 13.671, 13.672, 13.673, 13.674, 13.675, 13.676, 13.677, 13.678, 13.679, 13.68, 13.681, 13.682, 13.683, 13.684, 13.685, 13.686, 13.687, 13.688, 13.689, 13.69, 13.691, 13.692, 13.693, 13.694, 13.695, 13.696, 13.697, 13.698, 13.699, 13.7, 13.701, 13.702, 13.703, 13.704, 13.705, 13.706, 13.707, 13.708, 13.709, 13.71, 13.711, 13.712, 13.713, 13.714, 13.715, 13.716, 13.717, 13.718, 13.719, 13.72, 13.721, 13.722, 13.723, 13.724, 13.725, 13.726, 13.727, 13.728, 13.729, 13.73, 13.731, 13.732, 13.733, 13.734, 13.735, 13.736, 13.737, 13.738, 13.739, 13.74, 13.741, 13.742, 13.743, 13.744, 13.745, 13.746, 13.747, 13.748, 13.749, 13.75, 13.751, 13.752, 13.753, 13.754, 13.755, 13.756, 13.757, 13.758, 13.759, 13.76, 13.761, 13.762, 13.763, 13.764, 13.765, 13.766, 13.767, 13.768, 13.769, 13.77, 13.771, 13.772, 13.773, 13.774, 13.775, 13.776, 13.777, 13.778, 13.779, 13.78, 13.781, 13.782, 13.783, 13.784, 13.785, 13.786, 13.787, 13.788, 13.789, 13.79, 13.791, 13.792, 13.793, 13.794, 13.795, 13.796, 13.797, 13.798, 13.799, 13.8, 13.859, 13.977, 13.997, 14.033, 14.121, 14.149, 14.156, 14.233]
---
Round: 26, Unk. prob.: 1.301e-02
Surv probs: 9.870e-01, Fail probs: 0.000e+00
No. of non-dominant rules: 4809, Survival rules: 4792, Failure rules: 17
Batch update: 191 rules added, 0 existing rules removed (0 new rules dominated)
Survival: 191 rules added, 0 removed (from 191 candidates)
Batch update: 1 rules added, 0 existing rules removed (0 new rules dominated)
Failure: 1 rules added, 0 removed (from 1 candidates)
Updated sys_vals: [12.818, 12.989, 13.024, 13.046, 13.139, 13.218, 13.228, 13.264, 13.28, 13.294, 13.295, 13.325, 13.33, 13.345, 13.363, 13.377, 13.396, 13.402, 13.405, 13.408, 13.415, 13.423, 13.429, 13.43, 13.432, 13.437, 13.453, 13.456, 13.459, 13.469, 13.472, 13.483, 13.49, 13.497, 13.507, 13.508, 13.518, 13.519, 13.522, 13.528, 13.529, 13.532, 13.538, 13.539, 13.542, 13.548, 13.549, 13.55, 13.553, 13.555, 13.556, 13.557, 13.564, 13.565, 13.569, 13.571, 13.572, 13.573, 13.574, 13.577, 13.579, 13.583, 13.584, 13.585, 13.586, 13.587, 13.588, 13.594, 13.596, 13.599, 13.602, 13.603, 13.606, 13.607, 13.608, 13.611, 13.613, 13.615, 13.616, 13.618, 13.62, 13.621, 13.623, 13.624, 13.627, 13.629, 13.63, 13.631, 13.633, 13.634, 13.635, 13.636, 13.637, 13.638, 13.639, 13.64, 13.642, 13.644, 13.645, 13.646, 13.648, 13.649, 13.65, 13.652, 13.654, 13.655, 13.656, 13.657, 13.658, 13.659, 13.66, 13.661, 13.662, 13.663, 13.664, 13.665, 13.666, 13.668, 13.669, 13.67, 13.671, 13.672, 13.673, 13.674, 13.675, 13.676, 13.677, 13.678, 13.679, 13.68, 13.681, 13.682, 13.683, 13.684, 13.685, 13.686, 13.687, 13.688, 13.689, 13.69, 13.691, 13.692, 13.693, 13.694, 13.695, 13.696, 13.697, 13.698, 13.699, 13.7, 13.701, 13.702, 13.703, 13.704, 13.705, 13.706, 13.707, 13.708, 13.709, 13.71, 13.711, 13.712, 13.713, 13.714, 13.715, 13.716, 13.717, 13.718, 13.719, 13.72, 13.721, 13.722, 13.723, 13.724, 13.725, 13.726, 13.727, 13.728, 13.729, 13.73, 13.731, 13.732, 13.733, 13.734, 13.735, 13.736, 13.737, 13.738, 13.739, 13.74, 13.741, 13.742, 13.743, 13.744, 13.745, 13.746, 13.747, 13.748, 13.749, 13.75, 13.751, 13.752, 13.753, 13.754, 13.755, 13.756, 13.757, 13.758, 13.759, 13.76, 13.761, 13.762, 13.763, 13.764, 13.765, 13.766, 13.767, 13.768, 13.769, 13.77, 13.771, 13.772, 13.773, 13.774, 13.775, 13.776, 13.777, 13.778, 13.779, 13.78, 13.781, 13.782, 13.783, 13.784, 13.785, 13.786, 13.787, 13.788, 13.789, 13.79, 13.791, 13.792, 13.793, 13.794, 13.795, 13.796, 13.797, 13.798, 13.799, 13.8, 13.859, 13.977, 13.997, 14.033, 14.042, 14.121, 14.149, 14.156, 14.233]
---
Round: 27, Unk. prob.: 1.229e-02
Surv probs: 9.877e-01, Fail probs: 0.000e+00
No. of non-dominant rules: 5001, Survival rules: 4983, Failure rules: 18
Batch update: 191 rules added, 0 existing rules removed (0 new rules dominated)
Survival: 191 rules added, 0 removed (from 191 candidates)
Batch update: 1 rules added, 0 existing rules removed (0 new rules dominated)
Failure: 1 rules added, 0 removed (from 1 candidates)
Updated sys_vals: [12.818, 12.989, 13.024, 13.046, 13.139, 13.218, 13.228, 13.264, 13.28, 13.294, 13.295, 13.325, 13.33, 13.345, 13.363, 13.377, 13.396, 13.402, 13.405, 13.408, 13.415, 13.423, 13.429, 13.43, 13.432, 13.437, 13.453, 13.456, 13.459, 13.469, 13.472, 13.483, 13.49, 13.497, 13.498, 13.507, 13.508, 13.518, 13.519, 13.522, 13.528, 13.529, 13.532, 13.538, 13.539, 13.542, 13.548, 13.549, 13.55, 13.553, 13.555, 13.556, 13.557, 13.564, 13.565, 13.569, 13.571, 13.572, 13.573, 13.574, 13.577, 13.579, 13.583, 13.584, 13.585, 13.586, 13.587, 13.588, 13.594, 13.596, 13.599, 13.602, 13.603, 13.606, 13.607, 13.608, 13.611, 13.613, 13.615, 13.616, 13.618, 13.62, 13.621, 13.623, 13.624, 13.627, 13.629, 13.63, 13.631, 13.633, 13.634, 13.635, 13.636, 13.637, 13.638, 13.639, 13.64, 13.642, 13.644, 13.645, 13.646, 13.648, 13.649, 13.65, 13.652, 13.654, 13.655, 13.656, 13.657, 13.658, 13.659, 13.66, 13.661, 13.662, 13.663, 13.664, 13.665, 13.666, 13.668, 13.669, 13.67, 13.671, 13.672, 13.673, 13.674, 13.675, 13.676, 13.677, 13.678, 13.679, 13.68, 13.681, 13.682, 13.683, 13.684, 13.685, 13.686, 13.687, 13.688, 13.689, 13.69, 13.691, 13.692, 13.693, 13.694, 13.695, 13.696, 13.697, 13.698, 13.699, 13.7, 13.701, 13.702, 13.703, 13.704, 13.705, 13.706, 13.707, 13.708, 13.709, 13.71, 13.711, 13.712, 13.713, 13.714, 13.715, 13.716, 13.717, 13.718, 13.719, 13.72, 13.721, 13.722, 13.723, 13.724, 13.725, 13.726, 13.727, 13.728, 13.729, 13.73, 13.731, 13.732, 13.733, 13.734, 13.735, 13.736, 13.737, 13.738, 13.739, 13.74, 13.741, 13.742, 13.743, 13.744, 13.745, 13.746, 13.747, 13.748, 13.749, 13.75, 13.751, 13.752, 13.753, 13.754, 13.755, 13.756, 13.757, 13.758, 13.759, 13.76, 13.761, 13.762, 13.763, 13.764, 13.765, 13.766, 13.767, 13.768, 13.769, 13.77, 13.771, 13.772, 13.773, 13.774, 13.775, 13.776, 13.777, 13.778, 13.779, 13.78, 13.781, 13.782, 13.783, 13.784, 13.785, 13.786, 13.787, 13.788, 13.789, 13.79, 13.791, 13.792, 13.793, 13.794, 13.795, 13.796, 13.797, 13.798, 13.799, 13.8, 13.859, 13.977, 13.997, 14.023, 14.033, 14.042, 14.121, 14.149, 14.156, 14.233]
---
Round: 28, Unk. prob.: 1.215e-02
Surv probs: 9.878e-01, Fail probs: 1.000e-05
No. of non-dominant rules: 5193, Survival rules: 5174, Failure rules: 19
Batch update: 190 rules added, 0 existing rules removed (0 new rules dominated)
Survival: 190 rules added, 0 removed (from 190 candidates)
Batch update: 2 rules added, 0 existing rules removed (0 new rules dominated)
Failure: 2 rules added, 0 removed (from 2 candidates)
Updated sys_vals: [12.818, 12.989, 13.024, 13.046, 13.139, 13.15, 13.218, 13.228, 13.241, 13.264, 13.28, 13.294, 13.295, 13.325, 13.33, 13.345, 13.363, 13.376, 13.377, 13.396, 13.402, 13.405, 13.408, 13.414, 13.415, 13.423, 13.429, 13.43, 13.432, 13.437, 13.453, 13.456, 13.459, 13.469, 13.472, 13.483, 13.49, 13.497, 13.498, 13.507, 13.508, 13.518, 13.519, 13.522, 13.528, 13.529, 13.532, 13.538, 13.539, 13.542, 13.548, 13.549, 13.55, 13.553, 13.555, 13.556, 13.557, 13.558, 13.564, 13.565, 13.569, 13.571, 13.572, 13.573, 13.574, 13.577, 13.579, 13.583, 13.584, 13.585, 13.586, 13.587, 13.588, 13.594, 13.596, 13.599, 13.602, 13.603, 13.606, 13.607, 13.608, 13.611, 13.613, 13.615, 13.616, 13.618, 13.62, 13.621, 13.623, 13.624, 13.627, 13.629, 13.63, 13.631, 13.633, 13.634, 13.635, 13.636, 13.637, 13.638, 13.639, 13.64, 13.641, 13.642, 13.644, 13.645, 13.646, 13.648, 13.649, 13.65, 13.652, 13.654, 13.655, 13.656, 13.657, 13.658, 13.659, 13.66, 13.661, 13.662, 13.663, 13.664, 13.665, 13.666, 13.668, 13.669, 13.67, 13.671, 13.672, 13.673, 13.674, 13.675, 13.676, 13.677, 13.678, 13.679, 13.68, 13.681, 13.682, 13.683, 13.684, 13.685, 13.686, 13.687, 13.688, 13.689, 13.69, 13.691, 13.692, 13.693, 13.694, 13.695, 13.696, 13.697, 13.698, 13.699, 13.7, 13.701, 13.702, 13.703, 13.704, 13.705, 13.706, 13.707, 13.708, 13.709, 13.71, 13.711, 13.712, 13.713, 13.714, 13.715, 13.716, 13.717, 13.718, 13.719, 13.72, 13.721, 13.722, 13.723, 13.724, 13.725, 13.726, 13.727, 13.728, 13.729, 13.73, 13.731, 13.732, 13.733, 13.734, 13.735, 13.736, 13.737, 13.738, 13.739, 13.74, 13.741, 13.742, 13.743, 13.744, 13.745, 13.746, 13.747, 13.748, 13.749, 13.75, 13.751, 13.752, 13.753, 13.754, 13.755, 13.756, 13.757, 13.758, 13.759, 13.76, 13.761, 13.762, 13.763, 13.764, 13.765, 13.766, 13.767, 13.768, 13.769, 13.77, 13.771, 13.772, 13.773, 13.774, 13.775, 13.776, 13.777, 13.778, 13.779, 13.78, 13.781, 13.782, 13.783, 13.784, 13.785, 13.786, 13.787, 13.788, 13.789, 13.79, 13.791, 13.792, 13.793, 13.794, 13.795, 13.796, 13.797, 13.798, 13.799, 13.8, 13.806, 13.812, 13.859, 13.977, 13.997, 14.023, 14.033, 14.042, 14.121, 14.149, 14.156, 14.233]
---
Round: 29, Unk. prob.: 1.264e-02
Surv probs: 9.873e-01, Fail probs: 1.000e-05
No. of non-dominant rules: 5385, Survival rules: 5364, Failure rules: 21
Batch update: 192 rules added, 0 existing rules removed (0 new rules dominated)
Survival: 192 rules added, 0 removed (from 192 candidates)
Updated sys_vals: [12.818, 12.989, 13.024, 13.046, 13.139, 13.15, 13.218, 13.228, 13.241, 13.264, 13.28, 13.294, 13.295, 13.314, 13.325, 13.33, 13.345, 13.363, 13.376, 13.377, 13.396, 13.402, 13.405, 13.408, 13.414, 13.415, 13.423, 13.429, 13.43, 13.432, 13.437, 13.453, 13.456, 13.459, 13.469, 13.472, 13.483, 13.49, 13.497, 13.498, 13.507, 13.508, 13.518, 13.519, 13.522, 13.528, 13.529, 13.532, 13.538, 13.539, 13.542, 13.548, 13.549, 13.55, 13.553, 13.555, 13.556, 13.557, 13.558, 13.564, 13.565, 13.569, 13.571, 13.572, 13.573, 13.574, 13.577, 13.579, 13.583, 13.584, 13.585, 13.586, 13.587, 13.588, 13.594, 13.596, 13.599, 13.602, 13.603, 13.604, 13.606, 13.607, 13.608, 13.611, 13.613, 13.615, 13.616, 13.618, 13.62, 13.621, 13.623, 13.624, 13.627, 13.629, 13.63, 13.631, 13.633, 13.634, 13.635, 13.636, 13.637, 13.638, 13.639, 13.64, 13.641, 13.642, 13.644, 13.645, 13.646, 13.648, 13.649, 13.65, 13.652, 13.654, 13.655, 13.656, 13.657, 13.658, 13.659, 13.66, 13.661, 13.662, 13.663, 13.664, 13.665, 13.666, 13.668, 13.669, 13.67, 13.671, 13.672, 13.673, 13.674, 13.675, 13.676, 13.677, 13.678, 13.679, 13.68, 13.681, 13.682, 13.683, 13.684, 13.685, 13.686, 13.687, 13.688, 13.689, 13.69, 13.691, 13.692, 13.693, 13.694, 13.695, 13.696, 13.697, 13.698, 13.699, 13.7, 13.701, 13.702, 13.703, 13.704, 13.705, 13.706, 13.707, 13.708, 13.709, 13.71, 13.711, 13.712, 13.713, 13.714, 13.715, 13.716, 13.717, 13.718, 13.719, 13.72, 13.721, 13.722, 13.723, 13.724, 13.725, 13.726, 13.727, 13.728, 13.729, 13.73, 13.731, 13.732, 13.733, 13.734, 13.735, 13.736, 13.737, 13.738, 13.739, 13.74, 13.741, 13.742, 13.743, 13.744, 13.745, 13.746, 13.747, 13.748, 13.749, 13.75, 13.751, 13.752, 13.753, 13.754, 13.755, 13.756, 13.757, 13.758, 13.759, 13.76, 13.761, 13.762, 13.763, 13.764, 13.765, 13.766, 13.767, 13.768, 13.769, 13.77, 13.771, 13.772, 13.773, 13.774, 13.775, 13.776, 13.777, 13.778, 13.779, 13.78, 13.781, 13.782, 13.783, 13.784, 13.785, 13.786, 13.787, 13.788, 13.789, 13.79, 13.791, 13.792, 13.793, 13.794, 13.795, 13.796, 13.797, 13.798, 13.799, 13.8, 13.806, 13.812, 13.859, 13.977, 13.997, 14.023, 14.033, 14.042, 14.121, 14.149, 14.156, 14.233]
---
Round: 30, Unk. prob.: 1.175e-02
Surv probs: 9.882e-01, Fail probs: 1.000e-05
No. of non-dominant rules: 5577, Survival rules: 5556, Failure rules: 21
Batch update: 191 rules added, 0 existing rules removed (0 new rules dominated)
Survival: 191 rules added, 0 removed (from 191 candidates)
Batch update: 1 rules added, 0 existing rules removed (0 new rules dominated)
Failure: 1 rules added, 0 removed (from 1 candidates)
Updated sys_vals: [12.787, 12.818, 12.989, 13.024, 13.046, 13.139, 13.15, 13.218, 13.228, 13.241, 13.264, 13.28, 13.294, 13.295, 13.314, 13.325, 13.33, 13.345, 13.363, 13.376, 13.377, 13.396, 13.402, 13.405, 13.408, 13.414, 13.415, 13.423, 13.429, 13.43, 13.432, 13.437, 13.453, 13.456, 13.459, 13.469, 13.472, 13.483, 13.49, 13.497, 13.498, 13.507, 13.508, 13.518, 13.519, 13.522, 13.528, 13.529, 13.532, 13.538, 13.539, 13.542, 13.548, 13.549, 13.55, 13.553, 13.555, 13.556, 13.557, 13.558, 13.564, 13.565, 13.569, 13.571, 13.572, 13.573, 13.574, 13.577, 13.579, 13.582, 13.583, 13.584, 13.585, 13.586, 13.587, 13.588, 13.589, 13.594, 13.596, 13.599, 13.602, 13.603, 13.604, 13.606, 13.607, 13.608, 13.611, 13.613, 13.615, 13.616, 13.618, 13.62, 13.621, 13.623, 13.624, 13.627, 13.629, 13.63, 13.631, 13.633, 13.634, 13.635, 13.636, 13.637, 13.638, 13.639, 13.64, 13.641, 13.642, 13.644, 13.645, 13.646, 13.648, 13.649, 13.65, 13.651, 13.652, 13.654, 13.655, 13.656, 13.657, 13.658, 13.659, 13.66, 13.661, 13.662, 13.663, 13.664, 13.665, 13.666, 13.668, 13.669, 13.67, 13.671, 13.672, 13.673, 13.674, 13.675, 13.676, 13.677, 13.678, 13.679, 13.68, 13.681, 13.682, 13.683, 13.684, 13.685, 13.686, 13.687, 13.688, 13.689, 13.69, 13.691, 13.692, 13.693, 13.694, 13.695, 13.696, 13.697, 13.698, 13.699, 13.7, 13.701, 13.702, 13.703, 13.704, 13.705, 13.706, 13.707, 13.708, 13.709, 13.71, 13.711, 13.712, 13.713, 13.714, 13.715, 13.716, 13.717, 13.718, 13.719, 13.72, 13.721, 13.722, 13.723, 13.724, 13.725, 13.726, 13.727, 13.728, 13.729, 13.73, 13.731, 13.732, 13.733, 13.734, 13.735, 13.736, 13.737, 13.738, 13.739, 13.74, 13.741, 13.742, 13.743, 13.744, 13.745, 13.746, 13.747, 13.748, 13.749, 13.75, 13.751, 13.752, 13.753, 13.754, 13.755, 13.756, 13.757, 13.758, 13.759, 13.76, 13.761, 13.762, 13.763, 13.764, 13.765, 13.766, 13.767, 13.768, 13.769, 13.77, 13.771, 13.772, 13.773, 13.774, 13.775, 13.776, 13.777, 13.778, 13.779, 13.78, 13.781, 13.782, 13.783, 13.784, 13.785, 13.786, 13.787, 13.788, 13.789, 13.79, 13.791, 13.792, 13.793, 13.794, 13.795, 13.796, 13.797, 13.798, 13.799, 13.8, 13.806, 13.812, 13.859, 13.977, 13.997, 14.023, 14.033, 14.042, 14.121, 14.149, 14.156, 14.233]
---
Round: 31, Unk. prob.: 1.167e-02
Surv probs: 9.883e-01, Fail probs: 2.000e-05
No. of non-dominant rules: 5769, Survival rules: 5747, Failure rules: 22
Batch update: 192 rules added, 0 existing rules removed (0 new rules dominated)
Survival: 192 rules added, 0 removed (from 192 candidates)
Updated sys_vals: [12.787, 12.818, 12.989, 13.024, 13.046, 13.139, 13.15, 13.218, 13.228, 13.241, 13.264, 13.28, 13.294, 13.295, 13.314, 13.325, 13.33, 13.345, 13.363, 13.376, 13.377, 13.396, 13.402, 13.405, 13.408, 13.414, 13.415, 13.423, 13.429, 13.43, 13.432, 13.437, 13.453, 13.456, 13.459, 13.469, 13.472, 13.48, 13.483, 13.49, 13.497, 13.498, 13.507, 13.508, 13.518, 13.519, 13.522, 13.528, 13.529, 13.532, 13.538, 13.539, 13.542, 13.548, 13.549, 13.55, 13.553, 13.555, 13.556, 13.557, 13.558, 13.564, 13.565, 13.569, 13.571, 13.572, 13.573, 13.574, 13.577, 13.579, 13.582, 13.583, 13.584, 13.585, 13.586, 13.587, 13.588, 13.589, 13.594, 13.596, 13.599, 13.602, 13.603, 13.604, 13.606, 13.607, 13.608, 13.609, 13.611, 13.612, 13.613, 13.615, 13.616, 13.618, 13.62, 13.621, 13.623, 13.624, 13.627, 13.628, 13.629, 13.63, 13.631, 13.633, 13.634, 13.635, 13.636, 13.637, 13.638, 13.639, 13.64, 13.641, 13.642, 13.644, 13.645, 13.646, 13.648, 13.649, 13.65, 13.651, 13.652, 13.654, 13.655, 13.656, 13.657, 13.658, 13.659, 13.66, 13.661, 13.662, 13.663, 13.664, 13.665, 13.666, 13.668, 13.669, 13.67, 13.671, 13.672, 13.673, 13.674, 13.675, 13.676, 13.677, 13.678, 13.679, 13.68, 13.681, 13.682, 13.683, 13.684, 13.685, 13.686, 13.687, 13.688, 13.689, 13.69, 13.691, 13.692, 13.693, 13.694, 13.695, 13.696, 13.697, 13.698, 13.699, 13.7, 13.701, 13.702, 13.703, 13.704, 13.705, 13.706, 13.707, 13.708, 13.709, 13.71, 13.711, 13.712, 13.713, 13.714, 13.715, 13.716, 13.717, 13.718, 13.719, 13.72, 13.721, 13.722, 13.723, 13.724, 13.725, 13.726, 13.727, 13.728, 13.729, 13.73, 13.731, 13.732, 13.733, 13.734, 13.735, 13.736, 13.737, 13.738, 13.739, 13.74, 13.741, 13.742, 13.743, 13.744, 13.745, 13.746, 13.747, 13.748, 13.749, 13.75, 13.751, 13.752, 13.753, 13.754, 13.755, 13.756, 13.757, 13.758, 13.759, 13.76, 13.761, 13.762, 13.763, 13.764, 13.765, 13.766, 13.767, 13.768, 13.769, 13.77, 13.771, 13.772, 13.773, 13.774, 13.775, 13.776, 13.777, 13.778, 13.779, 13.78, 13.781, 13.782, 13.783, 13.784, 13.785, 13.786, 13.787, 13.788, 13.789, 13.79, 13.791, 13.792, 13.793, 13.794, 13.795, 13.796, 13.797, 13.798, 13.799, 13.8, 13.806, 13.812, 13.859, 13.977, 13.997, 14.023, 14.033, 14.042, 14.121, 14.149, 14.156, 14.233]
---
Round: 32, Unk. prob.: 1.099e-02
Surv probs: 9.890e-01, Fail probs: 0.000e+00
No. of non-dominant rules: 5961, Survival rules: 5939, Failure rules: 22
Batch update: 190 rules added, 0 existing rules removed (0 new rules dominated)
Survival: 190 rules added, 0 removed (from 190 candidates)
Batch update: 2 rules added, 0 existing rules removed (0 new rules dominated)
Failure: 2 rules added, 0 removed (from 2 candidates)
Updated sys_vals: [12.787, 12.818, 12.989, 13.024, 13.046, 13.139, 13.15, 13.19, 13.218, 13.228, 13.241, 13.264, 13.28, 13.294, 13.295, 13.314, 13.325, 13.33, 13.345, 13.363, 13.376, 13.377, 13.396, 13.402, 13.405, 13.408, 13.414, 13.415, 13.423, 13.429, 13.43, 13.432, 13.433, 13.437, 13.453, 13.456, 13.459, 13.469, 13.472, 13.48, 13.483, 13.49, 13.497, 13.498, 13.507, 13.508, 13.518, 13.519, 13.522, 13.528, 13.529, 13.532, 13.538, 13.539, 13.542, 13.548, 13.549, 13.55, 13.553, 13.555, 13.556, 13.557, 13.558, 13.564, 13.565, 13.569, 13.571, 13.572, 13.573, 13.574, 13.577, 13.579, 13.582, 13.583, 13.584, 13.585, 13.586, 13.587, 13.588, 13.589, 13.594, 13.596, 13.599, 13.602, 13.603, 13.604, 13.606, 13.607, 13.608, 13.609, 13.611, 13.612, 13.613, 13.615, 13.616, 13.618, 13.62, 13.621, 13.623, 13.624, 13.627, 13.628, 13.629, 13.63, 13.631, 13.633, 13.634, 13.635, 13.636, 13.637, 13.638, 13.639, 13.64, 13.641, 13.642, 13.644, 13.645, 13.646, 13.648, 13.649, 13.65, 13.651, 13.652, 13.654, 13.655, 13.656, 13.657, 13.658, 13.659, 13.66, 13.661, 13.662, 13.663, 13.664, 13.665, 13.666, 13.668, 13.669, 13.67, 13.671, 13.672, 13.673, 13.674, 13.675, 13.676, 13.677, 13.678, 13.679, 13.68, 13.681, 13.682, 13.683, 13.684, 13.685, 13.686, 13.687, 13.688, 13.689, 13.69, 13.691, 13.692, 13.693, 13.694, 13.695, 13.696, 13.697, 13.698, 13.699, 13.7, 13.701, 13.702, 13.703, 13.704, 13.705, 13.706, 13.707, 13.708, 13.709, 13.71, 13.711, 13.712, 13.713, 13.714, 13.715, 13.716, 13.717, 13.718, 13.719, 13.72, 13.721, 13.722, 13.723, 13.724, 13.725, 13.726, 13.727, 13.728, 13.729, 13.73, 13.731, 13.732, 13.733, 13.734, 13.735, 13.736, 13.737, 13.738, 13.739, 13.74, 13.741, 13.742, 13.743, 13.744, 13.745, 13.746, 13.747, 13.748, 13.749, 13.75, 13.751, 13.752, 13.753, 13.754, 13.755, 13.756, 13.757, 13.758, 13.759, 13.76, 13.761, 13.762, 13.763, 13.764, 13.765, 13.766, 13.767, 13.768, 13.769, 13.77, 13.771, 13.772, 13.773, 13.774, 13.775, 13.776, 13.777, 13.778, 13.779, 13.78, 13.781, 13.782, 13.783, 13.784, 13.785, 13.786, 13.787, 13.788, 13.789, 13.79, 13.791, 13.792, 13.793, 13.794, 13.795, 13.796, 13.797, 13.798, 13.799, 13.8, 13.806, 13.812, 13.859, 13.977, 13.997, 14.023, 14.033, 14.042, 14.092, 14.121, 14.149, 14.156, 14.229, 14.233]
---
Round: 33, Unk. prob.: 1.067e-02
Surv probs: 9.893e-01, Fail probs: 1.000e-05
No. of non-dominant rules: 6153, Survival rules: 6129, Failure rules: 24
Batch update: 190 rules added, 0 existing rules removed (0 new rules dominated)
Survival: 190 rules added, 0 removed (from 190 candidates)
Batch update: 2 rules added, 0 existing rules removed (0 new rules dominated)
Failure: 2 rules added, 0 removed (from 2 candidates)
Updated sys_vals: [12.787, 12.818, 12.989, 13.024, 13.046, 13.139, 13.15, 13.19, 13.218, 13.228, 13.241, 13.264, 13.28, 13.294, 13.295, 13.306, 13.314, 13.325, 13.33, 13.345, 13.363, 13.366, 13.376, 13.377, 13.38, 13.381, 13.396, 13.402, 13.405, 13.408, 13.414, 13.415, 13.423, 13.429, 13.43, 13.432, 13.433, 13.437, 13.453, 13.456, 13.459, 13.469, 13.472, 13.48, 13.483, 13.49, 13.497, 13.498, 13.507, 13.508, 13.518, 13.519, 13.522, 13.528, 13.529, 13.532, 13.538, 13.539, 13.542, 13.548, 13.549, 13.55, 13.553, 13.555, 13.556, 13.557, 13.558, 13.564, 13.565, 13.569, 13.571, 13.572, 13.573, 13.574, 13.577, 13.579, 13.582, 13.583, 13.584, 13.585, 13.586, 13.587, 13.588, 13.589, 13.594, 13.596, 13.598, 13.599, 13.602, 13.603, 13.604, 13.606, 13.607, 13.608, 13.609, 13.611, 13.612, 13.613, 13.615, 13.616, 13.618, 13.62, 13.621, 13.623, 13.624, 13.627, 13.628, 13.629, 13.63, 13.631, 13.633, 13.634, 13.635, 13.636, 13.637, 13.638, 13.639, 13.64, 13.641, 13.642, 13.644, 13.645, 13.646, 13.648, 13.649, 13.65, 13.651, 13.652, 13.654, 13.655, 13.656, 13.657, 13.658, 13.659, 13.66, 13.661, 13.662, 13.663, 13.664, 13.665, 13.666, 13.668, 13.669, 13.67, 13.671, 13.672, 13.673, 13.674, 13.675, 13.676, 13.677, 13.678, 13.679, 13.68, 13.681, 13.682, 13.683, 13.684, 13.685, 13.686, 13.687, 13.688, 13.689, 13.69, 13.691, 13.692, 13.693, 13.694, 13.695, 13.696, 13.697, 13.698, 13.699, 13.7, 13.701, 13.702, 13.703, 13.704, 13.705, 13.706, 13.707, 13.708, 13.709, 13.71, 13.711, 13.712, 13.713, 13.714, 13.715, 13.716, 13.717, 13.718, 13.719, 13.72, 13.721, 13.722, 13.723, 13.724, 13.725, 13.726, 13.727, 13.728, 13.729, 13.73, 13.731, 13.732, 13.733, 13.734, 13.735, 13.736, 13.737, 13.738, 13.739, 13.74, 13.741, 13.742, 13.743, 13.744, 13.745, 13.746, 13.747, 13.748, 13.749, 13.75, 13.751, 13.752, 13.753, 13.754, 13.755, 13.756, 13.757, 13.758, 13.759, 13.76, 13.761, 13.762, 13.763, 13.764, 13.765, 13.766, 13.767, 13.768, 13.769, 13.77, 13.771, 13.772, 13.773, 13.774, 13.775, 13.776, 13.777, 13.778, 13.779, 13.78, 13.781, 13.782, 13.783, 13.784, 13.785, 13.786, 13.787, 13.788, 13.789, 13.79, 13.791, 13.792, 13.793, 13.794, 13.795, 13.796, 13.797, 13.798, 13.799, 13.8, 13.806, 13.812, 13.859, 13.904, 13.977, 13.997, 14.023, 14.033, 14.042, 14.092, 14.121, 14.149, 14.156, 14.229, 14.233, 15.349]
---
Round: 34, Unk. prob.: 1.120e-02
Surv probs: 9.888e-01, Fail probs: 2.000e-05
No. of non-dominant rules: 6345, Survival rules: 6319, Failure rules: 26
Batch update: 192 rules added, 0 existing rules removed (0 new rules dominated)
Survival: 192 rules added, 0 removed (from 192 candidates)
Updated sys_vals: [12.787, 12.818, 12.989, 13.024, 13.046, 13.139, 13.15, 13.151, 13.19, 13.218, 13.228, 13.241, 13.264, 13.28, 13.294, 13.295, 13.306, 13.314, 13.325, 13.33, 13.345, 13.363, 13.366, 13.376, 13.377, 13.38, 13.381, 13.392, 13.396, 13.401, 13.402, 13.405, 13.408, 13.414, 13.415, 13.423, 13.429, 13.43, 13.432, 13.433, 13.437, 13.453, 13.456, 13.459, 13.469, 13.472, 13.48, 13.483, 13.487, 13.488, 13.49, 13.497, 13.498, 13.507, 13.508, 13.518, 13.519, 13.522, 13.525, 13.528, 13.529, 13.532, 13.538, 13.539, 13.542, 13.548, 13.549, 13.55, 13.553, 13.555, 13.556, 13.557, 13.558, 13.564, 13.565, 13.569, 13.57, 13.571, 13.572, 13.573, 13.574, 13.577, 13.579, 13.582, 13.583, 13.584, 13.585, 13.586, 13.587, 13.588, 13.589, 13.591, 13.594, 13.596, 13.598, 13.599, 13.602, 13.603, 13.604, 13.606, 13.607, 13.608, 13.609, 13.611, 13.612, 13.613, 13.615, 13.616, 13.618, 13.62, 13.621, 13.623, 13.624, 13.627, 13.628, 13.629, 13.63, 13.631, 13.633, 13.634, 13.635, 13.636, 13.637, 13.638, 13.639, 13.64, 13.641, 13.642, 13.644, 13.645, 13.646, 13.648, 13.649, 13.65, 13.651, 13.652, 13.654, 13.655, 13.656, 13.657, 13.658, 13.659, 13.66, 13.661, 13.662, 13.663, 13.664, 13.665, 13.666, 13.668, 13.669, 13.67, 13.671, 13.672, 13.673, 13.674, 13.675, 13.676, 13.677, 13.678, 13.679, 13.68, 13.681, 13.682, 13.683, 13.684, 13.685, 13.686, 13.687, 13.688, 13.689, 13.69, 13.691, 13.692, 13.693, 13.694, 13.695, 13.696, 13.697, 13.698, 13.699, 13.7, 13.701, 13.702, 13.703, 13.704, 13.705, 13.706, 13.707, 13.708, 13.709, 13.71, 13.711, 13.712, 13.713, 13.714, 13.715, 13.716, 13.717, 13.718, 13.719, 13.72, 13.721, 13.722, 13.723, 13.724, 13.725, 13.726, 13.727, 13.728, 13.729, 13.73, 13.731, 13.732, 13.733, 13.734, 13.735, 13.736, 13.737, 13.738, 13.739, 13.74, 13.741, 13.742, 13.743, 13.744, 13.745, 13.746, 13.747, 13.748, 13.749, 13.75, 13.751, 13.752, 13.753, 13.754, 13.755, 13.756, 13.757, 13.758, 13.759, 13.76, 13.761, 13.762, 13.763, 13.764, 13.765, 13.766, 13.767, 13.768, 13.769, 13.77, 13.771, 13.772, 13.773, 13.774, 13.775, 13.776, 13.777, 13.778, 13.779, 13.78, 13.781, 13.782, 13.783, 13.784, 13.785, 13.786, 13.787, 13.788, 13.789, 13.79, 13.791, 13.792, 13.793, 13.794, 13.795, 13.796, 13.797, 13.798, 13.799, 13.8, 13.806, 13.812, 13.859, 13.904, 13.977, 13.997, 14.023, 14.033, 14.042, 14.092, 14.121, 14.149, 14.156, 14.229, 14.233, 15.349]
---
Round: 35, Unk. prob.: 1.004e-02
Surv probs: 9.899e-01, Fail probs: 1.000e-05
No. of non-dominant rules: 6537, Survival rules: 6511, Failure rules: 26
Batch update: 190 rules added, 0 existing rules removed (0 new rules dominated)
Survival: 190 rules added, 0 removed (from 190 candidates)
Batch update: 2 rules added, 0 existing rules removed (0 new rules dominated)
Failure: 2 rules added, 0 removed (from 2 candidates)
Updated sys_vals: [12.787, 12.818, 12.989, 13.024, 13.046, 13.139, 13.15, 13.151, 13.19, 13.218, 13.228, 13.241, 13.264, 13.28, 13.294, 13.295, 13.306, 13.314, 13.325, 13.33, 13.345, 13.363, 13.366, 13.369, 13.376, 13.377, 13.38, 13.381, 13.392, 13.396, 13.401, 13.402, 13.405, 13.408, 13.414, 13.415, 13.423, 13.426, 13.429, 13.43, 13.432, 13.433, 13.437, 13.453, 13.456, 13.459, 13.469, 13.472, 13.48, 13.483, 13.487, 13.488, 13.49, 13.497, 13.498, 13.507, 13.508, 13.518, 13.519, 13.522, 13.525, 13.528, 13.529, 13.532, 13.538, 13.539, 13.542, 13.548, 13.549, 13.55, 13.553, 13.555, 13.556, 13.557, 13.558, 13.564, 13.565, 13.569, 13.57, 13.571, 13.572, 13.573, 13.574, 13.575, 13.577, 13.579, 13.582, 13.583, 13.584, 13.585, 13.586, 13.587, 13.588, 13.589, 13.591, 13.594, 13.596, 13.598, 13.599, 13.602, 13.603, 13.604, 13.606, 13.607, 13.608, 13.609, 13.61, 13.611, 13.612, 13.613, 13.615, 13.616, 13.618, 13.62, 13.621, 13.623, 13.624, 13.627, 13.628, 13.629, 13.63, 13.631, 13.633, 13.634, 13.635, 13.636, 13.637, 13.638, 13.639, 13.64, 13.641, 13.642, 13.644, 13.645, 13.646, 13.648, 13.649, 13.65, 13.651, 13.652, 13.654, 13.655, 13.656, 13.657, 13.658, 13.659, 13.66, 13.661, 13.662, 13.663, 13.664, 13.665, 13.666, 13.667, 13.668, 13.669, 13.67, 13.671, 13.672, 13.673, 13.674, 13.675, 13.676, 13.677, 13.678, 13.679, 13.68, 13.681, 13.682, 13.683, 13.684, 13.685, 13.686, 13.687, 13.688, 13.689, 13.69, 13.691, 13.692, 13.693, 13.694, 13.695, 13.696, 13.697, 13.698, 13.699, 13.7, 13.701, 13.702, 13.703, 13.704, 13.705, 13.706, 13.707, 13.708, 13.709, 13.71, 13.711, 13.712, 13.713, 13.714, 13.715, 13.716, 13.717, 13.718, 13.719, 13.72, 13.721, 13.722, 13.723, 13.724, 13.725, 13.726, 13.727, 13.728, 13.729, 13.73, 13.731, 13.732, 13.733, 13.734, 13.735, 13.736, 13.737, 13.738, 13.739, 13.74, 13.741, 13.742, 13.743, 13.744, 13.745, 13.746, 13.747, 13.748, 13.749, 13.75, 13.751, 13.752, 13.753, 13.754, 13.755, 13.756, 13.757, 13.758, 13.759, 13.76, 13.761, 13.762, 13.763, 13.764, 13.765, 13.766, 13.767, 13.768, 13.769, 13.77, 13.771, 13.772, 13.773, 13.774, 13.775, 13.776, 13.777, 13.778, 13.779, 13.78, 13.781, 13.782, 13.783, 13.784, 13.785, 13.786, 13.787, 13.788, 13.789, 13.79, 13.791, 13.792, 13.793, 13.794, 13.795, 13.796, 13.797, 13.798, 13.799, 13.8, 13.806, 13.812, 13.826, 13.859, 13.904, 13.977, 13.997, 14.023, 14.033, 14.042, 14.055, 14.092, 14.121, 14.149, 14.156, 14.229, 14.233, 15.349]
---
Round: 36, Unk. prob.: 9.720e-03
Surv probs: 9.903e-01, Fail probs: 1.000e-05
No. of non-dominant rules: 6729, Survival rules: 6701, Failure rules: 28
Batch update: 189 rules added, 0 existing rules removed (0 new rules dominated)
Survival: 189 rules added, 0 removed (from 189 candidates)
Batch update: 3 rules added, 0 existing rules removed (0 new rules dominated)
Failure: 3 rules added, 0 removed (from 3 candidates)
Updated sys_vals: [12.787, 12.818, 12.989, 13.024, 13.046, 13.139, 13.15, 13.151, 13.19, 13.218, 13.226, 13.228, 13.241, 13.264, 13.28, 13.294, 13.295, 13.306, 13.314, 13.325, 13.33, 13.345, 13.363, 13.366, 13.369, 13.376, 13.377, 13.38, 13.381, 13.392, 13.396, 13.401, 13.402, 13.405, 13.408, 13.414, 13.415, 13.423, 13.426, 13.429, 13.43, 13.432, 13.433, 13.437, 13.453, 13.456, 13.459, 13.469, 13.472, 13.48, 13.483, 13.487, 13.488, 13.49, 13.497, 13.498, 13.507, 13.508, 13.518, 13.519, 13.522, 13.525, 13.528, 13.529, 13.532, 13.538, 13.539, 13.542, 13.548, 13.549, 13.55, 13.553, 13.555, 13.556, 13.557, 13.558, 13.564, 13.565, 13.569, 13.57, 13.571, 13.572, 13.573, 13.574, 13.575, 13.577, 13.579, 13.582, 13.583, 13.584, 13.585, 13.586, 13.587, 13.588, 13.589, 13.591, 13.594, 13.596, 13.598, 13.599, 13.602, 13.603, 13.604, 13.606, 13.607, 13.608, 13.609, 13.61, 13.611, 13.612, 13.613, 13.615, 13.616, 13.618, 13.62, 13.621, 13.623, 13.624, 13.627, 13.628, 13.629, 13.63, 13.631, 13.633, 13.634, 13.635, 13.636, 13.637, 13.638, 13.639, 13.64, 13.641, 13.642, 13.644, 13.645, 13.646, 13.648, 13.649, 13.65, 13.651, 13.652, 13.654, 13.655, 13.656, 13.657, 13.658, 13.659, 13.66, 13.661, 13.662, 13.663, 13.664, 13.665, 13.666, 13.667, 13.668, 13.669, 13.67, 13.671, 13.672, 13.673, 13.674, 13.675, 13.676, 13.677, 13.678, 13.679, 13.68, 13.681, 13.682, 13.683, 13.684, 13.685, 13.686, 13.687, 13.688, 13.689, 13.69, 13.691, 13.692, 13.693, 13.694, 13.695, 13.696, 13.697, 13.698, 13.699, 13.7, 13.701, 13.702, 13.703, 13.704, 13.705, 13.706, 13.707, 13.708, 13.709, 13.71, 13.711, 13.712, 13.713, 13.714, 13.715, 13.716, 13.717, 13.718, 13.719, 13.72, 13.721, 13.722, 13.723, 13.724, 13.725, 13.726, 13.727, 13.728, 13.729, 13.73, 13.731, 13.732, 13.733, 13.734, 13.735, 13.736, 13.737, 13.738, 13.739, 13.74, 13.741, 13.742, 13.743, 13.744, 13.745, 13.746, 13.747, 13.748, 13.749, 13.75, 13.751, 13.752, 13.753, 13.754, 13.755, 13.756, 13.757, 13.758, 13.759, 13.76, 13.761, 13.762, 13.763, 13.764, 13.765, 13.766, 13.767, 13.768, 13.769, 13.77, 13.771, 13.772, 13.773, 13.774, 13.775, 13.776, 13.777, 13.778, 13.779, 13.78, 13.781, 13.782, 13.783, 13.784, 13.785, 13.786, 13.787, 13.788, 13.789, 13.79, 13.791, 13.792, 13.793, 13.794, 13.795, 13.796, 13.797, 13.798, 13.799, 13.8, 13.806, 13.812, 13.826, 13.859, 13.88, 13.904, 13.977, 13.997, 14.023, 14.025, 14.033, 14.042, 14.055, 14.092, 14.121, 14.137, 14.149, 14.156, 14.229, 14.233, 15.349]
---
Round: 37, Unk. prob.: 9.950e-03
Surv probs: 9.900e-01, Fail probs: 0.000e+00
No. of non-dominant rules: 6921, Survival rules: 6890, Failure rules: 31
Batch update: 192 rules added, 0 existing rules removed (0 new rules dominated)
Survival: 192 rules added, 0 removed (from 192 candidates)
Updated sys_vals: [12.787, 12.818, 12.989, 13.024, 13.046, 13.139, 13.15, 13.151, 13.19, 13.218, 13.226, 13.228, 13.241, 13.264, 13.28, 13.294, 13.295, 13.304, 13.306, 13.314, 13.325, 13.33, 13.345, 13.356, 13.363, 13.366, 13.369, 13.376, 13.377, 13.38, 13.381, 13.392, 13.396, 13.401, 13.402, 13.405, 13.408, 13.414, 13.415, 13.423, 13.426, 13.429, 13.43, 13.432, 13.433, 13.437, 13.453, 13.456, 13.459, 13.469, 13.472, 13.48, 13.483, 13.487, 13.488, 13.49, 13.497, 13.498, 13.507, 13.508, 13.518, 13.519, 13.522, 13.525, 13.528, 13.529, 13.532, 13.537, 13.538, 13.539, 13.542, 13.548, 13.549, 13.55, 13.553, 13.555, 13.556, 13.557, 13.558, 13.564, 13.565, 13.569, 13.57, 13.571, 13.572, 13.573, 13.574, 13.575, 13.577, 13.579, 13.582, 13.583, 13.584, 13.585, 13.586, 13.587, 13.588, 13.589, 13.591, 13.594, 13.596, 13.597, 13.598, 13.599, 13.602, 13.603, 13.604, 13.606, 13.607, 13.608, 13.609, 13.61, 13.611, 13.612, 13.613, 13.615, 13.616, 13.618, 13.62, 13.621, 13.623, 13.624, 13.627, 13.628, 13.629, 13.63, 13.631, 13.633, 13.634, 13.635, 13.636, 13.637, 13.638, 13.639, 13.64, 13.641, 13.642, 13.644, 13.645, 13.646, 13.648, 13.649, 13.65, 13.651, 13.652, 13.654, 13.655, 13.656, 13.657, 13.658, 13.659, 13.66, 13.661, 13.662, 13.663, 13.664, 13.665, 13.666, 13.667, 13.668, 13.669, 13.67, 13.671, 13.672, 13.673, 13.674, 13.675, 13.676, 13.677, 13.678, 13.679, 13.68, 13.681, 13.682, 13.683, 13.684, 13.685, 13.686, 13.687, 13.688, 13.689, 13.69, 13.691, 13.692, 13.693, 13.694, 13.695, 13.696, 13.697, 13.698, 13.699, 13.7, 13.701, 13.702, 13.703, 13.704, 13.705, 13.706, 13.707, 13.708, 13.709, 13.71, 13.711, 13.712, 13.713, 13.714, 13.715, 13.716, 13.717, 13.718, 13.719, 13.72, 13.721, 13.722, 13.723, 13.724, 13.725, 13.726, 13.727, 13.728, 13.729, 13.73, 13.731, 13.732, 13.733, 13.734, 13.735, 13.736, 13.737, 13.738, 13.739, 13.74, 13.741, 13.742, 13.743, 13.744, 13.745, 13.746, 13.747, 13.748, 13.749, 13.75, 13.751, 13.752, 13.753, 13.754, 13.755, 13.756, 13.757, 13.758, 13.759, 13.76, 13.761, 13.762, 13.763, 13.764, 13.765, 13.766, 13.767, 13.768, 13.769, 13.77, 13.771, 13.772, 13.773, 13.774, 13.775, 13.776, 13.777, 13.778, 13.779, 13.78, 13.781, 13.782, 13.783, 13.784, 13.785, 13.786, 13.787, 13.788, 13.789, 13.79, 13.791, 13.792, 13.793, 13.794, 13.795, 13.796, 13.797, 13.798, 13.799, 13.8, 13.806, 13.812, 13.826, 13.859, 13.88, 13.904, 13.977, 13.997, 14.023, 14.025, 14.033, 14.042, 14.055, 14.092, 14.121, 14.137, 14.149, 14.156, 14.229, 14.233, 15.349]
---
Round: 38, Unk. prob.: 1.032e-02
Surv probs: 9.897e-01, Fail probs: 1.000e-05
No. of non-dominant rules: 7113, Survival rules: 7082, Failure rules: 31
Batch update: 192 rules added, 0 existing rules removed (0 new rules dominated)
Survival: 192 rules added, 0 removed (from 192 candidates)
Updated sys_vals: [12.787, 12.818, 12.851, 12.989, 13.024, 13.046, 13.139, 13.15, 13.151, 13.19, 13.218, 13.226, 13.228, 13.241, 13.264, 13.28, 13.294, 13.295, 13.304, 13.306, 13.314, 13.325, 13.33, 13.345, 13.356, 13.363, 13.366, 13.369, 13.376, 13.377, 13.38, 13.381, 13.39, 13.392, 13.396, 13.401, 13.402, 13.405, 13.408, 13.414, 13.415, 13.423, 13.426, 13.429, 13.43, 13.432, 13.433, 13.437, 13.453, 13.456, 13.459, 13.469, 13.472, 13.48, 13.483, 13.487, 13.488, 13.49, 13.497, 13.498, 13.507, 13.508, 13.518, 13.519, 13.522, 13.525, 13.528, 13.529, 13.532, 13.537, 13.538, 13.539, 13.542, 13.548, 13.549, 13.55, 13.553, 13.555, 13.556, 13.557, 13.558, 13.564, 13.565, 13.569, 13.57, 13.571, 13.572, 13.573, 13.574, 13.575, 13.577, 13.579, 13.582, 13.583, 13.584, 13.585, 13.586, 13.587, 13.588, 13.589, 13.591, 13.594, 13.596, 13.597, 13.598, 13.599, 13.602, 13.603, 13.604, 13.606, 13.607, 13.608, 13.609, 13.61, 13.611, 13.612, 13.613, 13.615, 13.616, 13.618, 13.62, 13.621, 13.623, 13.624, 13.627, 13.628, 13.629, 13.63, 13.631, 13.633, 13.634, 13.635, 13.636, 13.637, 13.638, 13.639, 13.64, 13.641, 13.642, 13.644, 13.645, 13.646, 13.648, 13.649, 13.65, 13.651, 13.652, 13.654, 13.655, 13.656, 13.657, 13.658, 13.659, 13.66, 13.661, 13.662, 13.663, 13.664, 13.665, 13.666, 13.667, 13.668, 13.669, 13.67, 13.671, 13.672, 13.673, 13.674, 13.675, 13.676, 13.677, 13.678, 13.679, 13.68, 13.681, 13.682, 13.683, 13.684, 13.685, 13.686, 13.687, 13.688, 13.689, 13.69, 13.691, 13.692, 13.693, 13.694, 13.695, 13.696, 13.697, 13.698, 13.699, 13.7, 13.701, 13.702, 13.703, 13.704, 13.705, 13.706, 13.707, 13.708, 13.709, 13.71, 13.711, 13.712, 13.713, 13.714, 13.715, 13.716, 13.717, 13.718, 13.719, 13.72, 13.721, 13.722, 13.723, 13.724, 13.725, 13.726, 13.727, 13.728, 13.729, 13.73, 13.731, 13.732, 13.733, 13.734, 13.735, 13.736, 13.737, 13.738, 13.739, 13.74, 13.741, 13.742, 13.743, 13.744, 13.745, 13.746, 13.747, 13.748, 13.749, 13.75, 13.751, 13.752, 13.753, 13.754, 13.755, 13.756, 13.757, 13.758, 13.759, 13.76, 13.761, 13.762, 13.763, 13.764, 13.765, 13.766, 13.767, 13.768, 13.769, 13.77, 13.771, 13.772, 13.773, 13.774, 13.775, 13.776, 13.777, 13.778, 13.779, 13.78, 13.781, 13.782, 13.783, 13.784, 13.785, 13.786, 13.787, 13.788, 13.789, 13.79, 13.791, 13.792, 13.793, 13.794, 13.795, 13.796, 13.797, 13.798, 13.799, 13.8, 13.806, 13.812, 13.826, 13.859, 13.88, 13.904, 13.977, 13.997, 14.023, 14.025, 14.033, 14.042, 14.055, 14.092, 14.121, 14.137, 14.149, 14.156, 14.229, 14.233, 15.349]
---
Round: 39, Unk. prob.: 9.530e-03
Surv probs: 9.905e-01, Fail probs: 2.000e-05
No. of non-dominant rules: 7305, Survival rules: 7274, Failure rules: 31
Batch update: 191 rules added, 0 existing rules removed (0 new rules dominated)
Survival: 191 rules added, 0 removed (from 191 candidates)
Batch update: 1 rules added, 0 existing rules removed (0 new rules dominated)
Failure: 1 rules added, 0 removed (from 1 candidates)
Updated sys_vals: [12.787, 12.818, 12.851, 12.989, 13.024, 13.046, 13.139, 13.15, 13.151, 13.19, 13.218, 13.226, 13.228, 13.241, 13.252, 13.264, 13.28, 13.294, 13.295, 13.304, 13.306, 13.314, 13.325, 13.33, 13.345, 13.356, 13.363, 13.366, 13.369, 13.376, 13.377, 13.38, 13.381, 13.39, 13.392, 13.396, 13.401, 13.402, 13.405, 13.408, 13.414, 13.415, 13.423, 13.426, 13.429, 13.43, 13.432, 13.433, 13.437, 13.453, 13.456, 13.459, 13.469, 13.472, 13.48, 13.483, 13.487, 13.488, 13.49, 13.497, 13.498, 13.507, 13.508, 13.518, 13.519, 13.522, 13.525, 13.528, 13.529, 13.532, 13.537, 13.538, 13.539, 13.542, 13.548, 13.549, 13.55, 13.553, 13.555, 13.556, 13.557, 13.558, 13.564, 13.565, 13.569, 13.57, 13.571, 13.572, 13.573, 13.574, 13.575, 13.577, 13.579, 13.582, 13.583, 13.584, 13.585, 13.586, 13.587, 13.588, 13.589, 13.591, 13.594, 13.596, 13.597, 13.598, 13.599, 13.602, 13.603, 13.604, 13.606, 13.607, 13.608, 13.609, 13.61, 13.611, 13.612, 13.613, 13.615, 13.616, 13.618, 13.62, 13.621, 13.623, 13.624, 13.627, 13.628, 13.629, 13.63, 13.631, 13.633, 13.634, 13.635, 13.636, 13.637, 13.638, 13.639, 13.64, 13.641, 13.642, 13.644, 13.645, 13.646, 13.648, 13.649, 13.65, 13.651, 13.652, 13.654, 13.655, 13.656, 13.657, 13.658, 13.659, 13.66, 13.661, 13.662, 13.663, 13.664, 13.665, 13.666, 13.667, 13.668, 13.669, 13.67, 13.671, 13.672, 13.673, 13.674, 13.675, 13.676, 13.677, 13.678, 13.679, 13.68, 13.681, 13.682, 13.683, 13.684, 13.685, 13.686, 13.687, 13.688, 13.689, 13.69, 13.691, 13.692, 13.693, 13.694, 13.695, 13.696, 13.697, 13.698, 13.699, 13.7, 13.701, 13.702, 13.703, 13.704, 13.705, 13.706, 13.707, 13.708, 13.709, 13.71, 13.711, 13.712, 13.713, 13.714, 13.715, 13.716, 13.717, 13.718, 13.719, 13.72, 13.721, 13.722, 13.723, 13.724, 13.725, 13.726, 13.727, 13.728, 13.729, 13.73, 13.731, 13.732, 13.733, 13.734, 13.735, 13.736, 13.737, 13.738, 13.739, 13.74, 13.741, 13.742, 13.743, 13.744, 13.745, 13.746, 13.747, 13.748, 13.749, 13.75, 13.751, 13.752, 13.753, 13.754, 13.755, 13.756, 13.757, 13.758, 13.759, 13.76, 13.761, 13.762, 13.763, 13.764, 13.765, 13.766, 13.767, 13.768, 13.769, 13.77, 13.771, 13.772, 13.773, 13.774, 13.775, 13.776, 13.777, 13.778, 13.779, 13.78, 13.781, 13.782, 13.783, 13.784, 13.785, 13.786, 13.787, 13.788, 13.789, 13.79, 13.791, 13.792, 13.793, 13.794, 13.795, 13.796, 13.797, 13.798, 13.799, 13.8, 13.806, 13.812, 13.826, 13.859, 13.88, 13.904, 13.977, 13.997, 14.023, 14.025, 14.033, 14.042, 14.055, 14.092, 14.121, 14.137, 14.149, 14.156, 14.229, 14.233, 15.349]
---
Round: 40, Unk. prob.: 9.030e-03
Surv probs: 9.910e-01, Fail probs: 1.000e-05
No. of non-dominant rules: 7497, Survival rules: 7465, Failure rules: 32
Batch update: 192 rules added, 0 existing rules removed (0 new rules dominated)
Survival: 192 rules added, 0 removed (from 192 candidates)
Updated sys_vals: [12.787, 12.818, 12.851, 12.989, 13.024, 13.046, 13.139, 13.15, 13.151, 13.19, 13.218, 13.226, 13.228, 13.241, 13.252, 13.264, 13.28, 13.294, 13.295, 13.304, 13.306, 13.314, 13.325, 13.33, 13.345, 13.356, 13.363, 13.366, 13.369, 13.376, 13.377, 13.38, 13.381, 13.39, 13.392, 13.396, 13.401, 13.402, 13.405, 13.407, 13.408, 13.414, 13.415, 13.423, 13.426, 13.429, 13.43, 13.432, 13.433, 13.437, 13.453, 13.456, 13.459, 13.469, 13.472, 13.48, 13.483, 13.487, 13.488, 13.49, 13.497, 13.498, 13.507, 13.508, 13.518, 13.519, 13.522, 13.525, 13.528, 13.529, 13.532, 13.537, 13.538, 13.539, 13.542, 13.545, 13.548, 13.549, 13.55, 13.553, 13.555, 13.556, 13.557, 13.558, 13.564, 13.565, 13.569, 13.57, 13.571, 13.572, 13.573, 13.574, 13.575, 13.577, 13.579, 13.582, 13.583, 13.584, 13.585, 13.586, 13.587, 13.588, 13.589, 13.591, 13.594, 13.596, 13.597, 13.598, 13.599, 13.602, 13.603, 13.604, 13.606, 13.607, 13.608, 13.609, 13.61, 13.611, 13.612, 13.613, 13.614, 13.615, 13.616, 13.618, 13.62, 13.621, 13.623, 13.624, 13.625, 13.626, 13.627, 13.628, 13.629, 13.63, 13.631, 13.633, 13.634, 13.635, 13.636, 13.637, 13.638, 13.639, 13.64, 13.641, 13.642, 13.644, 13.645, 13.646, 13.648, 13.649, 13.65, 13.651, 13.652, 13.654, 13.655, 13.656, 13.657, 13.658, 13.659, 13.66, 13.661, 13.662, 13.663, 13.664, 13.665, 13.666, 13.667, 13.668, 13.669, 13.67, 13.671, 13.672, 13.673, 13.674, 13.675, 13.676, 13.677, 13.678, 13.679, 13.68, 13.681, 13.682, 13.683, 13.684, 13.685, 13.686, 13.687, 13.688, 13.689, 13.69, 13.691, 13.692, 13.693, 13.694, 13.695, 13.696, 13.697, 13.698, 13.699, 13.7, 13.701, 13.702, 13.703, 13.704, 13.705, 13.706, 13.707, 13.708, 13.709, 13.71, 13.711, 13.712, 13.713, 13.714, 13.715, 13.716, 13.717, 13.718, 13.719, 13.72, 13.721, 13.722, 13.723, 13.724, 13.725, 13.726, 13.727, 13.728, 13.729, 13.73, 13.731, 13.732, 13.733, 13.734, 13.735, 13.736, 13.737, 13.738, 13.739, 13.74, 13.741, 13.742, 13.743, 13.744, 13.745, 13.746, 13.747, 13.748, 13.749, 13.75, 13.751, 13.752, 13.753, 13.754, 13.755, 13.756, 13.757, 13.758, 13.759, 13.76, 13.761, 13.762, 13.763, 13.764, 13.765, 13.766, 13.767, 13.768, 13.769, 13.77, 13.771, 13.772, 13.773, 13.774, 13.775, 13.776, 13.777, 13.778, 13.779, 13.78, 13.781, 13.782, 13.783, 13.784, 13.785, 13.786, 13.787, 13.788, 13.789, 13.79, 13.791, 13.792, 13.793, 13.794, 13.795, 13.796, 13.797, 13.798, 13.799, 13.8, 13.806, 13.812, 13.826, 13.859, 13.88, 13.904, 13.977, 13.997, 14.023, 14.025, 14.033, 14.042, 14.055, 14.092, 14.121, 14.137, 14.149, 14.156, 14.229, 14.233, 15.349]
---
Round: 41, Unk. prob.: 9.350e-03
Surv probs: 9.906e-01, Fail probs: 2.000e-05
No. of non-dominant rules: 7689, Survival rules: 7657, Failure rules: 32
Batch update: 191 rules added, 0 existing rules removed (0 new rules dominated)
Survival: 191 rules added, 0 removed (from 191 candidates)
Batch update: 1 rules added, 0 existing rules removed (0 new rules dominated)
Failure: 1 rules added, 0 removed (from 1 candidates)
Updated sys_vals: [12.787, 12.818, 12.851, 12.989, 13.024, 13.046, 13.139, 13.15, 13.151, 13.19, 13.203, 13.218, 13.226, 13.228, 13.236, 13.241, 13.252, 13.264, 13.28, 13.294, 13.295, 13.304, 13.306, 13.314, 13.325, 13.33, 13.345, 13.356, 13.363, 13.366, 13.369, 13.376, 13.377, 13.38, 13.381, 13.39, 13.392, 13.396, 13.401, 13.402, 13.405, 13.407, 13.408, 13.414, 13.415, 13.423, 13.426, 13.429, 13.43, 13.432, 13.433, 13.437, 13.453, 13.456, 13.459, 13.469, 13.472, 13.48, 13.483, 13.487, 13.488, 13.49, 13.497, 13.498, 13.507, 13.508, 13.518, 13.519, 13.522, 13.525, 13.528, 13.529, 13.532, 13.537, 13.538, 13.539, 13.542, 13.545, 13.548, 13.549, 13.55, 13.553, 13.555, 13.556, 13.557, 13.558, 13.564, 13.565, 13.569, 13.57, 13.571, 13.572, 13.573, 13.574, 13.575, 13.577, 13.579, 13.582, 13.583, 13.584, 13.585, 13.586, 13.587, 13.588, 13.589, 13.591, 13.594, 13.596, 13.597, 13.598, 13.599, 13.602, 13.603, 13.604, 13.606, 13.607, 13.608, 13.609, 13.61, 13.611, 13.612, 13.613, 13.614, 13.615, 13.616, 13.617, 13.618, 13.62, 13.621, 13.623, 13.624, 13.625, 13.626, 13.627, 13.628, 13.629, 13.63, 13.631, 13.632, 13.633, 13.634, 13.635, 13.636, 13.637, 13.638, 13.639, 13.64, 13.641, 13.642, 13.644, 13.645, 13.646, 13.648, 13.649, 13.65, 13.651, 13.652, 13.654, 13.655, 13.656, 13.657, 13.658, 13.659, 13.66, 13.661, 13.662, 13.663, 13.664, 13.665, 13.666, 13.667, 13.668, 13.669, 13.67, 13.671, 13.672, 13.673, 13.674, 13.675, 13.676, 13.677, 13.678, 13.679, 13.68, 13.681, 13.682, 13.683, 13.684, 13.685, 13.686, 13.687, 13.688, 13.689, 13.69, 13.691, 13.692, 13.693, 13.694, 13.695, 13.696, 13.697, 13.698, 13.699, 13.7, 13.701, 13.702, 13.703, 13.704, 13.705, 13.706, 13.707, 13.708, 13.709, 13.71, 13.711, 13.712, 13.713, 13.714, 13.715, 13.716, 13.717, 13.718, 13.719, 13.72, 13.721, 13.722, 13.723, 13.724, 13.725, 13.726, 13.727, 13.728, 13.729, 13.73, 13.731, 13.732, 13.733, 13.734, 13.735, 13.736, 13.737, 13.738, 13.739, 13.74, 13.741, 13.742, 13.743, 13.744, 13.745, 13.746, 13.747, 13.748, 13.749, 13.75, 13.751, 13.752, 13.753, 13.754, 13.755, 13.756, 13.757, 13.758, 13.759, 13.76, 13.761, 13.762, 13.763, 13.764, 13.765, 13.766, 13.767, 13.768, 13.769, 13.77, 13.771, 13.772, 13.773, 13.774, 13.775, 13.776, 13.777, 13.778, 13.779, 13.78, 13.781, 13.782, 13.783, 13.784, 13.785, 13.786, 13.787, 13.788, 13.789, 13.79, 13.791, 13.792, 13.793, 13.794, 13.795, 13.796, 13.797, 13.798, 13.799, 13.8, 13.806, 13.812, 13.826, 13.859, 13.88, 13.904, 13.977, 13.997, 14.023, 14.025, 14.033, 14.042, 14.055, 14.092, 14.121, 14.137, 14.148, 14.149, 14.156, 14.229, 14.233, 15.349]
---
Round: 42, Unk. prob.: 9.370e-03
Surv probs: 9.906e-01, Fail probs: 1.000e-05
No. of non-dominant rules: 7881, Survival rules: 7848, Failure rules: 33
Batch update: 191 rules added, 0 existing rules removed (0 new rules dominated)
Survival: 191 rules added, 0 removed (from 191 candidates)
Batch update: 1 rules added, 0 existing rules removed (0 new rules dominated)
Failure: 1 rules added, 0 removed (from 1 candidates)
Updated sys_vals: [12.787, 12.818, 12.851, 12.989, 13.024, 13.046, 13.139, 13.15, 13.151, 13.19, 13.203, 13.218, 13.226, 13.228, 13.236, 13.241, 13.252, 13.264, 13.28, 13.294, 13.295, 13.304, 13.306, 13.314, 13.325, 13.33, 13.345, 13.356, 13.363, 13.366, 13.369, 13.376, 13.377, 13.38, 13.381, 13.39, 13.392, 13.396, 13.401, 13.402, 13.405, 13.407, 13.408, 13.414, 13.415, 13.423, 13.426, 13.429, 13.43, 13.432, 13.433, 13.437, 13.45, 13.453, 13.456, 13.459, 13.469, 13.472, 13.48, 13.483, 13.487, 13.488, 13.49, 13.497, 13.498, 13.507, 13.508, 13.518, 13.519, 13.522, 13.525, 13.528, 13.529, 13.532, 13.537, 13.538, 13.539, 13.542, 13.545, 13.548, 13.549, 13.55, 13.553, 13.555, 13.556, 13.557, 13.558, 13.564, 13.565, 13.569, 13.57, 13.571, 13.572, 13.573, 13.574, 13.575, 13.577, 13.579, 13.582, 13.583, 13.584, 13.585, 13.586, 13.587, 13.588, 13.589, 13.591, 13.594, 13.596, 13.597, 13.598, 13.599, 13.602, 13.603, 13.604, 13.605, 13.606, 13.607, 13.608, 13.609, 13.61, 13.611, 13.612, 13.613, 13.614, 13.615, 13.616, 13.617, 13.618, 13.619, 13.62, 13.621, 13.623, 13.624, 13.625, 13.626, 13.627, 13.628, 13.629, 13.63, 13.631, 13.632, 13.633, 13.634, 13.635, 13.636, 13.637, 13.638, 13.639, 13.64, 13.641, 13.642, 13.644, 13.645, 13.646, 13.648, 13.649, 13.65, 13.651, 13.652, 13.654, 13.655, 13.656, 13.657, 13.658, 13.659, 13.66, 13.661, 13.662, 13.663, 13.664, 13.665, 13.666, 13.667, 13.668, 13.669, 13.67, 13.671, 13.672, 13.673, 13.674, 13.675, 13.676, 13.677, 13.678, 13.679, 13.68, 13.681, 13.682, 13.683, 13.684, 13.685, 13.686, 13.687, 13.688, 13.689, 13.69, 13.691, 13.692, 13.693, 13.694, 13.695, 13.696, 13.697, 13.698, 13.699, 13.7, 13.701, 13.702, 13.703, 13.704, 13.705, 13.706, 13.707, 13.708, 13.709, 13.71, 13.711, 13.712, 13.713, 13.714, 13.715, 13.716, 13.717, 13.718, 13.719, 13.72, 13.721, 13.722, 13.723, 13.724, 13.725, 13.726, 13.727, 13.728, 13.729, 13.73, 13.731, 13.732, 13.733, 13.734, 13.735, 13.736, 13.737, 13.738, 13.739, 13.74, 13.741, 13.742, 13.743, 13.744, 13.745, 13.746, 13.747, 13.748, 13.749, 13.75, 13.751, 13.752, 13.753, 13.754, 13.755, 13.756, 13.757, 13.758, 13.759, 13.76, 13.761, 13.762, 13.763, 13.764, 13.765, 13.766, 13.767, 13.768, 13.769, 13.77, 13.771, 13.772, 13.773, 13.774, 13.775, 13.776, 13.777, 13.778, 13.779, 13.78, 13.781, 13.782, 13.783, 13.784, 13.785, 13.786, 13.787, 13.788, 13.789, 13.79, 13.791, 13.792, 13.793, 13.794, 13.795, 13.796, 13.797, 13.798, 13.799, 13.8, 13.806, 13.812, 13.826, 13.859, 13.872, 13.88, 13.904, 13.977, 13.997, 14.023, 14.025, 14.033, 14.042, 14.055, 14.092, 14.121, 14.137, 14.148, 14.149, 14.156, 14.229, 14.233, 15.349]
---
Round: 43, Unk. prob.: 8.880e-03
Surv probs: 9.911e-01, Fail probs: 0.000e+00
No. of non-dominant rules: 8073, Survival rules: 8039, Failure rules: 34
Batch update: 192 rules added, 0 existing rules removed (0 new rules dominated)
Survival: 192 rules added, 0 removed (from 192 candidates)
Updated sys_vals: [12.787, 12.818, 12.851, 12.989, 13.024, 13.046, 13.139, 13.15, 13.151, 13.19, 13.203, 13.218, 13.226, 13.228, 13.236, 13.241, 13.252, 13.264, 13.28, 13.288, 13.294, 13.295, 13.304, 13.306, 13.314, 13.325, 13.33, 13.345, 13.356, 13.363, 13.366, 13.369, 13.372, 13.376, 13.377, 13.38, 13.381, 13.39, 13.392, 13.396, 13.401, 13.402, 13.405, 13.407, 13.408, 13.414, 13.415, 13.423, 13.426, 13.429, 13.43, 13.432, 13.433, 13.437, 13.45, 13.453, 13.456, 13.459, 13.469, 13.472, 13.48, 13.483, 13.487, 13.488, 13.49, 13.497, 13.498, 13.507, 13.508, 13.518, 13.519, 13.522, 13.525, 13.528, 13.529, 13.532, 13.537, 13.538, 13.539, 13.542, 13.545, 13.548, 13.549, 13.55, 13.553, 13.555, 13.556, 13.557, 13.558, 13.561, 13.564, 13.565, 13.569, 13.57, 13.571, 13.572, 13.573, 13.574, 13.575, 13.577, 13.579, 13.582, 13.583, 13.584, 13.585, 13.586, 13.587, 13.588, 13.589, 13.591, 13.594, 13.596, 13.597, 13.598, 13.599, 13.602, 13.603, 13.604, 13.605, 13.606, 13.607, 13.608, 13.609, 13.61, 13.611, 13.612, 13.613, 13.614, 13.615, 13.616, 13.617, 13.618, 13.619, 13.62, 13.621, 13.623, 13.624, 13.625, 13.626, 13.627, 13.628, 13.629, 13.63, 13.631, 13.632, 13.633, 13.634, 13.635, 13.636, 13.637, 13.638, 13.639, 13.64, 13.641, 13.642, 13.644, 13.645, 13.646, 13.648, 13.649, 13.65, 13.651, 13.652, 13.654, 13.655, 13.656, 13.657, 13.658, 13.659, 13.66, 13.661, 13.662, 13.663, 13.664, 13.665, 13.666, 13.667, 13.668, 13.669, 13.67, 13.671, 13.672, 13.673, 13.674, 13.675, 13.676, 13.677, 13.678, 13.679, 13.68, 13.681, 13.682, 13.683, 13.684, 13.685, 13.686, 13.687, 13.688, 13.689, 13.69, 13.691, 13.692, 13.693, 13.694, 13.695, 13.696, 13.697, 13.698, 13.699, 13.7, 13.701, 13.702, 13.703, 13.704, 13.705, 13.706, 13.707, 13.708, 13.709, 13.71, 13.711, 13.712, 13.713, 13.714, 13.715, 13.716, 13.717, 13.718, 13.719, 13.72, 13.721, 13.722, 13.723, 13.724, 13.725, 13.726, 13.727, 13.728, 13.729, 13.73, 13.731, 13.732, 13.733, 13.734, 13.735, 13.736, 13.737, 13.738, 13.739, 13.74, 13.741, 13.742, 13.743, 13.744, 13.745, 13.746, 13.747, 13.748, 13.749, 13.75, 13.751, 13.752, 13.753, 13.754, 13.755, 13.756, 13.757, 13.758, 13.759, 13.76, 13.761, 13.762, 13.763, 13.764, 13.765, 13.766, 13.767, 13.768, 13.769, 13.77, 13.771, 13.772, 13.773, 13.774, 13.775, 13.776, 13.777, 13.778, 13.779, 13.78, 13.781, 13.782, 13.783, 13.784, 13.785, 13.786, 13.787, 13.788, 13.789, 13.79, 13.791, 13.792, 13.793, 13.794, 13.795, 13.796, 13.797, 13.798, 13.799, 13.8, 13.806, 13.812, 13.826, 13.859, 13.872, 13.88, 13.904, 13.977, 13.997, 14.023, 14.025, 14.033, 14.042, 14.055, 14.092, 14.121, 14.137, 14.148, 14.149, 14.156, 14.229, 14.233, 15.349]
---
Round: 44, Unk. prob.: 9.020e-03
Surv probs: 9.910e-01, Fail probs: 1.000e-05
No. of non-dominant rules: 8265, Survival rules: 8231, Failure rules: 34
Batch update: 191 rules added, 0 existing rules removed (0 new rules dominated)
Survival: 191 rules added, 0 removed (from 191 candidates)
Batch update: 1 rules added, 0 existing rules removed (0 new rules dominated)
Failure: 1 rules added, 0 removed (from 1 candidates)
Updated sys_vals: [12.787, 12.818, 12.851, 12.989, 13.024, 13.046, 13.139, 13.15, 13.151, 13.19, 13.203, 13.218, 13.226, 13.228, 13.236, 13.241, 13.252, 13.264, 13.28, 13.288, 13.294, 13.295, 13.304, 13.306, 13.314, 13.325, 13.33, 13.345, 13.356, 13.363, 13.366, 13.369, 13.372, 13.376, 13.377, 13.38, 13.381, 13.39, 13.392, 13.396, 13.401, 13.402, 13.405, 13.407, 13.408, 13.414, 13.415, 13.423, 13.426, 13.429, 13.43, 13.432, 13.433, 13.437, 13.45, 13.453, 13.456, 13.459, 13.463, 13.469, 13.472, 13.48, 13.483, 13.487, 13.488, 13.49, 13.497, 13.498, 13.507, 13.508, 13.518, 13.519, 13.522, 13.525, 13.528, 13.529, 13.532, 13.537, 13.538, 13.539, 13.542, 13.545, 13.548, 13.549, 13.55, 13.553, 13.555, 13.556, 13.557, 13.558, 13.561, 13.564, 13.565, 13.569, 13.57, 13.571, 13.572, 13.573, 13.574, 13.575, 13.577, 13.579, 13.582, 13.583, 13.584, 13.585, 13.586, 13.587, 13.588, 13.589, 13.591, 13.594, 13.596, 13.597, 13.598, 13.599, 13.602, 13.603, 13.604, 13.605, 13.606, 13.607, 13.608, 13.609, 13.61, 13.611, 13.612, 13.613, 13.614, 13.615, 13.616, 13.617, 13.618, 13.619, 13.62, 13.621, 13.623, 13.624, 13.625, 13.626, 13.627, 13.628, 13.629, 13.63, 13.631, 13.632, 13.633, 13.634, 13.635, 13.636, 13.637, 13.638, 13.639, 13.64, 13.641, 13.642, 13.644, 13.645, 13.646, 13.648, 13.649, 13.65, 13.651, 13.652, 13.653, 13.654, 13.655, 13.656, 13.657, 13.658, 13.659, 13.66, 13.661, 13.662, 13.663, 13.664, 13.665, 13.666, 13.667, 13.668, 13.669, 13.67, 13.671, 13.672, 13.673, 13.674, 13.675, 13.676, 13.677, 13.678, 13.679, 13.68, 13.681, 13.682, 13.683, 13.684, 13.685, 13.686, 13.687, 13.688, 13.689, 13.69, 13.691, 13.692, 13.693, 13.694, 13.695, 13.696, 13.697, 13.698, 13.699, 13.7, 13.701, 13.702, 13.703, 13.704, 13.705, 13.706, 13.707, 13.708, 13.709, 13.71, 13.711, 13.712, 13.713, 13.714, 13.715, 13.716, 13.717, 13.718, 13.719, 13.72, 13.721, 13.722, 13.723, 13.724, 13.725, 13.726, 13.727, 13.728, 13.729, 13.73, 13.731, 13.732, 13.733, 13.734, 13.735, 13.736, 13.737, 13.738, 13.739, 13.74, 13.741, 13.742, 13.743, 13.744, 13.745, 13.746, 13.747, 13.748, 13.749, 13.75, 13.751, 13.752, 13.753, 13.754, 13.755, 13.756, 13.757, 13.758, 13.759, 13.76, 13.761, 13.762, 13.763, 13.764, 13.765, 13.766, 13.767, 13.768, 13.769, 13.77, 13.771, 13.772, 13.773, 13.774, 13.775, 13.776, 13.777, 13.778, 13.779, 13.78, 13.781, 13.782, 13.783, 13.784, 13.785, 13.786, 13.787, 13.788, 13.789, 13.79, 13.791, 13.792, 13.793, 13.794, 13.795, 13.796, 13.797, 13.798, 13.799, 13.8, 13.806, 13.812, 13.826, 13.859, 13.872, 13.88, 13.904, 13.977, 13.997, 14.023, 14.025, 14.033, 14.042, 14.055, 14.092, 14.096, 14.121, 14.137, 14.148, 14.149, 14.156, 14.229, 14.233, 15.349]
---
Round: 45, Unk. prob.: 8.380e-03
Surv probs: 9.916e-01, Fail probs: 2.000e-05
No. of non-dominant rules: 8457, Survival rules: 8422, Failure rules: 35
Batch update: 191 rules added, 0 existing rules removed (0 new rules dominated)
Survival: 191 rules added, 0 removed (from 191 candidates)
Batch update: 1 rules added, 0 existing rules removed (0 new rules dominated)
Failure: 1 rules added, 0 removed (from 1 candidates)
Updated sys_vals: [12.787, 12.818, 12.851, 12.989, 13.024, 13.046, 13.139, 13.15, 13.151, 13.19, 13.203, 13.218, 13.226, 13.228, 13.236, 13.241, 13.252, 13.264, 13.28, 13.288, 13.294, 13.295, 13.304, 13.306, 13.314, 13.325, 13.33, 13.345, 13.356, 13.362, 13.363, 13.366, 13.369, 13.372, 13.376, 13.377, 13.38, 13.381, 13.39, 13.392, 13.396, 13.401, 13.402, 13.405, 13.407, 13.408, 13.414, 13.415, 13.423, 13.426, 13.429, 13.43, 13.432, 13.433, 13.437, 13.45, 13.453, 13.456, 13.459, 13.463, 13.469, 13.472, 13.48, 13.483, 13.487, 13.488, 13.49, 13.497, 13.498, 13.507, 13.508, 13.518, 13.519, 13.522, 13.525, 13.528, 13.529, 13.532, 13.537, 13.538, 13.539, 13.542, 13.545, 13.548, 13.549, 13.55, 13.553, 13.555, 13.556, 13.557, 13.558, 13.56, 13.561, 13.564, 13.565, 13.569, 13.57, 13.571, 13.572, 13.573, 13.574, 13.575, 13.577, 13.579, 13.582, 13.583, 13.584, 13.585, 13.586, 13.587, 13.588, 13.589, 13.591, 13.594, 13.596, 13.597, 13.598, 13.599, 13.602, 13.603, 13.604, 13.605, 13.606, 13.607, 13.608, 13.609, 13.61, 13.611, 13.612, 13.613, 13.614, 13.615, 13.616, 13.617, 13.618, 13.619, 13.62, 13.621, 13.623, 13.624, 13.625, 13.626, 13.627, 13.628, 13.629, 13.63, 13.631, 13.632, 13.633, 13.634, 13.635, 13.636, 13.637, 13.638, 13.639, 13.64, 13.641, 13.642, 13.644, 13.645, 13.646, 13.648, 13.649, 13.65, 13.651, 13.652, 13.653, 13.654, 13.655, 13.656, 13.657, 13.658, 13.659, 13.66, 13.661, 13.662, 13.663, 13.664, 13.665, 13.666, 13.667, 13.668, 13.669, 13.67, 13.671, 13.672, 13.673, 13.674, 13.675, 13.676, 13.677, 13.678, 13.679, 13.68, 13.681, 13.682, 13.683, 13.684, 13.685, 13.686, 13.687, 13.688, 13.689, 13.69, 13.691, 13.692, 13.693, 13.694, 13.695, 13.696, 13.697, 13.698, 13.699, 13.7, 13.701, 13.702, 13.703, 13.704, 13.705, 13.706, 13.707, 13.708, 13.709, 13.71, 13.711, 13.712, 13.713, 13.714, 13.715, 13.716, 13.717, 13.718, 13.719, 13.72, 13.721, 13.722, 13.723, 13.724, 13.725, 13.726, 13.727, 13.728, 13.729, 13.73, 13.731, 13.732, 13.733, 13.734, 13.735, 13.736, 13.737, 13.738, 13.739, 13.74, 13.741, 13.742, 13.743, 13.744, 13.745, 13.746, 13.747, 13.748, 13.749, 13.75, 13.751, 13.752, 13.753, 13.754, 13.755, 13.756, 13.757, 13.758, 13.759, 13.76, 13.761, 13.762, 13.763, 13.764, 13.765, 13.766, 13.767, 13.768, 13.769, 13.77, 13.771, 13.772, 13.773, 13.774, 13.775, 13.776, 13.777, 13.778, 13.779, 13.78, 13.781, 13.782, 13.783, 13.784, 13.785, 13.786, 13.787, 13.788, 13.789, 13.79, 13.791, 13.792, 13.793, 13.794, 13.795, 13.796, 13.797, 13.798, 13.799, 13.8, 13.806, 13.812, 13.826, 13.859, 13.872, 13.88, 13.904, 13.977, 13.997, 14.023, 14.025, 14.033, 14.042, 14.055, 14.092, 14.096, 14.121, 14.137, 14.148, 14.149, 14.156, 14.229, 14.233, 14.275, 15.349]
---
Round: 46, Unk. prob.: 8.490e-03
Surv probs: 9.915e-01, Fail probs: 1.000e-05
No. of non-dominant rules: 8649, Survival rules: 8613, Failure rules: 36
Batch update: 191 rules added, 0 existing rules removed (0 new rules dominated)
Survival: 191 rules added, 0 removed (from 191 candidates)
Batch update: 1 rules added, 0 existing rules removed (0 new rules dominated)
Failure: 1 rules added, 0 removed (from 1 candidates)
Updated sys_vals: [12.787, 12.818, 12.851, 12.989, 13.024, 13.046, 13.139, 13.15, 13.151, 13.19, 13.203, 13.218, 13.226, 13.228, 13.233, 13.236, 13.241, 13.252, 13.264, 13.28, 13.288, 13.294, 13.295, 13.304, 13.306, 13.314, 13.325, 13.33, 13.345, 13.356, 13.362, 13.363, 13.366, 13.369, 13.372, 13.376, 13.377, 13.38, 13.381, 13.39, 13.392, 13.396, 13.401, 13.402, 13.403, 13.405, 13.407, 13.408, 13.414, 13.415, 13.423, 13.426, 13.429, 13.43, 13.432, 13.433, 13.437, 13.45, 13.453, 13.456, 13.459, 13.463, 13.469, 13.472, 13.48, 13.483, 13.487, 13.488, 13.49, 13.497, 13.498, 13.507, 13.508, 13.518, 13.519, 13.522, 13.525, 13.528, 13.529, 13.532, 13.537, 13.538, 13.539, 13.542, 13.545, 13.548, 13.549, 13.55, 13.553, 13.554, 13.555, 13.556, 13.557, 13.558, 13.56, 13.561, 13.564, 13.565, 13.569, 13.57, 13.571, 13.572, 13.573, 13.574, 13.575, 13.577, 13.579, 13.582, 13.583, 13.584, 13.585, 13.586, 13.587, 13.588, 13.589, 13.591, 13.594, 13.596, 13.597, 13.598, 13.599, 13.602, 13.603, 13.604, 13.605, 13.606, 13.607, 13.608, 13.609, 13.61, 13.611, 13.612, 13.613, 13.614, 13.615, 13.616, 13.617, 13.618, 13.619, 13.62, 13.621, 13.623, 13.624, 13.625, 13.626, 13.627, 13.628, 13.629, 13.63, 13.631, 13.632, 13.633, 13.634, 13.635, 13.636, 13.637, 13.638, 13.639, 13.64, 13.641, 13.642, 13.644, 13.645, 13.646, 13.648, 13.649, 13.65, 13.651, 13.652, 13.653, 13.654, 13.655, 13.656, 13.657, 13.658, 13.659, 13.66, 13.661, 13.662, 13.663, 13.664, 13.665, 13.666, 13.667, 13.668, 13.669, 13.67, 13.671, 13.672, 13.673, 13.674, 13.675, 13.676, 13.677, 13.678, 13.679, 13.68, 13.681, 13.682, 13.683, 13.684, 13.685, 13.686, 13.687, 13.688, 13.689, 13.69, 13.691, 13.692, 13.693, 13.694, 13.695, 13.696, 13.697, 13.698, 13.699, 13.7, 13.701, 13.702, 13.703, 13.704, 13.705, 13.706, 13.707, 13.708, 13.709, 13.71, 13.711, 13.712, 13.713, 13.714, 13.715, 13.716, 13.717, 13.718, 13.719, 13.72, 13.721, 13.722, 13.723, 13.724, 13.725, 13.726, 13.727, 13.728, 13.729, 13.73, 13.731, 13.732, 13.733, 13.734, 13.735, 13.736, 13.737, 13.738, 13.739, 13.74, 13.741, 13.742, 13.743, 13.744, 13.745, 13.746, 13.747, 13.748, 13.749, 13.75, 13.751, 13.752, 13.753, 13.754, 13.755, 13.756, 13.757, 13.758, 13.759, 13.76, 13.761, 13.762, 13.763, 13.764, 13.765, 13.766, 13.767, 13.768, 13.769, 13.77, 13.771, 13.772, 13.773, 13.774, 13.775, 13.776, 13.777, 13.778, 13.779, 13.78, 13.781, 13.782, 13.783, 13.784, 13.785, 13.786, 13.787, 13.788, 13.789, 13.79, 13.791, 13.792, 13.793, 13.794, 13.795, 13.796, 13.797, 13.798, 13.799, 13.8, 13.806, 13.812, 13.826, 13.859, 13.872, 13.88, 13.904, 13.977, 13.997, 14.009, 14.023, 14.025, 14.033, 14.042, 14.055, 14.092, 14.096, 14.121, 14.137, 14.148, 14.149, 14.156, 14.229, 14.233, 14.275, 15.349]
---
Round: 47, Unk. prob.: 8.000e-03
Surv probs: 9.920e-01, Fail probs: 2.000e-05
No. of non-dominant rules: 8841, Survival rules: 8804, Failure rules: 37
Batch update: 192 rules added, 0 existing rules removed (0 new rules dominated)
Survival: 192 rules added, 0 removed (from 192 candidates)
Updated sys_vals: [12.787, 12.818, 12.851, 12.989, 13.024, 13.046, 13.081, 13.139, 13.15, 13.151, 13.19, 13.203, 13.218, 13.226, 13.228, 13.233, 13.236, 13.241, 13.252, 13.264, 13.28, 13.288, 13.294, 13.295, 13.304, 13.306, 13.314, 13.325, 13.33, 13.345, 13.356, 13.362, 13.363, 13.366, 13.369, 13.372, 13.376, 13.377, 13.38, 13.381, 13.39, 13.392, 13.396, 13.401, 13.402, 13.403, 13.405, 13.407, 13.408, 13.414, 13.415, 13.423, 13.426, 13.429, 13.43, 13.432, 13.433, 13.437, 13.45, 13.453, 13.456, 13.459, 13.463, 13.469, 13.472, 13.48, 13.483, 13.487, 13.488, 13.49, 13.497, 13.498, 13.507, 13.508, 13.518, 13.519, 13.522, 13.525, 13.528, 13.529, 13.532, 13.537, 13.538, 13.539, 13.542, 13.545, 13.548, 13.549, 13.55, 13.553, 13.554, 13.555, 13.556, 13.557, 13.558, 13.56, 13.561, 13.564, 13.565, 13.569, 13.57, 13.571, 13.572, 13.573, 13.574, 13.575, 13.577, 13.579, 13.582, 13.583, 13.584, 13.585, 13.586, 13.587, 13.588, 13.589, 13.591, 13.594, 13.596, 13.597, 13.598, 13.599, 13.602, 13.603, 13.604, 13.605, 13.606, 13.607, 13.608, 13.609, 13.61, 13.611, 13.612, 13.613, 13.614, 13.615, 13.616, 13.617, 13.618, 13.619, 13.62, 13.621, 13.623, 13.624, 13.625, 13.626, 13.627, 13.628, 13.629, 13.63, 13.631, 13.632, 13.633, 13.634, 13.635, 13.636, 13.637, 13.638, 13.639, 13.64, 13.641, 13.642, 13.644, 13.645, 13.646, 13.648, 13.649, 13.65, 13.651, 13.652, 13.653, 13.654, 13.655, 13.656, 13.657, 13.658, 13.659, 13.66, 13.661, 13.662, 13.663, 13.664, 13.665, 13.666, 13.667, 13.668, 13.669, 13.67, 13.671, 13.672, 13.673, 13.674, 13.675, 13.676, 13.677, 13.678, 13.679, 13.68, 13.681, 13.682, 13.683, 13.684, 13.685, 13.686, 13.687, 13.688, 13.689, 13.69, 13.691, 13.692, 13.693, 13.694, 13.695, 13.696, 13.697, 13.698, 13.699, 13.7, 13.701, 13.702, 13.703, 13.704, 13.705, 13.706, 13.707, 13.708, 13.709, 13.71, 13.711, 13.712, 13.713, 13.714, 13.715, 13.716, 13.717, 13.718, 13.719, 13.72, 13.721, 13.722, 13.723, 13.724, 13.725, 13.726, 13.727, 13.728, 13.729, 13.73, 13.731, 13.732, 13.733, 13.734, 13.735, 13.736, 13.737, 13.738, 13.739, 13.74, 13.741, 13.742, 13.743, 13.744, 13.745, 13.746, 13.747, 13.748, 13.749, 13.75, 13.751, 13.752, 13.753, 13.754, 13.755, 13.756, 13.757, 13.758, 13.759, 13.76, 13.761, 13.762, 13.763, 13.764, 13.765, 13.766, 13.767, 13.768, 13.769, 13.77, 13.771, 13.772, 13.773, 13.774, 13.775, 13.776, 13.777, 13.778, 13.779, 13.78, 13.781, 13.782, 13.783, 13.784, 13.785, 13.786, 13.787, 13.788, 13.789, 13.79, 13.791, 13.792, 13.793, 13.794, 13.795, 13.796, 13.797, 13.798, 13.799, 13.8, 13.806, 13.812, 13.826, 13.859, 13.872, 13.88, 13.904, 13.977, 13.997, 14.009, 14.023, 14.025, 14.033, 14.042, 14.055, 14.092, 14.096, 14.121, 14.137, 14.148, 14.149, 14.156, 14.229, 14.233, 14.275, 15.349]
---
Round: 48, Unk. prob.: 8.280e-03
Surv probs: 9.917e-01, Fail probs: 1.000e-05
No. of non-dominant rules: 9033, Survival rules: 8996, Failure rules: 37
Batch update: 191 rules added, 0 existing rules removed (0 new rules dominated)
Survival: 191 rules added, 0 removed (from 191 candidates)
Batch update: 1 rules added, 0 existing rules removed (0 new rules dominated)
Failure: 1 rules added, 0 removed (from 1 candidates)
Updated sys_vals: [12.787, 12.818, 12.851, 12.989, 13.024, 13.046, 13.081, 13.139, 13.15, 13.151, 13.19, 13.203, 13.218, 13.226, 13.228, 13.233, 13.236, 13.241, 13.252, 13.264, 13.28, 13.288, 13.294, 13.295, 13.304, 13.306, 13.314, 13.325, 13.33, 13.345, 13.356, 13.362, 13.363, 13.366, 13.369, 13.372, 13.376, 13.377, 13.38, 13.381, 13.39, 13.392, 13.396, 13.401, 13.402, 13.403, 13.405, 13.407, 13.408, 13.414, 13.415, 13.423, 13.426, 13.429, 13.43, 13.432, 13.433, 13.437, 13.45, 13.453, 13.456, 13.459, 13.463, 13.469, 13.472, 13.48, 13.483, 13.487, 13.488, 13.49, 13.497, 13.498, 13.507, 13.508, 13.518, 13.519, 13.522, 13.525, 13.528, 13.529, 13.532, 13.537, 13.538, 13.539, 13.542, 13.545, 13.548, 13.549, 13.55, 13.553, 13.554, 13.555, 13.556, 13.557, 13.558, 13.56, 13.561, 13.564, 13.565, 13.569, 13.57, 13.571, 13.572, 13.573, 13.574, 13.575, 13.577, 13.579, 13.582, 13.583, 13.584, 13.585, 13.586, 13.587, 13.588, 13.589, 13.591, 13.594, 13.596, 13.597, 13.598, 13.599, 13.602, 13.603, 13.604, 13.605, 13.606, 13.607, 13.608, 13.609, 13.61, 13.611, 13.612, 13.613, 13.614, 13.615, 13.616, 13.617, 13.618, 13.619, 13.62, 13.621, 13.623, 13.624, 13.625, 13.626, 13.627, 13.628, 13.629, 13.63, 13.631, 13.632, 13.633, 13.634, 13.635, 13.636, 13.637, 13.638, 13.639, 13.64, 13.641, 13.642, 13.644, 13.645, 13.646, 13.648, 13.649, 13.65, 13.651, 13.652, 13.653, 13.654, 13.655, 13.656, 13.657, 13.658, 13.659, 13.66, 13.661, 13.662, 13.663, 13.664, 13.665, 13.666, 13.667, 13.668, 13.669, 13.67, 13.671, 13.672, 13.673, 13.674, 13.675, 13.676, 13.677, 13.678, 13.679, 13.68, 13.681, 13.682, 13.683, 13.684, 13.685, 13.686, 13.687, 13.688, 13.689, 13.69, 13.691, 13.692, 13.693, 13.694, 13.695, 13.696, 13.697, 13.698, 13.699, 13.7, 13.701, 13.702, 13.703, 13.704, 13.705, 13.706, 13.707, 13.708, 13.709, 13.71, 13.711, 13.712, 13.713, 13.714, 13.715, 13.716, 13.717, 13.718, 13.719, 13.72, 13.721, 13.722, 13.723, 13.724, 13.725, 13.726, 13.727, 13.728, 13.729, 13.73, 13.731, 13.732, 13.733, 13.734, 13.735, 13.736, 13.737, 13.738, 13.739, 13.74, 13.741, 13.742, 13.743, 13.744, 13.745, 13.746, 13.747, 13.748, 13.749, 13.75, 13.751, 13.752, 13.753, 13.754, 13.755, 13.756, 13.757, 13.758, 13.759, 13.76, 13.761, 13.762, 13.763, 13.764, 13.765, 13.766, 13.767, 13.768, 13.769, 13.77, 13.771, 13.772, 13.773, 13.774, 13.775, 13.776, 13.777, 13.778, 13.779, 13.78, 13.781, 13.782, 13.783, 13.784, 13.785, 13.786, 13.787, 13.788, 13.789, 13.79, 13.791, 13.792, 13.793, 13.794, 13.795, 13.796, 13.797, 13.798, 13.799, 13.8, 13.806, 13.812, 13.826, 13.859, 13.872, 13.876, 13.88, 13.904, 13.977, 13.997, 14.009, 14.023, 14.025, 14.033, 14.042, 14.055, 14.092, 14.096, 14.121, 14.137, 14.148, 14.149, 14.156, 14.229, 14.233, 14.275, 15.349]
---
Round: 49, Unk. prob.: 7.710e-03
Surv probs: 9.923e-01, Fail probs: 1.000e-05
No. of non-dominant rules: 9225, Survival rules: 9187, Failure rules: 38
Batch update: 190 rules added, 0 existing rules removed (0 new rules dominated)
Survival: 190 rules added, 0 removed (from 190 candidates)
Batch update: 2 rules added, 0 existing rules removed (0 new rules dominated)
Failure: 2 rules added, 0 removed (from 2 candidates)
Updated sys_vals: [12.787, 12.818, 12.851, 12.989, 13.024, 13.046, 13.081, 13.139, 13.15, 13.151, 13.19, 13.203, 13.218, 13.226, 13.228, 13.233, 13.236, 13.241, 13.252, 13.264, 13.28, 13.288, 13.294, 13.295, 13.304, 13.306, 13.314, 13.325, 13.33, 13.345, 13.356, 13.362, 13.363, 13.366, 13.369, 13.372, 13.376, 13.377, 13.38, 13.381, 13.39, 13.392, 13.396, 13.401, 13.402, 13.403, 13.405, 13.407, 13.408, 13.414, 13.415, 13.423, 13.426, 13.429, 13.43, 13.432, 13.433, 13.437, 13.45, 13.453, 13.456, 13.459, 13.463, 13.469, 13.472, 13.48, 13.483, 13.487, 13.488, 13.49, 13.497, 13.498, 13.507, 13.508, 13.518, 13.519, 13.522, 13.525, 13.528, 13.529, 13.532, 13.535, 13.537, 13.538, 13.539, 13.542, 13.545, 13.548, 13.549, 13.55, 13.553, 13.554, 13.555, 13.556, 13.557, 13.558, 13.56, 13.561, 13.564, 13.565, 13.569, 13.57, 13.571, 13.572, 13.573, 13.574, 13.575, 13.577, 13.579, 13.582, 13.583, 13.584, 13.585, 13.586, 13.587, 13.588, 13.589, 13.591, 13.594, 13.596, 13.597, 13.598, 13.599, 13.602, 13.603, 13.604, 13.605, 13.606, 13.607, 13.608, 13.609, 13.61, 13.611, 13.612, 13.613, 13.614, 13.615, 13.616, 13.617, 13.618, 13.619, 13.62, 13.621, 13.623, 13.624, 13.625, 13.626, 13.627, 13.628, 13.629, 13.63, 13.631, 13.632, 13.633, 13.634, 13.635, 13.636, 13.637, 13.638, 13.639, 13.64, 13.641, 13.642, 13.644, 13.645, 13.646, 13.647, 13.648, 13.649, 13.65, 13.651, 13.652, 13.653, 13.654, 13.655, 13.656, 13.657, 13.658, 13.659, 13.66, 13.661, 13.662, 13.663, 13.664, 13.665, 13.666, 13.667, 13.668, 13.669, 13.67, 13.671, 13.672, 13.673, 13.674, 13.675, 13.676, 13.677, 13.678, 13.679, 13.68, 13.681, 13.682, 13.683, 13.684, 13.685, 13.686, 13.687, 13.688, 13.689, 13.69, 13.691, 13.692, 13.693, 13.694, 13.695, 13.696, 13.697, 13.698, 13.699, 13.7, 13.701, 13.702, 13.703, 13.704, 13.705, 13.706, 13.707, 13.708, 13.709, 13.71, 13.711, 13.712, 13.713, 13.714, 13.715, 13.716, 13.717, 13.718, 13.719, 13.72, 13.721, 13.722, 13.723, 13.724, 13.725, 13.726, 13.727, 13.728, 13.729, 13.73, 13.731, 13.732, 13.733, 13.734, 13.735, 13.736, 13.737, 13.738, 13.739, 13.74, 13.741, 13.742, 13.743, 13.744, 13.745, 13.746, 13.747, 13.748, 13.749, 13.75, 13.751, 13.752, 13.753, 13.754, 13.755, 13.756, 13.757, 13.758, 13.759, 13.76, 13.761, 13.762, 13.763, 13.764, 13.765, 13.766, 13.767, 13.768, 13.769, 13.77, 13.771, 13.772, 13.773, 13.774, 13.775, 13.776, 13.777, 13.778, 13.779, 13.78, 13.781, 13.782, 13.783, 13.784, 13.785, 13.786, 13.787, 13.788, 13.789, 13.79, 13.791, 13.792, 13.793, 13.794, 13.795, 13.796, 13.797, 13.798, 13.799, 13.8, 13.806, 13.812, 13.826, 13.859, 13.872, 13.876, 13.88, 13.904, 13.977, 13.997, 14.009, 14.023, 14.025, 14.033, 14.042, 14.055, 14.092, 14.096, 14.121, 14.137, 14.148, 14.149, 14.156, 14.229, 14.233, 14.275, 14.598, 15.349]
---
Round: 50, Unk. prob.: 7.310e-03
Surv probs: 9.927e-01, Fail probs: 4.000e-05
No. of non-dominant rules: 9417, Survival rules: 9377, Failure rules: 40
Batch update: 191 rules added, 0 existing rules removed (0 new rules dominated)
Survival: 191 rules added, 0 removed (from 191 candidates)
Batch update: 1 rules added, 0 existing rules removed (0 new rules dominated)
Failure: 1 rules added, 0 removed (from 1 candidates)
Updated sys_vals: [12.787, 12.818, 12.851, 12.989, 13.024, 13.046, 13.081, 13.139, 13.15, 13.151, 13.19, 13.203, 13.218, 13.226, 13.228, 13.233, 13.236, 13.241, 13.252, 13.264, 13.28, 13.288, 13.294, 13.295, 13.304, 13.306, 13.314, 13.325, 13.33, 13.345, 13.356, 13.362, 13.363, 13.366, 13.369, 13.372, 13.376, 13.377, 13.38, 13.381, 13.39, 13.392, 13.396, 13.401, 13.402, 13.403, 13.405, 13.407, 13.408, 13.414, 13.415, 13.423, 13.426, 13.429, 13.43, 13.432, 13.433, 13.437, 13.45, 13.453, 13.456, 13.459, 13.463, 13.469, 13.472, 13.48, 13.483, 13.487, 13.488, 13.49, 13.497, 13.498, 13.507, 13.508, 13.518, 13.519, 13.522, 13.525, 13.528, 13.529, 13.532, 13.535, 13.537, 13.538, 13.539, 13.542, 13.545, 13.548, 13.549, 13.55, 13.553, 13.554, 13.555, 13.556, 13.557, 13.558, 13.56, 13.561, 13.564, 13.565, 13.568, 13.569, 13.57, 13.571, 13.572, 13.573, 13.574, 13.575, 13.577, 13.579, 13.582, 13.583, 13.584, 13.585, 13.586, 13.587, 13.588, 13.589, 13.591, 13.594, 13.596, 13.597, 13.598, 13.599, 13.602, 13.603, 13.604, 13.605, 13.606, 13.607, 13.608, 13.609, 13.61, 13.611, 13.612, 13.613, 13.614, 13.615, 13.616, 13.617, 13.618, 13.619, 13.62, 13.621, 13.623, 13.624, 13.625, 13.626, 13.627, 13.628, 13.629, 13.63, 13.631, 13.632, 13.633, 13.634, 13.635, 13.636, 13.637, 13.638, 13.639, 13.64, 13.641, 13.642, 13.644, 13.645, 13.646, 13.647, 13.648, 13.649, 13.65, 13.651, 13.652, 13.653, 13.654, 13.655, 13.656, 13.657, 13.658, 13.659, 13.66, 13.661, 13.662, 13.663, 13.664, 13.665, 13.666, 13.667, 13.668, 13.669, 13.67, 13.671, 13.672, 13.673, 13.674, 13.675, 13.676, 13.677, 13.678, 13.679, 13.68, 13.681, 13.682, 13.683, 13.684, 13.685, 13.686, 13.687, 13.688, 13.689, 13.69, 13.691, 13.692, 13.693, 13.694, 13.695, 13.696, 13.697, 13.698, 13.699, 13.7, 13.701, 13.702, 13.703, 13.704, 13.705, 13.706, 13.707, 13.708, 13.709, 13.71, 13.711, 13.712, 13.713, 13.714, 13.715, 13.716, 13.717, 13.718, 13.719, 13.72, 13.721, 13.722, 13.723, 13.724, 13.725, 13.726, 13.727, 13.728, 13.729, 13.73, 13.731, 13.732, 13.733, 13.734, 13.735, 13.736, 13.737, 13.738, 13.739, 13.74, 13.741, 13.742, 13.743, 13.744, 13.745, 13.746, 13.747, 13.748, 13.749, 13.75, 13.751, 13.752, 13.753, 13.754, 13.755, 13.756, 13.757, 13.758, 13.759, 13.76, 13.761, 13.762, 13.763, 13.764, 13.765, 13.766, 13.767, 13.768, 13.769, 13.77, 13.771, 13.772, 13.773, 13.774, 13.775, 13.776, 13.777, 13.778, 13.779, 13.78, 13.781, 13.782, 13.783, 13.784, 13.785, 13.786, 13.787, 13.788, 13.789, 13.79, 13.791, 13.792, 13.793, 13.794, 13.795, 13.796, 13.797, 13.798, 13.799, 13.8, 13.806, 13.812, 13.826, 13.85, 13.859, 13.872, 13.876, 13.88, 13.904, 13.977, 13.997, 14.009, 14.023, 14.025, 14.033, 14.042, 14.055, 14.092, 14.096, 14.121, 14.137, 14.148, 14.149, 14.156, 14.229, 14.233, 14.275, 14.598, 15.349]
---
Round: 51, Unk. prob.: 7.630e-03
Surv probs: 9.923e-01, Fail probs: 2.000e-05
No. of non-dominant rules: 9609, Survival rules: 9568, Failure rules: 41
Batch update: 191 rules added, 0 existing rules removed (0 new rules dominated)
Survival: 191 rules added, 0 removed (from 191 candidates)
Batch update: 1 rules added, 0 existing rules removed (0 new rules dominated)
Failure: 1 rules added, 0 removed (from 1 candidates)
Updated sys_vals: [12.787, 12.818, 12.851, 12.989, 13.024, 13.046, 13.081, 13.139, 13.15, 13.151, 13.19, 13.203, 13.218, 13.226, 13.228, 13.233, 13.236, 13.241, 13.252, 13.264, 13.28, 13.288, 13.294, 13.295, 13.304, 13.306, 13.314, 13.325, 13.33, 13.345, 13.356, 13.362, 13.363, 13.366, 13.369, 13.372, 13.376, 13.377, 13.38, 13.381, 13.39, 13.392, 13.396, 13.401, 13.402, 13.403, 13.405, 13.407, 13.408, 13.414, 13.415, 13.423, 13.426, 13.429, 13.43, 13.432, 13.433, 13.437, 13.45, 13.453, 13.456, 13.459, 13.463, 13.469, 13.472, 13.48, 13.483, 13.487, 13.488, 13.49, 13.497, 13.498, 13.507, 13.508, 13.518, 13.519, 13.522, 13.525, 13.528, 13.529, 13.532, 13.535, 13.537, 13.538, 13.539, 13.542, 13.545, 13.548, 13.549, 13.55, 13.553, 13.554, 13.555, 13.556, 13.557, 13.558, 13.56, 13.561, 13.564, 13.565, 13.568, 13.569, 13.57, 13.571, 13.572, 13.573, 13.574, 13.575, 13.577, 13.579, 13.582, 13.583, 13.584, 13.585, 13.586, 13.587, 13.588, 13.589, 13.591, 13.594, 13.596, 13.597, 13.598, 13.599, 13.602, 13.603, 13.604, 13.605, 13.606, 13.607, 13.608, 13.609, 13.61, 13.611, 13.612, 13.613, 13.614, 13.615, 13.616, 13.617, 13.618, 13.619, 13.62, 13.621, 13.623, 13.624, 13.625, 13.626, 13.627, 13.628, 13.629, 13.63, 13.631, 13.632, 13.633, 13.634, 13.635, 13.636, 13.637, 13.638, 13.639, 13.64, 13.641, 13.642, 13.644, 13.645, 13.646, 13.647, 13.648, 13.649, 13.65, 13.651, 13.652, 13.653, 13.654, 13.655, 13.656, 13.657, 13.658, 13.659, 13.66, 13.661, 13.662, 13.663, 13.664, 13.665, 13.666, 13.667, 13.668, 13.669, 13.67, 13.671, 13.672, 13.673, 13.674, 13.675, 13.676, 13.677, 13.678, 13.679, 13.68, 13.681, 13.682, 13.683, 13.684, 13.685, 13.686, 13.687, 13.688, 13.689, 13.69, 13.691, 13.692, 13.693, 13.694, 13.695, 13.696, 13.697, 13.698, 13.699, 13.7, 13.701, 13.702, 13.703, 13.704, 13.705, 13.706, 13.707, 13.708, 13.709, 13.71, 13.711, 13.712, 13.713, 13.714, 13.715, 13.716, 13.717, 13.718, 13.719, 13.72, 13.721, 13.722, 13.723, 13.724, 13.725, 13.726, 13.727, 13.728, 13.729, 13.73, 13.731, 13.732, 13.733, 13.734, 13.735, 13.736, 13.737, 13.738, 13.739, 13.74, 13.741, 13.742, 13.743, 13.744, 13.745, 13.746, 13.747, 13.748, 13.749, 13.75, 13.751, 13.752, 13.753, 13.754, 13.755, 13.756, 13.757, 13.758, 13.759, 13.76, 13.761, 13.762, 13.763, 13.764, 13.765, 13.766, 13.767, 13.768, 13.769, 13.77, 13.771, 13.772, 13.773, 13.774, 13.775, 13.776, 13.777, 13.778, 13.779, 13.78, 13.781, 13.782, 13.783, 13.784, 13.785, 13.786, 13.787, 13.788, 13.789, 13.79, 13.791, 13.792, 13.793, 13.794, 13.795, 13.796, 13.797, 13.798, 13.799, 13.8, 13.806, 13.812, 13.826, 13.85, 13.859, 13.872, 13.876, 13.88, 13.904, 13.977, 13.997, 14.009, 14.023, 14.025, 14.033, 14.042, 14.055, 14.092, 14.096, 14.121, 14.137, 14.148, 14.149, 14.156, 14.229, 14.233, 14.275, 14.561, 14.598, 15.349]
---
Round: 52, Unk. prob.: 7.230e-03
Surv probs: 9.928e-01, Fail probs: 0.000e+00
No. of non-dominant rules: 9801, Survival rules: 9759, Failure rules: 42
Batch update: 190 rules added, 0 existing rules removed (0 new rules dominated)
Survival: 190 rules added, 0 removed (from 190 candidates)
Batch update: 2 rules added, 0 existing rules removed (0 new rules dominated)
Failure: 2 rules added, 0 removed (from 2 candidates)
Updated sys_vals: [12.787, 12.818, 12.851, 12.989, 13.024, 13.046, 13.081, 13.139, 13.15, 13.151, 13.19, 13.203, 13.218, 13.226, 13.228, 13.233, 13.236, 13.241, 13.252, 13.264, 13.28, 13.288, 13.294, 13.295, 13.304, 13.306, 13.314, 13.325, 13.33, 13.345, 13.356, 13.362, 13.363, 13.366, 13.367, 13.369, 13.372, 13.376, 13.377, 13.38, 13.381, 13.39, 13.392, 13.396, 13.401, 13.402, 13.403, 13.405, 13.407, 13.408, 13.409, 13.414, 13.415, 13.423, 13.426, 13.429, 13.43, 13.432, 13.433, 13.437, 13.45, 13.453, 13.456, 13.459, 13.463, 13.469, 13.472, 13.48, 13.483, 13.487, 13.488, 13.49, 13.497, 13.498, 13.507, 13.508, 13.518, 13.519, 13.522, 13.525, 13.528, 13.529, 13.532, 13.535, 13.537, 13.538, 13.539, 13.542, 13.545, 13.548, 13.549, 13.55, 13.553, 13.554, 13.555, 13.556, 13.557, 13.558, 13.56, 13.561, 13.564, 13.565, 13.568, 13.569, 13.57, 13.571, 13.572, 13.573, 13.574, 13.575, 13.577, 13.579, 13.582, 13.583, 13.584, 13.585, 13.586, 13.587, 13.588, 13.589, 13.591, 13.593, 13.594, 13.596, 13.597, 13.598, 13.599, 13.601, 13.602, 13.603, 13.604, 13.605, 13.606, 13.607, 13.608, 13.609, 13.61, 13.611, 13.612, 13.613, 13.614, 13.615, 13.616, 13.617, 13.618, 13.619, 13.62, 13.621, 13.623, 13.624, 13.625, 13.626, 13.627, 13.628, 13.629, 13.63, 13.631, 13.632, 13.633, 13.634, 13.635, 13.636, 13.637, 13.638, 13.639, 13.64, 13.641, 13.642, 13.644, 13.645, 13.646, 13.647, 13.648, 13.649, 13.65, 13.651, 13.652, 13.653, 13.654, 13.655, 13.656, 13.657, 13.658, 13.659, 13.66, 13.661, 13.662, 13.663, 13.664, 13.665, 13.666, 13.667, 13.668, 13.669, 13.67, 13.671, 13.672, 13.673, 13.674, 13.675, 13.676, 13.677, 13.678, 13.679, 13.68, 13.681, 13.682, 13.683, 13.684, 13.685, 13.686, 13.687, 13.688, 13.689, 13.69, 13.691, 13.692, 13.693, 13.694, 13.695, 13.696, 13.697, 13.698, 13.699, 13.7, 13.701, 13.702, 13.703, 13.704, 13.705, 13.706, 13.707, 13.708, 13.709, 13.71, 13.711, 13.712, 13.713, 13.714, 13.715, 13.716, 13.717, 13.718, 13.719, 13.72, 13.721, 13.722, 13.723, 13.724, 13.725, 13.726, 13.727, 13.728, 13.729, 13.73, 13.731, 13.732, 13.733, 13.734, 13.735, 13.736, 13.737, 13.738, 13.739, 13.74, 13.741, 13.742, 13.743, 13.744, 13.745, 13.746, 13.747, 13.748, 13.749, 13.75, 13.751, 13.752, 13.753, 13.754, 13.755, 13.756, 13.757, 13.758, 13.759, 13.76, 13.761, 13.762, 13.763, 13.764, 13.765, 13.766, 13.767, 13.768, 13.769, 13.77, 13.771, 13.772, 13.773, 13.774, 13.775, 13.776, 13.777, 13.778, 13.779, 13.78, 13.781, 13.782, 13.783, 13.784, 13.785, 13.786, 13.787, 13.788, 13.789, 13.79, 13.791, 13.792, 13.793, 13.794, 13.795, 13.796, 13.797, 13.798, 13.799, 13.8, 13.806, 13.812, 13.826, 13.85, 13.859, 13.872, 13.876, 13.88, 13.892, 13.904, 13.977, 13.997, 14.009, 14.023, 14.025, 14.033, 14.042, 14.055, 14.092, 14.096, 14.109, 14.121, 14.137, 14.148, 14.149, 14.156, 14.229, 14.233, 14.275, 14.561, 14.598, 15.349]
---
Round: 53, Unk. prob.: 7.300e-03
Surv probs: 9.927e-01, Fail probs: 1.000e-05
No. of non-dominant rules: 9993, Survival rules: 9949, Failure rules: 44
Batch update: 189 rules added, 0 existing rules removed (0 new rules dominated)
Survival: 189 rules added, 0 removed (from 189 candidates)
Batch update: 3 rules added, 0 existing rules removed (0 new rules dominated)
Failure: 3 rules added, 0 removed (from 3 candidates)
Updated sys_vals: [12.787, 12.818, 12.851, 12.989, 13.024, 13.046, 13.081, 13.139, 13.15, 13.151, 13.19, 13.203, 13.218, 13.226, 13.228, 13.233, 13.236, 13.241, 13.252, 13.264, 13.28, 13.288, 13.294, 13.295, 13.304, 13.306, 13.314, 13.325, 13.33, 13.345, 13.356, 13.362, 13.363, 13.366, 13.367, 13.369, 13.372, 13.376, 13.377, 13.38, 13.381, 13.39, 13.392, 13.396, 13.401, 13.402, 13.403, 13.405, 13.407, 13.408, 13.409, 13.414, 13.415, 13.421, 13.423, 13.426, 13.429, 13.43, 13.432, 13.433, 13.437, 13.45, 13.453, 13.456, 13.459, 13.463, 13.469, 13.472, 13.48, 13.483, 13.487, 13.488, 13.49, 13.497, 13.498, 13.507, 13.508, 13.518, 13.519, 13.522, 13.525, 13.528, 13.529, 13.53, 13.532, 13.535, 13.537, 13.538, 13.539, 13.542, 13.545, 13.548, 13.549, 13.55, 13.553, 13.554, 13.555, 13.556, 13.557, 13.558, 13.56, 13.561, 13.564, 13.565, 13.568, 13.569, 13.57, 13.571, 13.572, 13.573, 13.574, 13.575, 13.577, 13.579, 13.582, 13.583, 13.584, 13.585, 13.586, 13.587, 13.588, 13.589, 13.591, 13.593, 13.594, 13.596, 13.597, 13.598, 13.599, 13.601, 13.602, 13.603, 13.604, 13.605, 13.606, 13.607, 13.608, 13.609, 13.61, 13.611, 13.612, 13.613, 13.614, 13.615, 13.616, 13.617, 13.618, 13.619, 13.62, 13.621, 13.623, 13.624, 13.625, 13.626, 13.627, 13.628, 13.629, 13.63, 13.631, 13.632, 13.633, 13.634, 13.635, 13.636, 13.637, 13.638, 13.639, 13.64, 13.641, 13.642, 13.644, 13.645, 13.646, 13.647, 13.648, 13.649, 13.65, 13.651, 13.652, 13.653, 13.654, 13.655, 13.656, 13.657, 13.658, 13.659, 13.66, 13.661, 13.662, 13.663, 13.664, 13.665, 13.666, 13.667, 13.668, 13.669, 13.67, 13.671, 13.672, 13.673, 13.674, 13.675, 13.676, 13.677, 13.678, 13.679, 13.68, 13.681, 13.682, 13.683, 13.684, 13.685, 13.686, 13.687, 13.688, 13.689, 13.69, 13.691, 13.692, 13.693, 13.694, 13.695, 13.696, 13.697, 13.698, 13.699, 13.7, 13.701, 13.702, 13.703, 13.704, 13.705, 13.706, 13.707, 13.708, 13.709, 13.71, 13.711, 13.712, 13.713, 13.714, 13.715, 13.716, 13.717, 13.718, 13.719, 13.72, 13.721, 13.722, 13.723, 13.724, 13.725, 13.726, 13.727, 13.728, 13.729, 13.73, 13.731, 13.732, 13.733, 13.734, 13.735, 13.736, 13.737, 13.738, 13.739, 13.74, 13.741, 13.742, 13.743, 13.744, 13.745, 13.746, 13.747, 13.748, 13.749, 13.75, 13.751, 13.752, 13.753, 13.754, 13.755, 13.756, 13.757, 13.758, 13.759, 13.76, 13.761, 13.762, 13.763, 13.764, 13.765, 13.766, 13.767, 13.768, 13.769, 13.77, 13.771, 13.772, 13.773, 13.774, 13.775, 13.776, 13.777, 13.778, 13.779, 13.78, 13.781, 13.782, 13.783, 13.784, 13.785, 13.786, 13.787, 13.788, 13.789, 13.79, 13.791, 13.792, 13.793, 13.794, 13.795, 13.796, 13.797, 13.798, 13.799, 13.8, 13.806, 13.812, 13.826, 13.85, 13.859, 13.872, 13.876, 13.88, 13.892, 13.904, 13.977, 13.997, 13.998, 14.009, 14.014, 14.023, 14.025, 14.033, 14.042, 14.055, 14.092, 14.096, 14.109, 14.121, 14.137, 14.148, 14.149, 14.156, 14.229, 14.233, 14.275, 14.485, 14.561, 14.598, 15.349]
---
Round: 54, Unk. prob.: 7.270e-03
Surv probs: 9.927e-01, Fail probs: 0.000e+00
No. of non-dominant rules: 10185, Survival rules: 10138, Failure rules: 47
Batch update: 191 rules added, 0 existing rules removed (0 new rules dominated)
Survival: 191 rules added, 0 removed (from 191 candidates)
Batch update: 1 rules added, 0 existing rules removed (0 new rules dominated)
Failure: 1 rules added, 0 removed (from 1 candidates)
Updated sys_vals: [12.787, 12.818, 12.851, 12.989, 13.024, 13.046, 13.081, 13.139, 13.15, 13.151, 13.19, 13.203, 13.218, 13.226, 13.228, 13.233, 13.236, 13.241, 13.252, 13.264, 13.28, 13.288, 13.294, 13.295, 13.304, 13.306, 13.314, 13.325, 13.33, 13.345, 13.356, 13.362, 13.363, 13.366, 13.367, 13.369, 13.372, 13.376, 13.377, 13.38, 13.381, 13.39, 13.392, 13.396, 13.401, 13.402, 13.403, 13.405, 13.407, 13.408, 13.409, 13.414, 13.415, 13.421, 13.423, 13.426, 13.429, 13.43, 13.432, 13.433, 13.437, 13.45, 13.453, 13.456, 13.459, 13.463, 13.469, 13.472, 13.48, 13.483, 13.487, 13.488, 13.49, 13.497, 13.498, 13.507, 13.508, 13.518, 13.519, 13.522, 13.525, 13.528, 13.529, 13.53, 13.532, 13.535, 13.537, 13.538, 13.539, 13.542, 13.545, 13.548, 13.549, 13.55, 13.553, 13.554, 13.555, 13.556, 13.557, 13.558, 13.56, 13.561, 13.564, 13.565, 13.568, 13.569, 13.57, 13.571, 13.572, 13.573, 13.574, 13.575, 13.577, 13.579, 13.582, 13.583, 13.584, 13.585, 13.586, 13.587, 13.588, 13.589, 13.591, 13.593, 13.594, 13.596, 13.597, 13.598, 13.599, 13.601, 13.602, 13.603, 13.604, 13.605, 13.606, 13.607, 13.608, 13.609, 13.61, 13.611, 13.612, 13.613, 13.614, 13.615, 13.616, 13.617, 13.618, 13.619, 13.62, 13.621, 13.623, 13.624, 13.625, 13.626, 13.627, 13.628, 13.629, 13.63, 13.631, 13.632, 13.633, 13.634, 13.635, 13.636, 13.637, 13.638, 13.639, 13.64, 13.641, 13.642, 13.644, 13.645, 13.646, 13.647, 13.648, 13.649, 13.65, 13.651, 13.652, 13.653, 13.654, 13.655, 13.656, 13.657, 13.658, 13.659, 13.66, 13.661, 13.662, 13.663, 13.664, 13.665, 13.666, 13.667, 13.668, 13.669, 13.67, 13.671, 13.672, 13.673, 13.674, 13.675, 13.676, 13.677, 13.678, 13.679, 13.68, 13.681, 13.682, 13.683, 13.684, 13.685, 13.686, 13.687, 13.688, 13.689, 13.69, 13.691, 13.692, 13.693, 13.694, 13.695, 13.696, 13.697, 13.698, 13.699, 13.7, 13.701, 13.702, 13.703, 13.704, 13.705, 13.706, 13.707, 13.708, 13.709, 13.71, 13.711, 13.712, 13.713, 13.714, 13.715, 13.716, 13.717, 13.718, 13.719, 13.72, 13.721, 13.722, 13.723, 13.724, 13.725, 13.726, 13.727, 13.728, 13.729, 13.73, 13.731, 13.732, 13.733, 13.734, 13.735, 13.736, 13.737, 13.738, 13.739, 13.74, 13.741, 13.742, 13.743, 13.744, 13.745, 13.746, 13.747, 13.748, 13.749, 13.75, 13.751, 13.752, 13.753, 13.754, 13.755, 13.756, 13.757, 13.758, 13.759, 13.76, 13.761, 13.762, 13.763, 13.764, 13.765, 13.766, 13.767, 13.768, 13.769, 13.77, 13.771, 13.772, 13.773, 13.774, 13.775, 13.776, 13.777, 13.778, 13.779, 13.78, 13.781, 13.782, 13.783, 13.784, 13.785, 13.786, 13.787, 13.788, 13.789, 13.79, 13.791, 13.792, 13.793, 13.794, 13.795, 13.796, 13.797, 13.798, 13.799, 13.8, 13.806, 13.812, 13.826, 13.837, 13.85, 13.859, 13.872, 13.876, 13.88, 13.892, 13.904, 13.977, 13.997, 13.998, 14.009, 14.014, 14.023, 14.025, 14.033, 14.042, 14.055, 14.092, 14.096, 14.109, 14.121, 14.137, 14.148, 14.149, 14.156, 14.229, 14.233, 14.275, 14.485, 14.561, 14.598, 15.349]
---
Round: 55, Unk. prob.: 7.430e-03
Surv probs: 9.926e-01, Fail probs: 0.000e+00
No. of non-dominant rules: 10377, Survival rules: 10329, Failure rules: 48
Batch update: 192 rules added, 0 existing rules removed (0 new rules dominated)
Survival: 192 rules added, 0 removed (from 192 candidates)
Updated sys_vals: [12.787, 12.818, 12.851, 12.989, 13.024, 13.046, 13.081, 13.139, 13.15, 13.151, 13.19, 13.203, 13.218, 13.226, 13.228, 13.233, 13.236, 13.241, 13.252, 13.264, 13.28, 13.288, 13.294, 13.295, 13.304, 13.306, 13.314, 13.325, 13.33, 13.345, 13.356, 13.362, 13.363, 13.366, 13.367, 13.369, 13.372, 13.376, 13.377, 13.38, 13.381, 13.39, 13.392, 13.396, 13.401, 13.402, 13.403, 13.405, 13.407, 13.408, 13.409, 13.414, 13.415, 13.421, 13.423, 13.426, 13.429, 13.43, 13.432, 13.433, 13.437, 13.45, 13.453, 13.456, 13.459, 13.463, 13.469, 13.472, 13.48, 13.483, 13.487, 13.488, 13.49, 13.497, 13.498, 13.506, 13.507, 13.508, 13.518, 13.519, 13.522, 13.525, 13.528, 13.529, 13.53, 13.532, 13.535, 13.537, 13.538, 13.539, 13.542, 13.545, 13.548, 13.549, 13.55, 13.553, 13.554, 13.555, 13.556, 13.557, 13.558, 13.56, 13.561, 13.564, 13.565, 13.568, 13.569, 13.57, 13.571, 13.572, 13.573, 13.574, 13.575, 13.577, 13.579, 13.582, 13.583, 13.584, 13.585, 13.586, 13.587, 13.588, 13.589, 13.591, 13.593, 13.594, 13.596, 13.597, 13.598, 13.599, 13.601, 13.602, 13.603, 13.604, 13.605, 13.606, 13.607, 13.608, 13.609, 13.61, 13.611, 13.612, 13.613, 13.614, 13.615, 13.616, 13.617, 13.618, 13.619, 13.62, 13.621, 13.623, 13.624, 13.625, 13.626, 13.627, 13.628, 13.629, 13.63, 13.631, 13.632, 13.633, 13.634, 13.635, 13.636, 13.637, 13.638, 13.639, 13.64, 13.641, 13.642, 13.644, 13.645, 13.646, 13.647, 13.648, 13.649, 13.65, 13.651, 13.652, 13.653, 13.654, 13.655, 13.656, 13.657, 13.658, 13.659, 13.66, 13.661, 13.662, 13.663, 13.664, 13.665, 13.666, 13.667, 13.668, 13.669, 13.67, 13.671, 13.672, 13.673, 13.674, 13.675, 13.676, 13.677, 13.678, 13.679, 13.68, 13.681, 13.682, 13.683, 13.684, 13.685, 13.686, 13.687, 13.688, 13.689, 13.69, 13.691, 13.692, 13.693, 13.694, 13.695, 13.696, 13.697, 13.698, 13.699, 13.7, 13.701, 13.702, 13.703, 13.704, 13.705, 13.706, 13.707, 13.708, 13.709, 13.71, 13.711, 13.712, 13.713, 13.714, 13.715, 13.716, 13.717, 13.718, 13.719, 13.72, 13.721, 13.722, 13.723, 13.724, 13.725, 13.726, 13.727, 13.728, 13.729, 13.73, 13.731, 13.732, 13.733, 13.734, 13.735, 13.736, 13.737, 13.738, 13.739, 13.74, 13.741, 13.742, 13.743, 13.744, 13.745, 13.746, 13.747, 13.748, 13.749, 13.75, 13.751, 13.752, 13.753, 13.754, 13.755, 13.756, 13.757, 13.758, 13.759, 13.76, 13.761, 13.762, 13.763, 13.764, 13.765, 13.766, 13.767, 13.768, 13.769, 13.77, 13.771, 13.772, 13.773, 13.774, 13.775, 13.776, 13.777, 13.778, 13.779, 13.78, 13.781, 13.782, 13.783, 13.784, 13.785, 13.786, 13.787, 13.788, 13.789, 13.79, 13.791, 13.792, 13.793, 13.794, 13.795, 13.796, 13.797, 13.798, 13.799, 13.8, 13.806, 13.812, 13.826, 13.837, 13.85, 13.859, 13.872, 13.876, 13.88, 13.892, 13.904, 13.977, 13.997, 13.998, 14.009, 14.014, 14.023, 14.025, 14.033, 14.042, 14.055, 14.092, 14.096, 14.109, 14.121, 14.137, 14.148, 14.149, 14.156, 14.229, 14.233, 14.275, 14.485, 14.561, 14.598, 15.349]
---
Round: 56, Unk. prob.: 6.890e-03
Surv probs: 9.931e-01, Fail probs: 0.000e+00
No. of non-dominant rules: 10569, Survival rules: 10521, Failure rules: 48
Batch update: 190 rules added, 0 existing rules removed (0 new rules dominated)
Survival: 190 rules added, 0 removed (from 190 candidates)
Batch update: 2 rules added, 0 existing rules removed (0 new rules dominated)
Failure: 2 rules added, 0 removed (from 2 candidates)
Updated sys_vals: [12.787, 12.818, 12.851, 12.989, 13.024, 13.046, 13.081, 13.139, 13.15, 13.151, 13.19, 13.203, 13.218, 13.226, 13.228, 13.233, 13.236, 13.241, 13.252, 13.264, 13.28, 13.288, 13.294, 13.295, 13.304, 13.306, 13.314, 13.325, 13.33, 13.345, 13.356, 13.362, 13.363, 13.366, 13.367, 13.369, 13.372, 13.376, 13.377, 13.38, 13.381, 13.39, 13.392, 13.396, 13.401, 13.402, 13.403, 13.405, 13.407, 13.408, 13.409, 13.414, 13.415, 13.421, 13.423, 13.426, 13.429, 13.43, 13.432, 13.433, 13.437, 13.45, 13.453, 13.456, 13.459, 13.463, 13.469, 13.472, 13.48, 13.483, 13.487, 13.488, 13.49, 13.497, 13.498, 13.506, 13.507, 13.508, 13.518, 13.519, 13.522, 13.525, 13.528, 13.529, 13.53, 13.532, 13.535, 13.537, 13.538, 13.539, 13.542, 13.545, 13.548, 13.549, 13.55, 13.553, 13.554, 13.555, 13.556, 13.557, 13.558, 13.56, 13.561, 13.564, 13.565, 13.568, 13.569, 13.57, 13.571, 13.572, 13.573, 13.574, 13.575, 13.577, 13.579, 13.582, 13.583, 13.584, 13.585, 13.586, 13.587, 13.588, 13.589, 13.591, 13.593, 13.594, 13.596, 13.597, 13.598, 13.599, 13.601, 13.602, 13.603, 13.604, 13.605, 13.606, 13.607, 13.608, 13.609, 13.61, 13.611, 13.612, 13.613, 13.614, 13.615, 13.616, 13.617, 13.618, 13.619, 13.62, 13.621, 13.623, 13.624, 13.625, 13.626, 13.627, 13.628, 13.629, 13.63, 13.631, 13.632, 13.633, 13.634, 13.635, 13.636, 13.637, 13.638, 13.639, 13.64, 13.641, 13.642, 13.644, 13.645, 13.646, 13.647, 13.648, 13.649, 13.65, 13.651, 13.652, 13.653, 13.654, 13.655, 13.656, 13.657, 13.658, 13.659, 13.66, 13.661, 13.662, 13.663, 13.664, 13.665, 13.666, 13.667, 13.668, 13.669, 13.67, 13.671, 13.672, 13.673, 13.674, 13.675, 13.676, 13.677, 13.678, 13.679, 13.68, 13.681, 13.682, 13.683, 13.684, 13.685, 13.686, 13.687, 13.688, 13.689, 13.69, 13.691, 13.692, 13.693, 13.694, 13.695, 13.696, 13.697, 13.698, 13.699, 13.7, 13.701, 13.702, 13.703, 13.704, 13.705, 13.706, 13.707, 13.708, 13.709, 13.71, 13.711, 13.712, 13.713, 13.714, 13.715, 13.716, 13.717, 13.718, 13.719, 13.72, 13.721, 13.722, 13.723, 13.724, 13.725, 13.726, 13.727, 13.728, 13.729, 13.73, 13.731, 13.732, 13.733, 13.734, 13.735, 13.736, 13.737, 13.738, 13.739, 13.74, 13.741, 13.742, 13.743, 13.744, 13.745, 13.746, 13.747, 13.748, 13.749, 13.75, 13.751, 13.752, 13.753, 13.754, 13.755, 13.756, 13.757, 13.758, 13.759, 13.76, 13.761, 13.762, 13.763, 13.764, 13.765, 13.766, 13.767, 13.768, 13.769, 13.77, 13.771, 13.772, 13.773, 13.774, 13.775, 13.776, 13.777, 13.778, 13.779, 13.78, 13.781, 13.782, 13.783, 13.784, 13.785, 13.786, 13.787, 13.788, 13.789, 13.79, 13.791, 13.792, 13.793, 13.794, 13.795, 13.796, 13.797, 13.798, 13.799, 13.8, 13.806, 13.812, 13.826, 13.837, 13.85, 13.859, 13.872, 13.876, 13.88, 13.892, 13.904, 13.977, 13.997, 13.998, 14.009, 14.014, 14.023, 14.025, 14.033, 14.042, 14.043, 14.055, 14.092, 14.096, 14.109, 14.121, 14.137, 14.148, 14.149, 14.156, 14.184, 14.229, 14.233, 14.275, 14.485, 14.561, 14.598, 15.349]
---
Round: 57, Unk. prob.: 7.090e-03
Surv probs: 9.929e-01, Fail probs: 2.000e-05
No. of non-dominant rules: 10761, Survival rules: 10711, Failure rules: 50
Batch update: 192 rules added, 0 existing rules removed (0 new rules dominated)
Survival: 192 rules added, 0 removed (from 192 candidates)
Updated sys_vals: [12.787, 12.818, 12.851, 12.989, 13.024, 13.046, 13.081, 13.139, 13.15, 13.151, 13.19, 13.203, 13.218, 13.226, 13.228, 13.233, 13.236, 13.241, 13.252, 13.264, 13.28, 13.288, 13.294, 13.295, 13.304, 13.306, 13.314, 13.325, 13.33, 13.345, 13.356, 13.362, 13.363, 13.366, 13.367, 13.369, 13.372, 13.376, 13.377, 13.38, 13.381, 13.39, 13.392, 13.396, 13.401, 13.402, 13.403, 13.405, 13.407, 13.408, 13.409, 13.414, 13.415, 13.421, 13.423, 13.426, 13.429, 13.43, 13.432, 13.433, 13.437, 13.45, 13.453, 13.456, 13.459, 13.463, 13.469, 13.472, 13.478, 13.48, 13.483, 13.487, 13.488, 13.49, 13.497, 13.498, 13.506, 13.507, 13.508, 13.518, 13.519, 13.522, 13.525, 13.528, 13.529, 13.53, 13.532, 13.534, 13.535, 13.537, 13.538, 13.539, 13.542, 13.545, 13.548, 13.549, 13.55, 13.553, 13.554, 13.555, 13.556, 13.557, 13.558, 13.56, 13.561, 13.564, 13.565, 13.568, 13.569, 13.57, 13.571, 13.572, 13.573, 13.574, 13.575, 13.577, 13.579, 13.582, 13.583, 13.584, 13.585, 13.586, 13.587, 13.588, 13.589, 13.591, 13.593, 13.594, 13.596, 13.597, 13.598, 13.599, 13.601, 13.602, 13.603, 13.604, 13.605, 13.606, 13.607, 13.608, 13.609, 13.61, 13.611, 13.612, 13.613, 13.614, 13.615, 13.616, 13.617, 13.618, 13.619, 13.62, 13.621, 13.623, 13.624, 13.625, 13.626, 13.627, 13.628, 13.629, 13.63, 13.631, 13.632, 13.633, 13.634, 13.635, 13.636, 13.637, 13.638, 13.639, 13.64, 13.641, 13.642, 13.644, 13.645, 13.646, 13.647, 13.648, 13.649, 13.65, 13.651, 13.652, 13.653, 13.654, 13.655, 13.656, 13.657, 13.658, 13.659, 13.66, 13.661, 13.662, 13.663, 13.664, 13.665, 13.666, 13.667, 13.668, 13.669, 13.67, 13.671, 13.672, 13.673, 13.674, 13.675, 13.676, 13.677, 13.678, 13.679, 13.68, 13.681, 13.682, 13.683, 13.684, 13.685, 13.686, 13.687, 13.688, 13.689, 13.69, 13.691, 13.692, 13.693, 13.694, 13.695, 13.696, 13.697, 13.698, 13.699, 13.7, 13.701, 13.702, 13.703, 13.704, 13.705, 13.706, 13.707, 13.708, 13.709, 13.71, 13.711, 13.712, 13.713, 13.714, 13.715, 13.716, 13.717, 13.718, 13.719, 13.72, 13.721, 13.722, 13.723, 13.724, 13.725, 13.726, 13.727, 13.728, 13.729, 13.73, 13.731, 13.732, 13.733, 13.734, 13.735, 13.736, 13.737, 13.738, 13.739, 13.74, 13.741, 13.742, 13.743, 13.744, 13.745, 13.746, 13.747, 13.748, 13.749, 13.75, 13.751, 13.752, 13.753, 13.754, 13.755, 13.756, 13.757, 13.758, 13.759, 13.76, 13.761, 13.762, 13.763, 13.764, 13.765, 13.766, 13.767, 13.768, 13.769, 13.77, 13.771, 13.772, 13.773, 13.774, 13.775, 13.776, 13.777, 13.778, 13.779, 13.78, 13.781, 13.782, 13.783, 13.784, 13.785, 13.786, 13.787, 13.788, 13.789, 13.79, 13.791, 13.792, 13.793, 13.794, 13.795, 13.796, 13.797, 13.798, 13.799, 13.8, 13.806, 13.812, 13.826, 13.837, 13.85, 13.859, 13.872, 13.876, 13.88, 13.892, 13.904, 13.977, 13.997, 13.998, 14.009, 14.014, 14.023, 14.025, 14.033, 14.042, 14.043, 14.055, 14.092, 14.096, 14.109, 14.121, 14.137, 14.148, 14.149, 14.156, 14.184, 14.229, 14.233, 14.275, 14.485, 14.561, 14.598, 15.349]
---
Round: 58, Unk. prob.: 7.190e-03
Surv probs: 9.928e-01, Fail probs: 2.000e-05
No. of non-dominant rules: 10953, Survival rules: 10903, Failure rules: 50
Batch update: 192 rules added, 0 existing rules removed (0 new rules dominated)
Survival: 192 rules added, 0 removed (from 192 candidates)
Updated sys_vals: [12.787, 12.818, 12.851, 12.989, 13.024, 13.046, 13.081, 13.139, 13.15, 13.151, 13.19, 13.203, 13.218, 13.226, 13.228, 13.233, 13.236, 13.241, 13.252, 13.264, 13.28, 13.288, 13.294, 13.295, 13.304, 13.306, 13.314, 13.325, 13.33, 13.345, 13.356, 13.362, 13.363, 13.366, 13.367, 13.369, 13.372, 13.373, 13.376, 13.377, 13.38, 13.381, 13.39, 13.392, 13.396, 13.401, 13.402, 13.403, 13.405, 13.407, 13.408, 13.409, 13.414, 13.415, 13.421, 13.423, 13.426, 13.429, 13.43, 13.432, 13.433, 13.437, 13.45, 13.453, 13.456, 13.459, 13.463, 13.469, 13.472, 13.478, 13.48, 13.483, 13.485, 13.487, 13.488, 13.49, 13.497, 13.498, 13.506, 13.507, 13.508, 13.518, 13.519, 13.522, 13.525, 13.528, 13.529, 13.53, 13.532, 13.534, 13.535, 13.537, 13.538, 13.539, 13.542, 13.545, 13.548, 13.549, 13.55, 13.553, 13.554, 13.555, 13.556, 13.557, 13.558, 13.56, 13.561, 13.564, 13.565, 13.568, 13.569, 13.57, 13.571, 13.572, 13.573, 13.574, 13.575, 13.577, 13.579, 13.582, 13.583, 13.584, 13.585, 13.586, 13.587, 13.588, 13.589, 13.591, 13.593, 13.594, 13.596, 13.597, 13.598, 13.599, 13.601, 13.602, 13.603, 13.604, 13.605, 13.606, 13.607, 13.608, 13.609, 13.61, 13.611, 13.612, 13.613, 13.614, 13.615, 13.616, 13.617, 13.618, 13.619, 13.62, 13.621, 13.623, 13.624, 13.625, 13.626, 13.627, 13.628, 13.629, 13.63, 13.631, 13.632, 13.633, 13.634, 13.635, 13.636, 13.637, 13.638, 13.639, 13.64, 13.641, 13.642, 13.644, 13.645, 13.646, 13.647, 13.648, 13.649, 13.65, 13.651, 13.652, 13.653, 13.654, 13.655, 13.656, 13.657, 13.658, 13.659, 13.66, 13.661, 13.662, 13.663, 13.664, 13.665, 13.666, 13.667, 13.668, 13.669, 13.67, 13.671, 13.672, 13.673, 13.674, 13.675, 13.676, 13.677, 13.678, 13.679, 13.68, 13.681, 13.682, 13.683, 13.684, 13.685, 13.686, 13.687, 13.688, 13.689, 13.69, 13.691, 13.692, 13.693, 13.694, 13.695, 13.696, 13.697, 13.698, 13.699, 13.7, 13.701, 13.702, 13.703, 13.704, 13.705, 13.706, 13.707, 13.708, 13.709, 13.71, 13.711, 13.712, 13.713, 13.714, 13.715, 13.716, 13.717, 13.718, 13.719, 13.72, 13.721, 13.722, 13.723, 13.724, 13.725, 13.726, 13.727, 13.728, 13.729, 13.73, 13.731, 13.732, 13.733, 13.734, 13.735, 13.736, 13.737, 13.738, 13.739, 13.74, 13.741, 13.742, 13.743, 13.744, 13.745, 13.746, 13.747, 13.748, 13.749, 13.75, 13.751, 13.752, 13.753, 13.754, 13.755, 13.756, 13.757, 13.758, 13.759, 13.76, 13.761, 13.762, 13.763, 13.764, 13.765, 13.766, 13.767, 13.768, 13.769, 13.77, 13.771, 13.772, 13.773, 13.774, 13.775, 13.776, 13.777, 13.778, 13.779, 13.78, 13.781, 13.782, 13.783, 13.784, 13.785, 13.786, 13.787, 13.788, 13.789, 13.79, 13.791, 13.792, 13.793, 13.794, 13.795, 13.796, 13.797, 13.798, 13.799, 13.8, 13.806, 13.812, 13.826, 13.837, 13.85, 13.859, 13.872, 13.876, 13.88, 13.892, 13.904, 13.977, 13.997, 13.998, 14.009, 14.014, 14.023, 14.025, 14.033, 14.042, 14.043, 14.055, 14.092, 14.096, 14.109, 14.121, 14.137, 14.148, 14.149, 14.156, 14.184, 14.229, 14.233, 14.275, 14.485, 14.561, 14.598, 15.349]
---
Round: 59, Unk. prob.: 6.720e-03
Surv probs: 9.933e-01, Fail probs: 2.000e-05
No. of non-dominant rules: 11145, Survival rules: 11095, Failure rules: 50
Batch update: 191 rules added, 0 existing rules removed (0 new rules dominated)
Survival: 191 rules added, 0 removed (from 191 candidates)
Batch update: 1 rules added, 0 existing rules removed (0 new rules dominated)
Failure: 1 rules added, 0 removed (from 1 candidates)
Updated sys_vals: [12.787, 12.818, 12.851, 12.989, 13.024, 13.046, 13.081, 13.139, 13.15, 13.151, 13.19, 13.203, 13.218, 13.226, 13.228, 13.233, 13.236, 13.241, 13.252, 13.264, 13.28, 13.288, 13.294, 13.295, 13.304, 13.306, 13.314, 13.325, 13.33, 13.345, 13.356, 13.362, 13.363, 13.366, 13.367, 13.369, 13.372, 13.373, 13.376, 13.377, 13.38, 13.381, 13.39, 13.392, 13.396, 13.401, 13.402, 13.403, 13.405, 13.407, 13.408, 13.409, 13.414, 13.415, 13.421, 13.423, 13.426, 13.429, 13.43, 13.432, 13.433, 13.437, 13.45, 13.453, 13.456, 13.459, 13.463, 13.469, 13.472, 13.478, 13.48, 13.483, 13.485, 13.487, 13.488, 13.49, 13.497, 13.498, 13.506, 13.507, 13.508, 13.517, 13.518, 13.519, 13.522, 13.525, 13.528, 13.529, 13.53, 13.532, 13.534, 13.535, 13.537, 13.538, 13.539, 13.542, 13.545, 13.548, 13.549, 13.55, 13.553, 13.554, 13.555, 13.556, 13.557, 13.558, 13.56, 13.561, 13.563, 13.564, 13.565, 13.568, 13.569, 13.57, 13.571, 13.572, 13.573, 13.574, 13.575, 13.577, 13.579, 13.582, 13.583, 13.584, 13.585, 13.586, 13.587, 13.588, 13.589, 13.591, 13.593, 13.594, 13.596, 13.597, 13.598, 13.599, 13.601, 13.602, 13.603, 13.604, 13.605, 13.606, 13.607, 13.608, 13.609, 13.61, 13.611, 13.612, 13.613, 13.614, 13.615, 13.616, 13.617, 13.618, 13.619, 13.62, 13.621, 13.623, 13.624, 13.625, 13.626, 13.627, 13.628, 13.629, 13.63, 13.631, 13.632, 13.633, 13.634, 13.635, 13.636, 13.637, 13.638, 13.639, 13.64, 13.641, 13.642, 13.644, 13.645, 13.646, 13.647, 13.648, 13.649, 13.65, 13.651, 13.652, 13.653, 13.654, 13.655, 13.656, 13.657, 13.658, 13.659, 13.66, 13.661, 13.662, 13.663, 13.664, 13.665, 13.666, 13.667, 13.668, 13.669, 13.67, 13.671, 13.672, 13.673, 13.674, 13.675, 13.676, 13.677, 13.678, 13.679, 13.68, 13.681, 13.682, 13.683, 13.684, 13.685, 13.686, 13.687, 13.688, 13.689, 13.69, 13.691, 13.692, 13.693, 13.694, 13.695, 13.696, 13.697, 13.698, 13.699, 13.7, 13.701, 13.702, 13.703, 13.704, 13.705, 13.706, 13.707, 13.708, 13.709, 13.71, 13.711, 13.712, 13.713, 13.714, 13.715, 13.716, 13.717, 13.718, 13.719, 13.72, 13.721, 13.722, 13.723, 13.724, 13.725, 13.726, 13.727, 13.728, 13.729, 13.73, 13.731, 13.732, 13.733, 13.734, 13.735, 13.736, 13.737, 13.738, 13.739, 13.74, 13.741, 13.742, 13.743, 13.744, 13.745, 13.746, 13.747, 13.748, 13.749, 13.75, 13.751, 13.752, 13.753, 13.754, 13.755, 13.756, 13.757, 13.758, 13.759, 13.76, 13.761, 13.762, 13.763, 13.764, 13.765, 13.766, 13.767, 13.768, 13.769, 13.77, 13.771, 13.772, 13.773, 13.774, 13.775, 13.776, 13.777, 13.778, 13.779, 13.78, 13.781, 13.782, 13.783, 13.784, 13.785, 13.786, 13.787, 13.788, 13.789, 13.79, 13.791, 13.792, 13.793, 13.794, 13.795, 13.796, 13.797, 13.798, 13.799, 13.8, 13.806, 13.812, 13.826, 13.837, 13.85, 13.859, 13.872, 13.876, 13.88, 13.892, 13.904, 13.977, 13.997, 13.998, 14.009, 14.014, 14.023, 14.025, 14.033, 14.042, 14.043, 14.055, 14.092, 14.096, 14.109, 14.121, 14.137, 14.148, 14.149, 14.156, 14.184, 14.229, 14.233, 14.275, 14.485, 14.561, 14.598, 15.349]
---
Round: 60, Unk. prob.: 7.000e-03
Surv probs: 9.930e-01, Fail probs: 1.000e-05
No. of non-dominant rules: 11337, Survival rules: 11286, Failure rules: 51
Batch update: 192 rules added, 0 existing rules removed (0 new rules dominated)
Survival: 192 rules added, 0 removed (from 192 candidates)
Updated sys_vals: [12.787, 12.818, 12.851, 12.989, 13.024, 13.046, 13.081, 13.139, 13.15, 13.151, 13.19, 13.203, 13.218, 13.226, 13.228, 13.233, 13.236, 13.241, 13.252, 13.264, 13.28, 13.288, 13.294, 13.295, 13.304, 13.306, 13.314, 13.325, 13.33, 13.345, 13.356, 13.362, 13.363, 13.366, 13.367, 13.369, 13.372, 13.373, 13.376, 13.377, 13.38, 13.381, 13.39, 13.392, 13.396, 13.401, 13.402, 13.403, 13.405, 13.407, 13.408, 13.409, 13.414, 13.415, 13.421, 13.423, 13.426, 13.429, 13.43, 13.432, 13.433, 13.437, 13.45, 13.453, 13.456, 13.459, 13.463, 13.469, 13.472, 13.478, 13.48, 13.483, 13.485, 13.487, 13.488, 13.49, 13.497, 13.498, 13.506, 13.507, 13.508, 13.516, 13.517, 13.518, 13.519, 13.522, 13.525, 13.528, 13.529, 13.53, 13.532, 13.534, 13.535, 13.537, 13.538, 13.539, 13.542, 13.545, 13.548, 13.549, 13.55, 13.553, 13.554, 13.555, 13.556, 13.557, 13.558, 13.56, 13.561, 13.563, 13.564, 13.565, 13.568, 13.569, 13.57, 13.571, 13.572, 13.573, 13.574, 13.575, 13.577, 13.579, 13.582, 13.583, 13.584, 13.585, 13.586, 13.587, 13.588, 13.589, 13.591, 13.593, 13.594, 13.596, 13.597, 13.598, 13.599, 13.601, 13.602, 13.603, 13.604, 13.605, 13.606, 13.607, 13.608, 13.609, 13.61, 13.611, 13.612, 13.613, 13.614, 13.615, 13.616, 13.617, 13.618, 13.619, 13.62, 13.621, 13.623, 13.624, 13.625, 13.626, 13.627, 13.628, 13.629, 13.63, 13.631, 13.632, 13.633, 13.634, 13.635, 13.636, 13.637, 13.638, 13.639, 13.64, 13.641, 13.642, 13.644, 13.645, 13.646, 13.647, 13.648, 13.649, 13.65, 13.651, 13.652, 13.653, 13.654, 13.655, 13.656, 13.657, 13.658, 13.659, 13.66, 13.661, 13.662, 13.663, 13.664, 13.665, 13.666, 13.667, 13.668, 13.669, 13.67, 13.671, 13.672, 13.673, 13.674, 13.675, 13.676, 13.677, 13.678, 13.679, 13.68, 13.681, 13.682, 13.683, 13.684, 13.685, 13.686, 13.687, 13.688, 13.689, 13.69, 13.691, 13.692, 13.693, 13.694, 13.695, 13.696, 13.697, 13.698, 13.699, 13.7, 13.701, 13.702, 13.703, 13.704, 13.705, 13.706, 13.707, 13.708, 13.709, 13.71, 13.711, 13.712, 13.713, 13.714, 13.715, 13.716, 13.717, 13.718, 13.719, 13.72, 13.721, 13.722, 13.723, 13.724, 13.725, 13.726, 13.727, 13.728, 13.729, 13.73, 13.731, 13.732, 13.733, 13.734, 13.735, 13.736, 13.737, 13.738, 13.739, 13.74, 13.741, 13.742, 13.743, 13.744, 13.745, 13.746, 13.747, 13.748, 13.749, 13.75, 13.751, 13.752, 13.753, 13.754, 13.755, 13.756, 13.757, 13.758, 13.759, 13.76, 13.761, 13.762, 13.763, 13.764, 13.765, 13.766, 13.767, 13.768, 13.769, 13.77, 13.771, 13.772, 13.773, 13.774, 13.775, 13.776, 13.777, 13.778, 13.779, 13.78, 13.781, 13.782, 13.783, 13.784, 13.785, 13.786, 13.787, 13.788, 13.789, 13.79, 13.791, 13.792, 13.793, 13.794, 13.795, 13.796, 13.797, 13.798, 13.799, 13.8, 13.806, 13.812, 13.826, 13.837, 13.85, 13.859, 13.872, 13.876, 13.88, 13.892, 13.904, 13.977, 13.997, 13.998, 14.009, 14.014, 14.023, 14.025, 14.033, 14.042, 14.043, 14.055, 14.092, 14.096, 14.109, 14.121, 14.137, 14.148, 14.149, 14.156, 14.184, 14.229, 14.233, 14.275, 14.485, 14.561, 14.598, 15.349]
---
Round: 61, Unk. prob.: 6.570e-03
Surv probs: 9.934e-01, Fail probs: 1.000e-05
No. of non-dominant rules: 11529, Survival rules: 11478, Failure rules: 51
Batch update: 191 rules added, 0 existing rules removed (0 new rules dominated)
Survival: 191 rules added, 0 removed (from 191 candidates)
Batch update: 1 rules added, 0 existing rules removed (0 new rules dominated)
Failure: 1 rules added, 0 removed (from 1 candidates)
Updated sys_vals: [12.787, 12.818, 12.851, 12.989, 13.024, 13.046, 13.081, 13.139, 13.15, 13.151, 13.19, 13.203, 13.218, 13.226, 13.228, 13.233, 13.236, 13.241, 13.252, 13.264, 13.28, 13.288, 13.294, 13.295, 13.304, 13.306, 13.314, 13.325, 13.33, 13.345, 13.356, 13.362, 13.363, 13.366, 13.367, 13.369, 13.372, 13.373, 13.376, 13.377, 13.38, 13.381, 13.39, 13.392, 13.396, 13.401, 13.402, 13.403, 13.405, 13.407, 13.408, 13.409, 13.414, 13.415, 13.421, 13.423, 13.426, 13.428, 13.429, 13.43, 13.432, 13.433, 13.437, 13.446, 13.45, 13.453, 13.456, 13.459, 13.463, 13.469, 13.472, 13.478, 13.48, 13.483, 13.485, 13.487, 13.488, 13.49, 13.497, 13.498, 13.506, 13.507, 13.508, 13.516, 13.517, 13.518, 13.519, 13.522, 13.525, 13.528, 13.529, 13.53, 13.532, 13.534, 13.535, 13.537, 13.538, 13.539, 13.542, 13.545, 13.548, 13.549, 13.55, 13.553, 13.554, 13.555, 13.556, 13.557, 13.558, 13.56, 13.561, 13.563, 13.564, 13.565, 13.568, 13.569, 13.57, 13.571, 13.572, 13.573, 13.574, 13.575, 13.577, 13.579, 13.582, 13.583, 13.584, 13.585, 13.586, 13.587, 13.588, 13.589, 13.591, 13.593, 13.594, 13.596, 13.597, 13.598, 13.599, 13.601, 13.602, 13.603, 13.604, 13.605, 13.606, 13.607, 13.608, 13.609, 13.61, 13.611, 13.612, 13.613, 13.614, 13.615, 13.616, 13.617, 13.618, 13.619, 13.62, 13.621, 13.623, 13.624, 13.625, 13.626, 13.627, 13.628, 13.629, 13.63, 13.631, 13.632, 13.633, 13.634, 13.635, 13.636, 13.637, 13.638, 13.639, 13.64, 13.641, 13.642, 13.644, 13.645, 13.646, 13.647, 13.648, 13.649, 13.65, 13.651, 13.652, 13.653, 13.654, 13.655, 13.656, 13.657, 13.658, 13.659, 13.66, 13.661, 13.662, 13.663, 13.664, 13.665, 13.666, 13.667, 13.668, 13.669, 13.67, 13.671, 13.672, 13.673, 13.674, 13.675, 13.676, 13.677, 13.678, 13.679, 13.68, 13.681, 13.682, 13.683, 13.684, 13.685, 13.686, 13.687, 13.688, 13.689, 13.69, 13.691, 13.692, 13.693, 13.694, 13.695, 13.696, 13.697, 13.698, 13.699, 13.7, 13.701, 13.702, 13.703, 13.704, 13.705, 13.706, 13.707, 13.708, 13.709, 13.71, 13.711, 13.712, 13.713, 13.714, 13.715, 13.716, 13.717, 13.718, 13.719, 13.72, 13.721, 13.722, 13.723, 13.724, 13.725, 13.726, 13.727, 13.728, 13.729, 13.73, 13.731, 13.732, 13.733, 13.734, 13.735, 13.736, 13.737, 13.738, 13.739, 13.74, 13.741, 13.742, 13.743, 13.744, 13.745, 13.746, 13.747, 13.748, 13.749, 13.75, 13.751, 13.752, 13.753, 13.754, 13.755, 13.756, 13.757, 13.758, 13.759, 13.76, 13.761, 13.762, 13.763, 13.764, 13.765, 13.766, 13.767, 13.768, 13.769, 13.77, 13.771, 13.772, 13.773, 13.774, 13.775, 13.776, 13.777, 13.778, 13.779, 13.78, 13.781, 13.782, 13.783, 13.784, 13.785, 13.786, 13.787, 13.788, 13.789, 13.79, 13.791, 13.792, 13.793, 13.794, 13.795, 13.796, 13.797, 13.798, 13.799, 13.8, 13.806, 13.812, 13.826, 13.837, 13.85, 13.859, 13.872, 13.875, 13.876, 13.88, 13.892, 13.904, 13.977, 13.997, 13.998, 14.009, 14.014, 14.023, 14.025, 14.033, 14.042, 14.043, 14.055, 14.092, 14.096, 14.109, 14.121, 14.137, 14.148, 14.149, 14.156, 14.184, 14.229, 14.233, 14.275, 14.485, 14.561, 14.598, 15.349]
---
Round: 62, Unk. prob.: 6.830e-03
Surv probs: 9.932e-01, Fail probs: 1.000e-05
No. of non-dominant rules: 11721, Survival rules: 11669, Failure rules: 52
Batch update: 191 rules added, 0 existing rules removed (0 new rules dominated)
Survival: 191 rules added, 0 removed (from 191 candidates)
Batch update: 1 rules added, 0 existing rules removed (0 new rules dominated)
Failure: 1 rules added, 0 removed (from 1 candidates)
Updated sys_vals: [12.787, 12.818, 12.851, 12.989, 13.024, 13.046, 13.081, 13.138, 13.139, 13.15, 13.151, 13.19, 13.203, 13.218, 13.226, 13.228, 13.233, 13.236, 13.241, 13.252, 13.264, 13.28, 13.288, 13.294, 13.295, 13.304, 13.306, 13.314, 13.325, 13.33, 13.345, 13.356, 13.362, 13.363, 13.366, 13.367, 13.369, 13.372, 13.373, 13.376, 13.377, 13.38, 13.381, 13.39, 13.392, 13.396, 13.401, 13.402, 13.403, 13.405, 13.407, 13.408, 13.409, 13.414, 13.415, 13.421, 13.423, 13.426, 13.428, 13.429, 13.43, 13.432, 13.433, 13.437, 13.446, 13.45, 13.453, 13.456, 13.459, 13.463, 13.469, 13.472, 13.478, 13.48, 13.483, 13.485, 13.487, 13.488, 13.49, 13.497, 13.498, 13.506, 13.507, 13.508, 13.516, 13.517, 13.518, 13.519, 13.522, 13.525, 13.528, 13.529, 13.53, 13.532, 13.534, 13.535, 13.537, 13.538, 13.539, 13.542, 13.545, 13.548, 13.549, 13.55, 13.553, 13.554, 13.555, 13.556, 13.557, 13.558, 13.56, 13.561, 13.563, 13.564, 13.565, 13.568, 13.569, 13.57, 13.571, 13.572, 13.573, 13.574, 13.575, 13.577, 13.579, 13.582, 13.583, 13.584, 13.585, 13.586, 13.587, 13.588, 13.589, 13.591, 13.592, 13.593, 13.594, 13.596, 13.597, 13.598, 13.599, 13.601, 13.602, 13.603, 13.604, 13.605, 13.606, 13.607, 13.608, 13.609, 13.61, 13.611, 13.612, 13.613, 13.614, 13.615, 13.616, 13.617, 13.618, 13.619, 13.62, 13.621, 13.623, 13.624, 13.625, 13.626, 13.627, 13.628, 13.629, 13.63, 13.631, 13.632, 13.633, 13.634, 13.635, 13.636, 13.637, 13.638, 13.639, 13.64, 13.641, 13.642, 13.644, 13.645, 13.646, 13.647, 13.648, 13.649, 13.65, 13.651, 13.652, 13.653, 13.654, 13.655, 13.656, 13.657, 13.658, 13.659, 13.66, 13.661, 13.662, 13.663, 13.664, 13.665, 13.666, 13.667, 13.668, 13.669, 13.67, 13.671, 13.672, 13.673, 13.674, 13.675, 13.676, 13.677, 13.678, 13.679, 13.68, 13.681, 13.682, 13.683, 13.684, 13.685, 13.686, 13.687, 13.688, 13.689, 13.69, 13.691, 13.692, 13.693, 13.694, 13.695, 13.696, 13.697, 13.698, 13.699, 13.7, 13.701, 13.702, 13.703, 13.704, 13.705, 13.706, 13.707, 13.708, 13.709, 13.71, 13.711, 13.712, 13.713, 13.714, 13.715, 13.716, 13.717, 13.718, 13.719, 13.72, 13.721, 13.722, 13.723, 13.724, 13.725, 13.726, 13.727, 13.728, 13.729, 13.73, 13.731, 13.732, 13.733, 13.734, 13.735, 13.736, 13.737, 13.738, 13.739, 13.74, 13.741, 13.742, 13.743, 13.744, 13.745, 13.746, 13.747, 13.748, 13.749, 13.75, 13.751, 13.752, 13.753, 13.754, 13.755, 13.756, 13.757, 13.758, 13.759, 13.76, 13.761, 13.762, 13.763, 13.764, 13.765, 13.766, 13.767, 13.768, 13.769, 13.77, 13.771, 13.772, 13.773, 13.774, 13.775, 13.776, 13.777, 13.778, 13.779, 13.78, 13.781, 13.782, 13.783, 13.784, 13.785, 13.786, 13.787, 13.788, 13.789, 13.79, 13.791, 13.792, 13.793, 13.794, 13.795, 13.796, 13.797, 13.798, 13.799, 13.8, 13.806, 13.812, 13.826, 13.837, 13.85, 13.859, 13.872, 13.875, 13.876, 13.88, 13.892, 13.904, 13.977, 13.997, 13.998, 14.009, 14.014, 14.023, 14.025, 14.033, 14.042, 14.043, 14.055, 14.092, 14.096, 14.109, 14.121, 14.137, 14.148, 14.149, 14.156, 14.184, 14.229, 14.233, 14.275, 14.478, 14.485, 14.561, 14.598, 15.349]
---
Round: 63, Unk. prob.: 6.250e-03
Surv probs: 9.937e-01, Fail probs: 1.000e-05
No. of non-dominant rules: 11913, Survival rules: 11860, Failure rules: 53
Batch update: 190 rules added, 0 existing rules removed (0 new rules dominated)
Survival: 190 rules added, 0 removed (from 190 candidates)
Batch update: 2 rules added, 0 existing rules removed (0 new rules dominated)
Failure: 2 rules added, 0 removed (from 2 candidates)
Updated sys_vals: [12.787, 12.818, 12.851, 12.989, 13.024, 13.046, 13.081, 13.138, 13.139, 13.15, 13.151, 13.19, 13.203, 13.218, 13.226, 13.228, 13.233, 13.236, 13.241, 13.252, 13.264, 13.28, 13.288, 13.294, 13.295, 13.304, 13.306, 13.314, 13.325, 13.33, 13.345, 13.356, 13.362, 13.363, 13.366, 13.367, 13.369, 13.372, 13.373, 13.376, 13.377, 13.38, 13.381, 13.39, 13.392, 13.396, 13.401, 13.402, 13.403, 13.405, 13.407, 13.408, 13.409, 13.414, 13.415, 13.421, 13.423, 13.426, 13.428, 13.429, 13.43, 13.432, 13.433, 13.437, 13.446, 13.45, 13.453, 13.456, 13.459, 13.463, 13.468, 13.469, 13.472, 13.478, 13.48, 13.483, 13.485, 13.487, 13.488, 13.49, 13.497, 13.498, 13.506, 13.507, 13.508, 13.516, 13.517, 13.518, 13.519, 13.522, 13.525, 13.528, 13.529, 13.53, 13.532, 13.534, 13.535, 13.537, 13.538, 13.539, 13.542, 13.545, 13.548, 13.549, 13.55, 13.553, 13.554, 13.555, 13.556, 13.557, 13.558, 13.56, 13.561, 13.563, 13.564, 13.565, 13.568, 13.569, 13.57, 13.571, 13.572, 13.573, 13.574, 13.575, 13.576, 13.577, 13.579, 13.582, 13.583, 13.584, 13.585, 13.586, 13.587, 13.588, 13.589, 13.591, 13.592, 13.593, 13.594, 13.596, 13.597, 13.598, 13.599, 13.601, 13.602, 13.603, 13.604, 13.605, 13.606, 13.607, 13.608, 13.609, 13.61, 13.611, 13.612, 13.613, 13.614, 13.615, 13.616, 13.617, 13.618, 13.619, 13.62, 13.621, 13.623, 13.624, 13.625, 13.626, 13.627, 13.628, 13.629, 13.63, 13.631, 13.632, 13.633, 13.634, 13.635, 13.636, 13.637, 13.638, 13.639, 13.64, 13.641, 13.642, 13.644, 13.645, 13.646, 13.647, 13.648, 13.649, 13.65, 13.651, 13.652, 13.653, 13.654, 13.655, 13.656, 13.657, 13.658, 13.659, 13.66, 13.661, 13.662, 13.663, 13.664, 13.665, 13.666, 13.667, 13.668, 13.669, 13.67, 13.671, 13.672, 13.673, 13.674, 13.675, 13.676, 13.677, 13.678, 13.679, 13.68, 13.681, 13.682, 13.683, 13.684, 13.685, 13.686, 13.687, 13.688, 13.689, 13.69, 13.691, 13.692, 13.693, 13.694, 13.695, 13.696, 13.697, 13.698, 13.699, 13.7, 13.701, 13.702, 13.703, 13.704, 13.705, 13.706, 13.707, 13.708, 13.709, 13.71, 13.711, 13.712, 13.713, 13.714, 13.715, 13.716, 13.717, 13.718, 13.719, 13.72, 13.721, 13.722, 13.723, 13.724, 13.725, 13.726, 13.727, 13.728, 13.729, 13.73, 13.731, 13.732, 13.733, 13.734, 13.735, 13.736, 13.737, 13.738, 13.739, 13.74, 13.741, 13.742, 13.743, 13.744, 13.745, 13.746, 13.747, 13.748, 13.749, 13.75, 13.751, 13.752, 13.753, 13.754, 13.755, 13.756, 13.757, 13.758, 13.759, 13.76, 13.761, 13.762, 13.763, 13.764, 13.765, 13.766, 13.767, 13.768, 13.769, 13.77, 13.771, 13.772, 13.773, 13.774, 13.775, 13.776, 13.777, 13.778, 13.779, 13.78, 13.781, 13.782, 13.783, 13.784, 13.785, 13.786, 13.787, 13.788, 13.789, 13.79, 13.791, 13.792, 13.793, 13.794, 13.795, 13.796, 13.797, 13.798, 13.799, 13.8, 13.806, 13.812, 13.826, 13.837, 13.85, 13.859, 13.872, 13.875, 13.876, 13.879, 13.88, 13.892, 13.904, 13.968, 13.977, 13.997, 13.998, 14.009, 14.014, 14.023, 14.025, 14.033, 14.042, 14.043, 14.055, 14.092, 14.096, 14.109, 14.121, 14.137, 14.148, 14.149, 14.156, 14.184, 14.229, 14.233, 14.275, 14.478, 14.485, 14.561, 14.598, 15.349]
---
Round: 64, Unk. prob.: 6.310e-03
Surv probs: 9.937e-01, Fail probs: 1.000e-05
No. of non-dominant rules: 12105, Survival rules: 12050, Failure rules: 55
Batch update: 189 rules added, 0 existing rules removed (0 new rules dominated)
Survival: 189 rules added, 0 removed (from 189 candidates)
Batch update: 3 rules added, 0 existing rules removed (0 new rules dominated)
Failure: 3 rules added, 0 removed (from 3 candidates)
Updated sys_vals: [12.787, 12.818, 12.851, 12.913, 12.989, 13.024, 13.046, 13.081, 13.132, 13.138, 13.139, 13.15, 13.151, 13.19, 13.203, 13.218, 13.226, 13.228, 13.233, 13.236, 13.241, 13.252, 13.264, 13.28, 13.288, 13.294, 13.295, 13.304, 13.306, 13.314, 13.325, 13.33, 13.345, 13.356, 13.362, 13.363, 13.366, 13.367, 13.369, 13.372, 13.373, 13.376, 13.377, 13.38, 13.381, 13.39, 13.392, 13.396, 13.401, 13.402, 13.403, 13.405, 13.407, 13.408, 13.409, 13.414, 13.415, 13.421, 13.423, 13.426, 13.428, 13.429, 13.43, 13.432, 13.433, 13.437, 13.446, 13.45, 13.453, 13.456, 13.459, 13.463, 13.468, 13.469, 13.472, 13.478, 13.48, 13.483, 13.485, 13.487, 13.488, 13.49, 13.497, 13.498, 13.506, 13.507, 13.508, 13.516, 13.517, 13.518, 13.519, 13.522, 13.525, 13.528, 13.529, 13.53, 13.532, 13.534, 13.535, 13.537, 13.538, 13.539, 13.542, 13.545, 13.548, 13.549, 13.55, 13.553, 13.554, 13.555, 13.556, 13.557, 13.558, 13.56, 13.561, 13.563, 13.564, 13.565, 13.568, 13.569, 13.57, 13.571, 13.572, 13.573, 13.574, 13.575, 13.576, 13.577, 13.579, 13.582, 13.583, 13.584, 13.585, 13.586, 13.587, 13.588, 13.589, 13.591, 13.592, 13.593, 13.594, 13.596, 13.597, 13.598, 13.599, 13.601, 13.602, 13.603, 13.604, 13.605, 13.606, 13.607, 13.608, 13.609, 13.61, 13.611, 13.612, 13.613, 13.614, 13.615, 13.616, 13.617, 13.618, 13.619, 13.62, 13.621, 13.623, 13.624, 13.625, 13.626, 13.627, 13.628, 13.629, 13.63, 13.631, 13.632, 13.633, 13.634, 13.635, 13.636, 13.637, 13.638, 13.639, 13.64, 13.641, 13.642, 13.644, 13.645, 13.646, 13.647, 13.648, 13.649, 13.65, 13.651, 13.652, 13.653, 13.654, 13.655, 13.656, 13.657, 13.658, 13.659, 13.66, 13.661, 13.662, 13.663, 13.664, 13.665, 13.666, 13.667, 13.668, 13.669, 13.67, 13.671, 13.672, 13.673, 13.674, 13.675, 13.676, 13.677, 13.678, 13.679, 13.68, 13.681, 13.682, 13.683, 13.684, 13.685, 13.686, 13.687, 13.688, 13.689, 13.69, 13.691, 13.692, 13.693, 13.694, 13.695, 13.696, 13.697, 13.698, 13.699, 13.7, 13.701, 13.702, 13.703, 13.704, 13.705, 13.706, 13.707, 13.708, 13.709, 13.71, 13.711, 13.712, 13.713, 13.714, 13.715, 13.716, 13.717, 13.718, 13.719, 13.72, 13.721, 13.722, 13.723, 13.724, 13.725, 13.726, 13.727, 13.728, 13.729, 13.73, 13.731, 13.732, 13.733, 13.734, 13.735, 13.736, 13.737, 13.738, 13.739, 13.74, 13.741, 13.742, 13.743, 13.744, 13.745, 13.746, 13.747, 13.748, 13.749, 13.75, 13.751, 13.752, 13.753, 13.754, 13.755, 13.756, 13.757, 13.758, 13.759, 13.76, 13.761, 13.762, 13.763, 13.764, 13.765, 13.766, 13.767, 13.768, 13.769, 13.77, 13.771, 13.772, 13.773, 13.774, 13.775, 13.776, 13.777, 13.778, 13.779, 13.78, 13.781, 13.782, 13.783, 13.784, 13.785, 13.786, 13.787, 13.788, 13.789, 13.79, 13.791, 13.792, 13.793, 13.794, 13.795, 13.796, 13.797, 13.798, 13.799, 13.8, 13.806, 13.812, 13.826, 13.837, 13.85, 13.859, 13.872, 13.875, 13.876, 13.879, 13.88, 13.881, 13.892, 13.904, 13.919, 13.968, 13.977, 13.992, 13.997, 13.998, 14.009, 14.014, 14.023, 14.025, 14.033, 14.042, 14.043, 14.055, 14.092, 14.096, 14.109, 14.121, 14.137, 14.148, 14.149, 14.156, 14.184, 14.229, 14.233, 14.275, 14.478, 14.485, 14.561, 14.598, 15.349]
---
Round: 65, Unk. prob.: 6.650e-03
Surv probs: 9.933e-01, Fail probs: 3.000e-05
No. of non-dominant rules: 12297, Survival rules: 12239, Failure rules: 58
Batch update: 191 rules added, 0 existing rules removed (0 new rules dominated)
Survival: 191 rules added, 0 removed (from 191 candidates)
Batch update: 1 rules added, 0 existing rules removed (0 new rules dominated)
Failure: 1 rules added, 0 removed (from 1 candidates)
Updated sys_vals: [12.787, 12.818, 12.851, 12.913, 12.989, 13.024, 13.031, 13.046, 13.081, 13.132, 13.138, 13.139, 13.15, 13.151, 13.19, 13.203, 13.218, 13.226, 13.228, 13.233, 13.236, 13.241, 13.252, 13.264, 13.28, 13.288, 13.294, 13.295, 13.304, 13.306, 13.314, 13.325, 13.33, 13.345, 13.356, 13.362, 13.363, 13.366, 13.367, 13.369, 13.372, 13.373, 13.376, 13.377, 13.38, 13.381, 13.39, 13.392, 13.393, 13.396, 13.401, 13.402, 13.403, 13.405, 13.407, 13.408, 13.409, 13.414, 13.415, 13.421, 13.423, 13.426, 13.428, 13.429, 13.43, 13.432, 13.433, 13.435, 13.437, 13.446, 13.45, 13.453, 13.456, 13.459, 13.463, 13.468, 13.469, 13.472, 13.478, 13.48, 13.483, 13.485, 13.487, 13.488, 13.49, 13.497, 13.498, 13.506, 13.507, 13.508, 13.516, 13.517, 13.518, 13.519, 13.522, 13.525, 13.528, 13.529, 13.53, 13.532, 13.534, 13.535, 13.537, 13.538, 13.539, 13.542, 13.545, 13.547, 13.548, 13.549, 13.55, 13.553, 13.554, 13.555, 13.556, 13.557, 13.558, 13.56, 13.561, 13.563, 13.564, 13.565, 13.568, 13.569, 13.57, 13.571, 13.572, 13.573, 13.574, 13.575, 13.576, 13.577, 13.579, 13.582, 13.583, 13.584, 13.585, 13.586, 13.587, 13.588, 13.589, 13.591, 13.592, 13.593, 13.594, 13.596, 13.597, 13.598, 13.599, 13.601, 13.602, 13.603, 13.604, 13.605, 13.606, 13.607, 13.608, 13.609, 13.61, 13.611, 13.612, 13.613, 13.614, 13.615, 13.616, 13.617, 13.618, 13.619, 13.62, 13.621, 13.623, 13.624, 13.625, 13.626, 13.627, 13.628, 13.629, 13.63, 13.631, 13.632, 13.633, 13.634, 13.635, 13.636, 13.637, 13.638, 13.639, 13.64, 13.641, 13.642, 13.644, 13.645, 13.646, 13.647, 13.648, 13.649, 13.65, 13.651, 13.652, 13.653, 13.654, 13.655, 13.656, 13.657, 13.658, 13.659, 13.66, 13.661, 13.662, 13.663, 13.664, 13.665, 13.666, 13.667, 13.668, 13.669, 13.67, 13.671, 13.672, 13.673, 13.674, 13.675, 13.676, 13.677, 13.678, 13.679, 13.68, 13.681, 13.682, 13.683, 13.684, 13.685, 13.686, 13.687, 13.688, 13.689, 13.69, 13.691, 13.692, 13.693, 13.694, 13.695, 13.696, 13.697, 13.698, 13.699, 13.7, 13.701, 13.702, 13.703, 13.704, 13.705, 13.706, 13.707, 13.708, 13.709, 13.71, 13.711, 13.712, 13.713, 13.714, 13.715, 13.716, 13.717, 13.718, 13.719, 13.72, 13.721, 13.722, 13.723, 13.724, 13.725, 13.726, 13.727, 13.728, 13.729, 13.73, 13.731, 13.732, 13.733, 13.734, 13.735, 13.736, 13.737, 13.738, 13.739, 13.74, 13.741, 13.742, 13.743, 13.744, 13.745, 13.746, 13.747, 13.748, 13.749, 13.75, 13.751, 13.752, 13.753, 13.754, 13.755, 13.756, 13.757, 13.758, 13.759, 13.76, 13.761, 13.762, 13.763, 13.764, 13.765, 13.766, 13.767, 13.768, 13.769, 13.77, 13.771, 13.772, 13.773, 13.774, 13.775, 13.776, 13.777, 13.778, 13.779, 13.78, 13.781, 13.782, 13.783, 13.784, 13.785, 13.786, 13.787, 13.788, 13.789, 13.79, 13.791, 13.792, 13.793, 13.794, 13.795, 13.796, 13.797, 13.798, 13.799, 13.8, 13.806, 13.812, 13.826, 13.837, 13.85, 13.859, 13.872, 13.875, 13.876, 13.879, 13.88, 13.881, 13.892, 13.904, 13.919, 13.968, 13.977, 13.992, 13.997, 13.998, 14.009, 14.014, 14.023, 14.025, 14.033, 14.042, 14.043, 14.055, 14.092, 14.096, 14.109, 14.121, 14.137, 14.148, 14.149, 14.156, 14.184, 14.229, 14.233, 14.275, 14.478, 14.485, 14.561, 14.598, 15.349, 15.543]
---
Round: 66, Unk. prob.: 6.360e-03
Surv probs: 9.936e-01, Fail probs: 1.000e-05
No. of non-dominant rules: 12489, Survival rules: 12430, Failure rules: 59
Batch update: 192 rules added, 0 existing rules removed (0 new rules dominated)
Survival: 192 rules added, 0 removed (from 192 candidates)
Updated sys_vals: [12.787, 12.818, 12.851, 12.913, 12.989, 13.024, 13.031, 13.046, 13.081, 13.132, 13.138, 13.139, 13.15, 13.151, 13.19, 13.203, 13.218, 13.226, 13.228, 13.233, 13.236, 13.241, 13.252, 13.264, 13.277, 13.28, 13.288, 13.294, 13.295, 13.298, 13.304, 13.306, 13.314, 13.325, 13.33, 13.345, 13.356, 13.362, 13.363, 13.366, 13.367, 13.369, 13.372, 13.373, 13.376, 13.377, 13.38, 13.381, 13.39, 13.392, 13.393, 13.396, 13.401, 13.402, 13.403, 13.405, 13.407, 13.408, 13.409, 13.414, 13.415, 13.421, 13.423, 13.426, 13.428, 13.429, 13.43, 13.432, 13.433, 13.435, 13.437, 13.446, 13.45, 13.453, 13.456, 13.459, 13.463, 13.468, 13.469, 13.472, 13.478, 13.48, 13.483, 13.485, 13.487, 13.488, 13.49, 13.497, 13.498, 13.506, 13.507, 13.508, 13.516, 13.517, 13.518, 13.519, 13.522, 13.525, 13.528, 13.529, 13.53, 13.532, 13.534, 13.535, 13.537, 13.538, 13.539, 13.542, 13.545, 13.547, 13.548, 13.549, 13.55, 13.552, 13.553, 13.554, 13.555, 13.556, 13.557, 13.558, 13.56, 13.561, 13.563, 13.564, 13.565, 13.568, 13.569, 13.57, 13.571, 13.572, 13.573, 13.574, 13.575, 13.576, 13.577, 13.579, 13.582, 13.583, 13.584, 13.585, 13.586, 13.587, 13.588, 13.589, 13.591, 13.592, 13.593, 13.594, 13.596, 13.597, 13.598, 13.599, 13.6, 13.601, 13.602, 13.603, 13.604, 13.605, 13.606, 13.607, 13.608, 13.609, 13.61, 13.611, 13.612, 13.613, 13.614, 13.615, 13.616, 13.617, 13.618, 13.619, 13.62, 13.621, 13.623, 13.624, 13.625, 13.626, 13.627, 13.628, 13.629, 13.63, 13.631, 13.632, 13.633, 13.634, 13.635, 13.636, 13.637, 13.638, 13.639, 13.64, 13.641, 13.642, 13.644, 13.645, 13.646, 13.647, 13.648, 13.649, 13.65, 13.651, 13.652, 13.653, 13.654, 13.655, 13.656, 13.657, 13.658, 13.659, 13.66, 13.661, 13.662, 13.663, 13.664, 13.665, 13.666, 13.667, 13.668, 13.669, 13.67, 13.671, 13.672, 13.673, 13.674, 13.675, 13.676, 13.677, 13.678, 13.679, 13.68, 13.681, 13.682, 13.683, 13.684, 13.685, 13.686, 13.687, 13.688, 13.689, 13.69, 13.691, 13.692, 13.693, 13.694, 13.695, 13.696, 13.697, 13.698, 13.699, 13.7, 13.701, 13.702, 13.703, 13.704, 13.705, 13.706, 13.707, 13.708, 13.709, 13.71, 13.711, 13.712, 13.713, 13.714, 13.715, 13.716, 13.717, 13.718, 13.719, 13.72, 13.721, 13.722, 13.723, 13.724, 13.725, 13.726, 13.727, 13.728, 13.729, 13.73, 13.731, 13.732, 13.733, 13.734, 13.735, 13.736, 13.737, 13.738, 13.739, 13.74, 13.741, 13.742, 13.743, 13.744, 13.745, 13.746, 13.747, 13.748, 13.749, 13.75, 13.751, 13.752, 13.753, 13.754, 13.755, 13.756, 13.757, 13.758, 13.759, 13.76, 13.761, 13.762, 13.763, 13.764, 13.765, 13.766, 13.767, 13.768, 13.769, 13.77, 13.771, 13.772, 13.773, 13.774, 13.775, 13.776, 13.777, 13.778, 13.779, 13.78, 13.781, 13.782, 13.783, 13.784, 13.785, 13.786, 13.787, 13.788, 13.789, 13.79, 13.791, 13.792, 13.793, 13.794, 13.795, 13.796, 13.797, 13.798, 13.799, 13.8, 13.806, 13.812, 13.826, 13.837, 13.85, 13.859, 13.872, 13.875, 13.876, 13.879, 13.88, 13.881, 13.892, 13.904, 13.919, 13.968, 13.977, 13.992, 13.997, 13.998, 14.009, 14.014, 14.023, 14.025, 14.033, 14.042, 14.043, 14.055, 14.092, 14.096, 14.109, 14.121, 14.137, 14.148, 14.149, 14.156, 14.184, 14.229, 14.233, 14.275, 14.478, 14.485, 14.561, 14.598, 15.349, 15.543]
---
Round: 67, Unk. prob.: 6.390e-03
Surv probs: 9.936e-01, Fail probs: 1.000e-05
No. of non-dominant rules: 12681, Survival rules: 12622, Failure rules: 59
Batch update: 191 rules added, 0 existing rules removed (0 new rules dominated)
Survival: 191 rules added, 0 removed (from 191 candidates)
Batch update: 1 rules added, 0 existing rules removed (0 new rules dominated)
Failure: 1 rules added, 0 removed (from 1 candidates)
Updated sys_vals: [12.787, 12.818, 12.851, 12.913, 12.989, 13.024, 13.031, 13.046, 13.081, 13.132, 13.138, 13.139, 13.15, 13.151, 13.19, 13.203, 13.218, 13.226, 13.228, 13.233, 13.236, 13.241, 13.252, 13.264, 13.277, 13.28, 13.288, 13.294, 13.295, 13.298, 13.304, 13.306, 13.314, 13.325, 13.33, 13.345, 13.356, 13.362, 13.363, 13.366, 13.367, 13.369, 13.372, 13.373, 13.376, 13.377, 13.38, 13.381, 13.39, 13.392, 13.393, 13.396, 13.401, 13.402, 13.403, 13.405, 13.407, 13.408, 13.409, 13.414, 13.415, 13.421, 13.423, 13.426, 13.428, 13.429, 13.43, 13.432, 13.433, 13.435, 13.437, 13.446, 13.45, 13.453, 13.456, 13.459, 13.463, 13.468, 13.469, 13.472, 13.478, 13.48, 13.483, 13.485, 13.487, 13.488, 13.49, 13.497, 13.498, 13.506, 13.507, 13.508, 13.51, 13.516, 13.517, 13.518, 13.519, 13.522, 13.525, 13.528, 13.529, 13.53, 13.532, 13.534, 13.535, 13.537, 13.538, 13.539, 13.542, 13.545, 13.547, 13.548, 13.549, 13.55, 13.552, 13.553, 13.554, 13.555, 13.556, 13.557, 13.558, 13.56, 13.561, 13.563, 13.564, 13.565, 13.568, 13.569, 13.57, 13.571, 13.572, 13.573, 13.574, 13.575, 13.576, 13.577, 13.579, 13.582, 13.583, 13.584, 13.585, 13.586, 13.587, 13.588, 13.589, 13.591, 13.592, 13.593, 13.594, 13.596, 13.597, 13.598, 13.599, 13.6, 13.601, 13.602, 13.603, 13.604, 13.605, 13.606, 13.607, 13.608, 13.609, 13.61, 13.611, 13.612, 13.613, 13.614, 13.615, 13.616, 13.617, 13.618, 13.619, 13.62, 13.621, 13.623, 13.624, 13.625, 13.626, 13.627, 13.628, 13.629, 13.63, 13.631, 13.632, 13.633, 13.634, 13.635, 13.636, 13.637, 13.638, 13.639, 13.64, 13.641, 13.642, 13.644, 13.645, 13.646, 13.647, 13.648, 13.649, 13.65, 13.651, 13.652, 13.653, 13.654, 13.655, 13.656, 13.657, 13.658, 13.659, 13.66, 13.661, 13.662, 13.663, 13.664, 13.665, 13.666, 13.667, 13.668, 13.669, 13.67, 13.671, 13.672, 13.673, 13.674, 13.675, 13.676, 13.677, 13.678, 13.679, 13.68, 13.681, 13.682, 13.683, 13.684, 13.685, 13.686, 13.687, 13.688, 13.689, 13.69, 13.691, 13.692, 13.693, 13.694, 13.695, 13.696, 13.697, 13.698, 13.699, 13.7, 13.701, 13.702, 13.703, 13.704, 13.705, 13.706, 13.707, 13.708, 13.709, 13.71, 13.711, 13.712, 13.713, 13.714, 13.715, 13.716, 13.717, 13.718, 13.719, 13.72, 13.721, 13.722, 13.723, 13.724, 13.725, 13.726, 13.727, 13.728, 13.729, 13.73, 13.731, 13.732, 13.733, 13.734, 13.735, 13.736, 13.737, 13.738, 13.739, 13.74, 13.741, 13.742, 13.743, 13.744, 13.745, 13.746, 13.747, 13.748, 13.749, 13.75, 13.751, 13.752, 13.753, 13.754, 13.755, 13.756, 13.757, 13.758, 13.759, 13.76, 13.761, 13.762, 13.763, 13.764, 13.765, 13.766, 13.767, 13.768, 13.769, 13.77, 13.771, 13.772, 13.773, 13.774, 13.775, 13.776, 13.777, 13.778, 13.779, 13.78, 13.781, 13.782, 13.783, 13.784, 13.785, 13.786, 13.787, 13.788, 13.789, 13.79, 13.791, 13.792, 13.793, 13.794, 13.795, 13.796, 13.797, 13.798, 13.799, 13.8, 13.806, 13.812, 13.826, 13.837, 13.85, 13.859, 13.872, 13.875, 13.876, 13.879, 13.88, 13.881, 13.892, 13.904, 13.919, 13.968, 13.977, 13.992, 13.997, 13.998, 14.009, 14.014, 14.023, 14.025, 14.033, 14.042, 14.043, 14.055, 14.092, 14.096, 14.109, 14.121, 14.128, 14.137, 14.148, 14.149, 14.156, 14.184, 14.229, 14.233, 14.275, 14.478, 14.485, 14.561, 14.598, 15.349, 15.543]
---
Round: 68, Unk. prob.: 5.980e-03
Surv probs: 9.940e-01, Fail probs: 1.000e-05
No. of non-dominant rules: 12873, Survival rules: 12813, Failure rules: 60
Batch update: 192 rules added, 0 existing rules removed (0 new rules dominated)
Survival: 192 rules added, 0 removed (from 192 candidates)
Updated sys_vals: [12.787, 12.818, 12.851, 12.913, 12.978, 12.989, 13.024, 13.031, 13.046, 13.081, 13.132, 13.138, 13.139, 13.15, 13.151, 13.19, 13.203, 13.218, 13.226, 13.228, 13.233, 13.236, 13.241, 13.252, 13.264, 13.277, 13.28, 13.288, 13.294, 13.295, 13.298, 13.304, 13.306, 13.314, 13.325, 13.33, 13.345, 13.356, 13.362, 13.363, 13.366, 13.367, 13.369, 13.372, 13.373, 13.376, 13.377, 13.38, 13.381, 13.39, 13.392, 13.393, 13.396, 13.397, 13.401, 13.402, 13.403, 13.405, 13.407, 13.408, 13.409, 13.414, 13.415, 13.421, 13.423, 13.426, 13.428, 13.429, 13.43, 13.432, 13.433, 13.435, 13.437, 13.446, 13.45, 13.453, 13.456, 13.459, 13.463, 13.468, 13.469, 13.472, 13.478, 13.48, 13.483, 13.485, 13.487, 13.488, 13.49, 13.497, 13.498, 13.506, 13.507, 13.508, 13.51, 13.516, 13.517, 13.518, 13.519, 13.522, 13.525, 13.528, 13.529, 13.53, 13.532, 13.534, 13.535, 13.537, 13.538, 13.539, 13.542, 13.545, 13.547, 13.548, 13.549, 13.55, 13.552, 13.553, 13.554, 13.555, 13.556, 13.557, 13.558, 13.56, 13.561, 13.563, 13.564, 13.565, 13.568, 13.569, 13.57, 13.571, 13.572, 13.573, 13.574, 13.575, 13.576, 13.577, 13.579, 13.582, 13.583, 13.584, 13.585, 13.586, 13.587, 13.588, 13.589, 13.591, 13.592, 13.593, 13.594, 13.596, 13.597, 13.598, 13.599, 13.6, 13.601, 13.602, 13.603, 13.604, 13.605, 13.606, 13.607, 13.608, 13.609, 13.61, 13.611, 13.612, 13.613, 13.614, 13.615, 13.616, 13.617, 13.618, 13.619, 13.62, 13.621, 13.623, 13.624, 13.625, 13.626, 13.627, 13.628, 13.629, 13.63, 13.631, 13.632, 13.633, 13.634, 13.635, 13.636, 13.637, 13.638, 13.639, 13.64, 13.641, 13.642, 13.644, 13.645, 13.646, 13.647, 13.648, 13.649, 13.65, 13.651, 13.652, 13.653, 13.654, 13.655, 13.656, 13.657, 13.658, 13.659, 13.66, 13.661, 13.662, 13.663, 13.664, 13.665, 13.666, 13.667, 13.668, 13.669, 13.67, 13.671, 13.672, 13.673, 13.674, 13.675, 13.676, 13.677, 13.678, 13.679, 13.68, 13.681, 13.682, 13.683, 13.684, 13.685, 13.686, 13.687, 13.688, 13.689, 13.69, 13.691, 13.692, 13.693, 13.694, 13.695, 13.696, 13.697, 13.698, 13.699, 13.7, 13.701, 13.702, 13.703, 13.704, 13.705, 13.706, 13.707, 13.708, 13.709, 13.71, 13.711, 13.712, 13.713, 13.714, 13.715, 13.716, 13.717, 13.718, 13.719, 13.72, 13.721, 13.722, 13.723, 13.724, 13.725, 13.726, 13.727, 13.728, 13.729, 13.73, 13.731, 13.732, 13.733, 13.734, 13.735, 13.736, 13.737, 13.738, 13.739, 13.74, 13.741, 13.742, 13.743, 13.744, 13.745, 13.746, 13.747, 13.748, 13.749, 13.75, 13.751, 13.752, 13.753, 13.754, 13.755, 13.756, 13.757, 13.758, 13.759, 13.76, 13.761, 13.762, 13.763, 13.764, 13.765, 13.766, 13.767, 13.768, 13.769, 13.77, 13.771, 13.772, 13.773, 13.774, 13.775, 13.776, 13.777, 13.778, 13.779, 13.78, 13.781, 13.782, 13.783, 13.784, 13.785, 13.786, 13.787, 13.788, 13.789, 13.79, 13.791, 13.792, 13.793, 13.794, 13.795, 13.796, 13.797, 13.798, 13.799, 13.8, 13.806, 13.812, 13.826, 13.837, 13.85, 13.859, 13.872, 13.875, 13.876, 13.879, 13.88, 13.881, 13.892, 13.904, 13.919, 13.968, 13.977, 13.992, 13.997, 13.998, 14.009, 14.014, 14.023, 14.025, 14.033, 14.042, 14.043, 14.055, 14.092, 14.096, 14.109, 14.121, 14.128, 14.137, 14.148, 14.149, 14.156, 14.184, 14.229, 14.233, 14.275, 14.478, 14.485, 14.561, 14.598, 15.349, 15.543]
---
Round: 69, Unk. prob.: 5.660e-03
Surv probs: 9.943e-01, Fail probs: 1.000e-05
No. of non-dominant rules: 13065, Survival rules: 13005, Failure rules: 60
Batch update: 191 rules added, 0 existing rules removed (0 new rules dominated)
Survival: 191 rules added, 0 removed (from 191 candidates)
Batch update: 1 rules added, 0 existing rules removed (0 new rules dominated)
Failure: 1 rules added, 0 removed (from 1 candidates)
Updated sys_vals: [12.787, 12.818, 12.851, 12.913, 12.978, 12.989, 13.024, 13.031, 13.046, 13.081, 13.132, 13.138, 13.139, 13.15, 13.151, 13.19, 13.203, 13.218, 13.226, 13.228, 13.233, 13.236, 13.241, 13.252, 13.264, 13.277, 13.28, 13.288, 13.294, 13.295, 13.298, 13.304, 13.306, 13.314, 13.325, 13.33, 13.345, 13.356, 13.362, 13.363, 13.366, 13.367, 13.369, 13.372, 13.373, 13.376, 13.377, 13.38, 13.381, 13.39, 13.392, 13.393, 13.396, 13.397, 13.401, 13.402, 13.403, 13.405, 13.407, 13.408, 13.409, 13.414, 13.415, 13.421, 13.423, 13.426, 13.428, 13.429, 13.43, 13.432, 13.433, 13.435, 13.437, 13.446, 13.45, 13.453, 13.456, 13.459, 13.463, 13.468, 13.469, 13.472, 13.478, 13.48, 13.483, 13.485, 13.487, 13.488, 13.49, 13.497, 13.498, 13.506, 13.507, 13.508, 13.51, 13.516, 13.517, 13.518, 13.519, 13.522, 13.525, 13.528, 13.529, 13.53, 13.532, 13.534, 13.535, 13.537, 13.538, 13.539, 13.542, 13.545, 13.547, 13.548, 13.549, 13.55, 13.552, 13.553, 13.554, 13.555, 13.556, 13.557, 13.558, 13.56, 13.561, 13.563, 13.564, 13.565, 13.568, 13.569, 13.57, 13.571, 13.572, 13.573, 13.574, 13.575, 13.576, 13.577, 13.579, 13.582, 13.583, 13.584, 13.585, 13.586, 13.587, 13.588, 13.589, 13.591, 13.592, 13.593, 13.594, 13.596, 13.597, 13.598, 13.599, 13.6, 13.601, 13.602, 13.603, 13.604, 13.605, 13.606, 13.607, 13.608, 13.609, 13.61, 13.611, 13.612, 13.613, 13.614, 13.615, 13.616, 13.617, 13.618, 13.619, 13.62, 13.621, 13.623, 13.624, 13.625, 13.626, 13.627, 13.628, 13.629, 13.63, 13.631, 13.632, 13.633, 13.634, 13.635, 13.636, 13.637, 13.638, 13.639, 13.64, 13.641, 13.642, 13.644, 13.645, 13.646, 13.647, 13.648, 13.649, 13.65, 13.651, 13.652, 13.653, 13.654, 13.655, 13.656, 13.657, 13.658, 13.659, 13.66, 13.661, 13.662, 13.663, 13.664, 13.665, 13.666, 13.667, 13.668, 13.669, 13.67, 13.671, 13.672, 13.673, 13.674, 13.675, 13.676, 13.677, 13.678, 13.679, 13.68, 13.681, 13.682, 13.683, 13.684, 13.685, 13.686, 13.687, 13.688, 13.689, 13.69, 13.691, 13.692, 13.693, 13.694, 13.695, 13.696, 13.697, 13.698, 13.699, 13.7, 13.701, 13.702, 13.703, 13.704, 13.705, 13.706, 13.707, 13.708, 13.709, 13.71, 13.711, 13.712, 13.713, 13.714, 13.715, 13.716, 13.717, 13.718, 13.719, 13.72, 13.721, 13.722, 13.723, 13.724, 13.725, 13.726, 13.727, 13.728, 13.729, 13.73, 13.731, 13.732, 13.733, 13.734, 13.735, 13.736, 13.737, 13.738, 13.739, 13.74, 13.741, 13.742, 13.743, 13.744, 13.745, 13.746, 13.747, 13.748, 13.749, 13.75, 13.751, 13.752, 13.753, 13.754, 13.755, 13.756, 13.757, 13.758, 13.759, 13.76, 13.761, 13.762, 13.763, 13.764, 13.765, 13.766, 13.767, 13.768, 13.769, 13.77, 13.771, 13.772, 13.773, 13.774, 13.775, 13.776, 13.777, 13.778, 13.779, 13.78, 13.781, 13.782, 13.783, 13.784, 13.785, 13.786, 13.787, 13.788, 13.789, 13.79, 13.791, 13.792, 13.793, 13.794, 13.795, 13.796, 13.797, 13.798, 13.799, 13.8, 13.806, 13.812, 13.826, 13.837, 13.85, 13.859, 13.872, 13.875, 13.876, 13.879, 13.88, 13.881, 13.892, 13.904, 13.919, 13.968, 13.977, 13.992, 13.997, 13.998, 14.009, 14.014, 14.023, 14.025, 14.033, 14.042, 14.043, 14.055, 14.092, 14.096, 14.109, 14.121, 14.128, 14.137, 14.148, 14.149, 14.156, 14.184, 14.229, 14.233, 14.275, 14.326, 14.478, 14.485, 14.561, 14.598, 15.349, 15.543]
---
Round: 70, Unk. prob.: 6.150e-03
Surv probs: 9.938e-01, Fail probs: 1.000e-05
No. of non-dominant rules: 13257, Survival rules: 13196, Failure rules: 61
