============================================================
Fixed-k search on IEEE 118-bus DC-OPF
============================================================

  Components:  304 total
  Max states:  4
  Threshold:   13.8% blackout (Scenario 1)

Initialising DC-OPF system function...
DC-OPF sfun ready: 118 buses, 54 generators, 186 branches

============================================================
Phase 1: Loading pre-computed failures
============================================================
  /scratch/w84/hxr547/tsum/demos/case118/results_fixedk/failures_k3.json: 9 entries
Loaded 9 verified failures

Phase 1 complete: 9 failures in 0.1s

============================================================
Phase 2: Minimizing 9 failures into rules
============================================================
  Minimized 9/9 (last: 3 conditions)

Phase 2 complete: 9 unique rules (from 9) in 32.4s

Seed rule length distribution:
  3 conditions: 9 rules

============================================================
Phase 3: TSUM rule extraction (seeded with fixed-k rules)
============================================================
  Bias factor: 10.0
  Seed rules:  9 failure rules
  Convergence: unk_prob < 1e-05
  Device:      cpu
  Workers:     192

Starting rule extraction...

Loaded 9 initial failure rules
Parallel mode: 192 CPU workers for sfun + minimization
Biased sampling: using discovery_probs for all rounds
---
Round: 1, Unk. prob.: 1.000e+00
Surv probs: 0.000e+00, Fail probs: 0.000e+00
No. of non-dominant rules: 9, Survival rules: 0, Failure rules: 9
Batch update: 182 rules added, 0 existing rules removed (0 new rules dominated)
Survival: 182 rules added, 0 removed (from 182 candidates)
Batch update: 10 rules added, 0 existing rules removed (0 new rules dominated)
Failure: 10 rules added, 0 removed (from 10 candidates)
Updated sys_vals: [13.662, 13.665, 13.667, 13.672, 13.682, 13.686, 13.719, 13.723, 13.728, 13.729, 13.733, 13.735, 13.736, 13.739, 13.74, 13.741, 13.743, 13.749, 13.752, 13.754, 13.756, 13.757, 13.76, 13.761, 13.764, 13.765, 13.766, 13.768, 13.769, 13.77, 13.771, 13.772, 13.773, 13.774, 13.775, 13.776, 13.777, 13.778, 13.779, 13.78, 13.781, 13.782, 13.783, 13.784, 13.785, 13.786, 13.787, 13.788, 13.789, 13.79, 13.791, 13.792, 13.793, 13.794, 13.795, 13.796, 13.797, 13.798, 13.799, 13.8, 13.819, 13.823, 13.826, 13.838, 13.883, 13.909, 13.919, 13.942, 13.982, 14.191]
---
Round: 2, Unk. prob.: 1.000e+00
Surv probs: 0.000e+00, Fail probs: 0.000e+00
No. of non-dominant rules: 201, Survival rules: 182, Failure rules: 19
Batch update: 181 rules added, 0 existing rules removed (0 new rules dominated)
Survival: 181 rules added, 0 removed (from 181 candidates)
Batch update: 11 rules added, 0 existing rules removed (0 new rules dominated)
Failure: 11 rules added, 0 removed (from 11 candidates)
Updated sys_vals: [13.662, 13.665, 13.667, 13.672, 13.679, 13.682, 13.686, 13.693, 13.702, 13.703, 13.709, 13.714, 13.719, 13.722, 13.723, 13.728, 13.729, 13.731, 13.733, 13.735, 13.736, 13.737, 13.739, 13.74, 13.741, 13.743, 13.744, 13.746, 13.747, 13.748, 13.749, 13.75, 13.752, 13.753, 13.754, 13.755, 13.756, 13.757, 13.758, 13.76, 13.761, 13.762, 13.763, 13.764, 13.765, 13.766, 13.767, 13.768, 13.769, 13.77, 13.771, 13.772, 13.773, 13.774, 13.775, 13.776, 13.777, 13.778, 13.779, 13.78, 13.781, 13.782, 13.783, 13.784, 13.785, 13.786, 13.787, 13.788, 13.789, 13.79, 13.791, 13.792, 13.793, 13.794, 13.795, 13.796, 13.797, 13.798, 13.799, 13.8, 13.801, 13.804, 13.816, 13.819, 13.82, 13.823, 13.826, 13.831, 13.838, 13.849, 13.851, 13.883, 13.894, 13.909, 13.913, 13.919, 13.922, 13.942, 13.982, 14.191, 14.235]
---
Round: 3, Unk. prob.: 1.000e+00
Surv probs: 0.000e+00, Fail probs: 0.000e+00
No. of non-dominant rules: 393, Survival rules: 363, Failure rules: 30
Batch update: 178 rules added, 0 existing rules removed (0 new rules dominated)
Survival: 178 rules added, 0 removed (from 178 candidates)
Batch update: 14 rules added, 0 existing rules removed (0 new rules dominated)
Failure: 14 rules added, 0 removed (from 14 candidates)
Updated sys_vals: [13.662, 13.665, 13.667, 13.668, 13.672, 13.679, 13.682, 13.686, 13.693, 13.694, 13.702, 13.703, 13.707, 13.709, 13.711, 13.714, 13.716, 13.718, 13.719, 13.72, 13.722, 13.723, 13.727, 13.728, 13.729, 13.73, 13.731, 13.733, 13.735, 13.736, 13.737, 13.739, 13.74, 13.741, 13.743, 13.744, 13.745, 13.746, 13.747, 13.748, 13.749, 13.75, 13.751, 13.752, 13.753, 13.754, 13.755, 13.756, 13.757, 13.758, 13.759, 13.76, 13.761, 13.762, 13.763, 13.764, 13.765, 13.766, 13.767, 13.768, 13.769, 13.77, 13.771, 13.772, 13.773, 13.774, 13.775, 13.776, 13.777, 13.778, 13.779, 13.78, 13.781, 13.782, 13.783, 13.784, 13.785, 13.786, 13.787, 13.788, 13.789, 13.79, 13.791, 13.792, 13.793, 13.794, 13.795, 13.796, 13.797, 13.798, 13.799, 13.8, 13.801, 13.803, 13.804, 13.815, 13.816, 13.819, 13.82, 13.823, 13.825, 13.826, 13.827, 13.831, 13.833, 13.838, 13.841, 13.849, 13.851, 13.883, 13.884, 13.894, 13.908, 13.909, 13.913, 13.919, 13.922, 13.929, 13.942, 13.982, 14.099, 14.191, 14.235, 14.246]
---
Round: 4, Unk. prob.: 1.000e+00
Surv probs: 0.000e+00, Fail probs: 0.000e+00
No. of non-dominant rules: 585, Survival rules: 541, Failure rules: 44
Batch update: 182 rules added, 0 existing rules removed (0 new rules dominated)
Survival: 182 rules added, 0 removed (from 182 candidates)
Batch update: 10 rules added, 0 existing rules removed (0 new rules dominated)
Failure: 10 rules added, 0 removed (from 10 candidates)
Updated sys_vals: [13.633, 13.655, 13.662, 13.664, 13.665, 13.667, 13.668, 13.672, 13.674, 13.679, 13.682, 13.686, 13.693, 13.694, 13.698, 13.7, 13.702, 13.703, 13.707, 13.709, 13.711, 13.714, 13.716, 13.718, 13.719, 13.72, 13.721, 13.722, 13.723, 13.724, 13.725, 13.727, 13.728, 13.729, 13.73, 13.731, 13.733, 13.734, 13.735, 13.736, 13.737, 13.739, 13.74, 13.741, 13.743, 13.744, 13.745, 13.746, 13.747, 13.748, 13.749, 13.75, 13.751, 13.752, 13.753, 13.754, 13.755, 13.756, 13.757, 13.758, 13.759, 13.76, 13.761, 13.762, 13.763, 13.764, 13.765, 13.766, 13.767, 13.768, 13.769, 13.77, 13.771, 13.772, 13.773, 13.774, 13.775, 13.776, 13.777, 13.778, 13.779, 13.78, 13.781, 13.782, 13.783, 13.784, 13.785, 13.786, 13.787, 13.788, 13.789, 13.79, 13.791, 13.792, 13.793, 13.794, 13.795, 13.796, 13.797, 13.798, 13.799, 13.8, 13.801, 13.803, 13.804, 13.814, 13.815, 13.816, 13.819, 13.82, 13.823, 13.825, 13.826, 13.827, 13.831, 13.833, 13.838, 13.841, 13.845, 13.848, 13.849, 13.851, 13.879, 13.883, 13.884, 13.894, 13.908, 13.909, 13.913, 13.919, 13.922, 13.925, 13.929, 13.942, 13.971, 13.982, 14.012, 14.099, 14.191, 14.235, 14.246]
---
Round: 5, Unk. prob.: 1.000e+00
Surv probs: 0.000e+00, Fail probs: 0.000e+00
No. of non-dominant rules: 777, Survival rules: 723, Failure rules: 54
Batch update: 178 rules added, 0 existing rules removed (0 new rules dominated)
Survival: 178 rules added, 0 removed (from 178 candidates)
Batch update: 14 rules added, 0 existing rules removed (0 new rules dominated)
Failure: 14 rules added, 0 removed (from 14 candidates)
Updated sys_vals: [13.609, 13.633, 13.655, 13.662, 13.664, 13.665, 13.666, 13.667, 13.668, 13.672, 13.673, 13.674, 13.677, 13.679, 13.682, 13.685, 13.686, 13.69, 13.693, 13.694, 13.698, 13.7, 13.702, 13.703, 13.707, 13.709, 13.711, 13.714, 13.716, 13.718, 13.719, 13.72, 13.721, 13.722, 13.723, 13.724, 13.725, 13.726, 13.727, 13.728, 13.729, 13.73, 13.731, 13.733, 13.734, 13.735, 13.736, 13.737, 13.738, 13.739, 13.74, 13.741, 13.743, 13.744, 13.745, 13.746, 13.747, 13.748, 13.749, 13.75, 13.751, 13.752, 13.753, 13.754, 13.755, 13.756, 13.757, 13.758, 13.759, 13.76, 13.761, 13.762, 13.763, 13.764, 13.765, 13.766, 13.767, 13.768, 13.769, 13.77, 13.771, 13.772, 13.773, 13.774, 13.775, 13.776, 13.777, 13.778, 13.779, 13.78, 13.781, 13.782, 13.783, 13.784, 13.785, 13.786, 13.787, 13.788, 13.789, 13.79, 13.791, 13.792, 13.793, 13.794, 13.795, 13.796, 13.797, 13.798, 13.799, 13.8, 13.801, 13.803, 13.804, 13.806, 13.814, 13.815, 13.816, 13.819, 13.82, 13.822, 13.823, 13.825, 13.826, 13.827, 13.831, 13.833, 13.838, 13.839, 13.841, 13.845, 13.848, 13.849, 13.851, 13.866, 13.879, 13.883, 13.884, 13.89, 13.894, 13.908, 13.909, 13.911, 13.913, 13.919, 13.921, 13.922, 13.925, 13.929, 13.942, 13.951, 13.967, 13.971, 13.982, 13.985, 13.987, 14.012, 14.086, 14.099, 14.191, 14.235, 14.246, 14.424]
---
Round: 6, Unk. prob.: 1.000e+00
Surv probs: 0.000e+00, Fail probs: 0.000e+00
No. of non-dominant rules: 969, Survival rules: 901, Failure rules: 68
Batch update: 179 rules added, 0 existing rules removed (0 new rules dominated)
Survival: 179 rules added, 0 removed (from 179 candidates)
Batch update: 13 rules added, 0 existing rules removed (0 new rules dominated)
Failure: 13 rules added, 0 removed (from 13 candidates)
Updated sys_vals: [13.609, 13.633, 13.655, 13.661, 13.662, 13.664, 13.665, 13.666, 13.667, 13.668, 13.672, 13.673, 13.674, 13.677, 13.679, 13.682, 13.685, 13.686, 13.69, 13.693, 13.694, 13.698, 13.7, 13.702, 13.703, 13.705, 13.707, 13.709, 13.711, 13.712, 13.713, 13.714, 13.716, 13.718, 13.719, 13.72, 13.721, 13.722, 13.723, 13.724, 13.725, 13.726, 13.727, 13.728, 13.729, 13.73, 13.731, 13.733, 13.734, 13.735, 13.736, 13.737, 13.738, 13.739, 13.74, 13.741, 13.743, 13.744, 13.745, 13.746, 13.747, 13.748, 13.749, 13.75, 13.751, 13.752, 13.753, 13.754, 13.755, 13.756, 13.757, 13.758, 13.759, 13.76, 13.761, 13.762, 13.763, 13.764, 13.765, 13.766, 13.767, 13.768, 13.769, 13.77, 13.771, 13.772, 13.773, 13.774, 13.775, 13.776, 13.777, 13.778, 13.779, 13.78, 13.781, 13.782, 13.783, 13.784, 13.785, 13.786, 13.787, 13.788, 13.789, 13.79, 13.791, 13.792, 13.793, 13.794, 13.795, 13.796, 13.797, 13.798, 13.799, 13.8, 13.801, 13.803, 13.804, 13.806, 13.811, 13.814, 13.815, 13.816, 13.819, 13.82, 13.822, 13.823, 13.825, 13.826, 13.827, 13.831, 13.833, 13.834, 13.838, 13.839, 13.841, 13.843, 13.845, 13.848, 13.849, 13.851, 13.857, 13.86, 13.866, 13.868, 13.879, 13.883, 13.884, 13.886, 13.89, 13.894, 13.908, 13.909, 13.911, 13.913, 13.919, 13.921, 13.922, 13.925, 13.929, 13.942, 13.951, 13.96, 13.967, 13.971, 13.975, 13.982, 13.985, 13.987, 13.995, 14.012, 14.086, 14.099, 14.183, 14.191, 14.235, 14.246, 14.424]
---
Round: 7, Unk. prob.: 1.000e+00
Surv probs: 0.000e+00, Fail probs: 0.000e+00
No. of non-dominant rules: 1161, Survival rules: 1080, Failure rules: 81
Batch update: 184 rules added, 0 existing rules removed (0 new rules dominated)
Survival: 184 rules added, 0 removed (from 184 candidates)
Batch update: 8 rules added, 0 existing rules removed (0 new rules dominated)
Failure: 8 rules added, 0 removed (from 8 candidates)
Updated sys_vals: [13.439, 13.609, 13.633, 13.655, 13.661, 13.662, 13.664, 13.665, 13.666, 13.667, 13.668, 13.672, 13.673, 13.674, 13.677, 13.679, 13.682, 13.685, 13.686, 13.688, 13.69, 13.693, 13.694, 13.696, 13.698, 13.7, 13.702, 13.703, 13.705, 13.707, 13.709, 13.711, 13.712, 13.713, 13.714, 13.716, 13.718, 13.719, 13.72, 13.721, 13.722, 13.723, 13.724, 13.725, 13.726, 13.727, 13.728, 13.729, 13.73, 13.731, 13.733, 13.734, 13.735, 13.736, 13.737, 13.738, 13.739, 13.74, 13.741, 13.743, 13.744, 13.745, 13.746, 13.747, 13.748, 13.749, 13.75, 13.751, 13.752, 13.753, 13.754, 13.755, 13.756, 13.757, 13.758, 13.759, 13.76, 13.761, 13.762, 13.763, 13.764, 13.765, 13.766, 13.767, 13.768, 13.769, 13.77, 13.771, 13.772, 13.773, 13.774, 13.775, 13.776, 13.777, 13.778, 13.779, 13.78, 13.781, 13.782, 13.783, 13.784, 13.785, 13.786, 13.787, 13.788, 13.789, 13.79, 13.791, 13.792, 13.793, 13.794, 13.795, 13.796, 13.797, 13.798, 13.799, 13.8, 13.801, 13.803, 13.804, 13.806, 13.811, 13.814, 13.815, 13.816, 13.819, 13.82, 13.822, 13.823, 13.825, 13.826, 13.827, 13.831, 13.833, 13.834, 13.838, 13.839, 13.841, 13.843, 13.845, 13.848, 13.849, 13.851, 13.857, 13.86, 13.866, 13.868, 13.879, 13.883, 13.884, 13.886, 13.89, 13.894, 13.908, 13.909, 13.911, 13.913, 13.919, 13.92, 13.921, 13.922, 13.925, 13.928, 13.929, 13.933, 13.942, 13.951, 13.96, 13.967, 13.971, 13.975, 13.982, 13.985, 13.987, 13.995, 14.012, 14.086, 14.099, 14.183, 14.191, 14.235, 14.246, 14.424]
---
Round: 8, Unk. prob.: 1.000e+00
Surv probs: 0.000e+00, Fail probs: 0.000e+00
No. of non-dominant rules: 1353, Survival rules: 1264, Failure rules: 89
Batch update: 181 rules added, 0 existing rules removed (0 new rules dominated)
Survival: 181 rules added, 0 removed (from 181 candidates)
Batch update: 11 rules added, 0 existing rules removed (0 new rules dominated)
Failure: 11 rules added, 0 removed (from 11 candidates)
Updated sys_vals: [13.439, 13.609, 13.633, 13.655, 13.661, 13.662, 13.664, 13.665, 13.666, 13.667, 13.668, 13.672, 13.673, 13.674, 13.676, 13.677, 13.679, 13.682, 13.685, 13.686, 13.688, 13.689, 13.69, 13.693, 13.694, 13.695, 13.696, 13.698, 13.7, 13.702, 13.703, 13.705, 13.707, 13.709, 13.711, 13.712, 13.713, 13.714, 13.716, 13.718, 13.719, 13.72, 13.721, 13.722, 13.723, 13.724, 13.725, 13.726, 13.727, 13.728, 13.729, 13.73, 13.731, 13.732, 13.733, 13.734, 13.735, 13.736, 13.737, 13.738, 13.739, 13.74, 13.741, 13.743, 13.744, 13.745, 13.746, 13.747, 13.748, 13.749, 13.75, 13.751, 13.752, 13.753, 13.754, 13.755, 13.756, 13.757, 13.758, 13.759, 13.76, 13.761, 13.762, 13.763, 13.764, 13.765, 13.766, 13.767, 13.768, 13.769, 13.77, 13.771, 13.772, 13.773, 13.774, 13.775, 13.776, 13.777, 13.778, 13.779, 13.78, 13.781, 13.782, 13.783, 13.784, 13.785, 13.786, 13.787, 13.788, 13.789, 13.79, 13.791, 13.792, 13.793, 13.794, 13.795, 13.796, 13.797, 13.798, 13.799, 13.8, 13.801, 13.802, 13.803, 13.804, 13.806, 13.808, 13.811, 13.814, 13.815, 13.816, 13.819, 13.82, 13.821, 13.822, 13.823, 13.825, 13.826, 13.827, 13.831, 13.833, 13.834, 13.838, 13.839, 13.841, 13.842, 13.843, 13.845, 13.848, 13.849, 13.851, 13.857, 13.86, 13.862, 13.866, 13.868, 13.879, 13.881, 13.883, 13.884, 13.886, 13.888, 13.89, 13.894, 13.908, 13.909, 13.911, 13.913, 13.919, 13.92, 13.921, 13.922, 13.925, 13.928, 13.929, 13.931, 13.933, 13.942, 13.951, 13.96, 13.967, 13.971, 13.975, 13.982, 13.985, 13.987, 13.995, 14.012, 14.038, 14.086, 14.099, 14.183, 14.191, 14.235, 14.246, 14.424]
---
Round: 9, Unk. prob.: 1.000e+00
Surv probs: 0.000e+00, Fail probs: 0.000e+00
No. of non-dominant rules: 1545, Survival rules: 1445, Failure rules: 100
Batch update: 180 rules added, 0 existing rules removed (0 new rules dominated)
Survival: 180 rules added, 0 removed (from 180 candidates)
Batch update: 12 rules added, 0 existing rules removed (0 new rules dominated)
Failure: 12 rules added, 0 removed (from 12 candidates)
Updated sys_vals: [13.439, 13.609, 13.633, 13.655, 13.661, 13.662, 13.664, 13.665, 13.666, 13.667, 13.668, 13.669, 13.672, 13.673, 13.674, 13.676, 13.677, 13.679, 13.682, 13.685, 13.686, 13.688, 13.689, 13.69, 13.693, 13.694, 13.695, 13.696, 13.698, 13.699, 13.7, 13.702, 13.703, 13.705, 13.707, 13.709, 13.711, 13.712, 13.713, 13.714, 13.716, 13.718, 13.719, 13.72, 13.721, 13.722, 13.723, 13.724, 13.725, 13.726, 13.727, 13.728, 13.729, 13.73, 13.731, 13.732, 13.733, 13.734, 13.735, 13.736, 13.737, 13.738, 13.739, 13.74, 13.741, 13.742, 13.743, 13.744, 13.745, 13.746, 13.747, 13.748, 13.749, 13.75, 13.751, 13.752, 13.753, 13.754, 13.755, 13.756, 13.757, 13.758, 13.759, 13.76, 13.761, 13.762, 13.763, 13.764, 13.765, 13.766, 13.767, 13.768, 13.769, 13.77, 13.771, 13.772, 13.773, 13.774, 13.775, 13.776, 13.777, 13.778, 13.779, 13.78, 13.781, 13.782, 13.783, 13.784, 13.785, 13.786, 13.787, 13.788, 13.789, 13.79, 13.791, 13.792, 13.793, 13.794, 13.795, 13.796, 13.797, 13.798, 13.799, 13.8, 13.801, 13.802, 13.803, 13.804, 13.806, 13.808, 13.811, 13.812, 13.813, 13.814, 13.815, 13.816, 13.819, 13.82, 13.821, 13.822, 13.823, 13.825, 13.826, 13.827, 13.831, 13.833, 13.834, 13.838, 13.839, 13.841, 13.842, 13.843, 13.845, 13.847, 13.848, 13.849, 13.85, 13.851, 13.857, 13.86, 13.862, 13.864, 13.866, 13.868, 13.879, 13.881, 13.883, 13.884, 13.886, 13.888, 13.89, 13.894, 13.908, 13.909, 13.911, 13.913, 13.919, 13.92, 13.921, 13.922, 13.925, 13.928, 13.929, 13.931, 13.933, 13.942, 13.943, 13.951, 13.96, 13.967, 13.971, 13.975, 13.982, 13.985, 13.987, 13.995, 14.012, 14.014, 14.038, 14.039, 14.086, 14.099, 14.101, 14.183, 14.191, 14.235, 14.246, 14.424]
---
Round: 10, Unk. prob.: 1.000e+00
Surv probs: 0.000e+00, Fail probs: 0.000e+00
No. of non-dominant rules: 1737, Survival rules: 1625, Failure rules: 112
Batch update: 180 rules added, 0 existing rules removed (0 new rules dominated)
Survival: 180 rules added, 0 removed (from 180 candidates)
Batch update: 12 rules added, 0 existing rules removed (0 new rules dominated)
Failure: 12 rules added, 0 removed (from 12 candidates)
Updated sys_vals: [13.439, 13.609, 13.633, 13.655, 13.661, 13.662, 13.664, 13.665, 13.666, 13.667, 13.668, 13.669, 13.672, 13.673, 13.674, 13.676, 13.677, 13.679, 13.682, 13.685, 13.686, 13.688, 13.689, 13.69, 13.693, 13.694, 13.695, 13.696, 13.697, 13.698, 13.699, 13.7, 13.702, 13.703, 13.705, 13.706, 13.707, 13.709, 13.711, 13.712, 13.713, 13.714, 13.715, 13.716, 13.718, 13.719, 13.72, 13.721, 13.722, 13.723, 13.724, 13.725, 13.726, 13.727, 13.728, 13.729, 13.73, 13.731, 13.732, 13.733, 13.734, 13.735, 13.736, 13.737, 13.738, 13.739, 13.74, 13.741, 13.742, 13.743, 13.744, 13.745, 13.746, 13.747, 13.748, 13.749, 13.75, 13.751, 13.752, 13.753, 13.754, 13.755, 13.756, 13.757, 13.758, 13.759, 13.76, 13.761, 13.762, 13.763, 13.764, 13.765, 13.766, 13.767, 13.768, 13.769, 13.77, 13.771, 13.772, 13.773, 13.774, 13.775, 13.776, 13.777, 13.778, 13.779, 13.78, 13.781, 13.782, 13.783, 13.784, 13.785, 13.786, 13.787, 13.788, 13.789, 13.79, 13.791, 13.792, 13.793, 13.794, 13.795, 13.796, 13.797, 13.798, 13.799, 13.8, 13.801, 13.802, 13.803, 13.804, 13.806, 13.808, 13.811, 13.812, 13.813, 13.814, 13.815, 13.816, 13.818, 13.819, 13.82, 13.821, 13.822, 13.823, 13.825, 13.826, 13.827, 13.831, 13.833, 13.834, 13.838, 13.839, 13.841, 13.842, 13.843, 13.845, 13.847, 13.848, 13.849, 13.85, 13.851, 13.857, 13.858, 13.86, 13.862, 13.863, 13.864, 13.865, 13.866, 13.868, 13.879, 13.881, 13.883, 13.884, 13.886, 13.888, 13.89, 13.894, 13.908, 13.909, 13.911, 13.912, 13.913, 13.919, 13.92, 13.921, 13.922, 13.925, 13.928, 13.929, 13.931, 13.933, 13.942, 13.943, 13.951, 13.96, 13.967, 13.971, 13.975, 13.982, 13.985, 13.987, 13.995, 13.999, 14.012, 14.014, 14.038, 14.039, 14.086, 14.099, 14.101, 14.183, 14.191, 14.235, 14.246, 14.424]
---
Round: 11, Unk. prob.: 1.000e+00
Surv probs: 0.000e+00, Fail probs: 0.000e+00
No. of non-dominant rules: 1929, Survival rules: 1805, Failure rules: 124
Batch update: 181 rules added, 0 existing rules removed (0 new rules dominated)
Survival: 181 rules added, 0 removed (from 181 candidates)
Batch update: 11 rules added, 0 existing rules removed (0 new rules dominated)
Failure: 11 rules added, 0 removed (from 11 candidates)
Updated sys_vals: [13.439, 13.609, 13.633, 13.655, 13.66, 13.661, 13.662, 13.664, 13.665, 13.666, 13.667, 13.668, 13.669, 13.672, 13.673, 13.674, 13.676, 13.677, 13.679, 13.682, 13.685, 13.686, 13.688, 13.689, 13.69, 13.693, 13.694, 13.695, 13.696, 13.697, 13.698, 13.699, 13.7, 13.702, 13.703, 13.705, 13.706, 13.707, 13.709, 13.711, 13.712, 13.713, 13.714, 13.715, 13.716, 13.718, 13.719, 13.72, 13.721, 13.722, 13.723, 13.724, 13.725, 13.726, 13.727, 13.728, 13.729, 13.73, 13.731, 13.732, 13.733, 13.734, 13.735, 13.736, 13.737, 13.738, 13.739, 13.74, 13.741, 13.742, 13.743, 13.744, 13.745, 13.746, 13.747, 13.748, 13.749, 13.75, 13.751, 13.752, 13.753, 13.754, 13.755, 13.756, 13.757, 13.758, 13.759, 13.76, 13.761, 13.762, 13.763, 13.764, 13.765, 13.766, 13.767, 13.768, 13.769, 13.77, 13.771, 13.772, 13.773, 13.774, 13.775, 13.776, 13.777, 13.778, 13.779, 13.78, 13.781, 13.782, 13.783, 13.784, 13.785, 13.786, 13.787, 13.788, 13.789, 13.79, 13.791, 13.792, 13.793, 13.794, 13.795, 13.796, 13.797, 13.798, 13.799, 13.8, 13.801, 13.802, 13.803, 13.804, 13.806, 13.808, 13.811, 13.812, 13.813, 13.814, 13.815, 13.816, 13.818, 13.819, 13.82, 13.821, 13.822, 13.823, 13.825, 13.826, 13.827, 13.831, 13.833, 13.834, 13.838, 13.839, 13.841, 13.842, 13.843, 13.845, 13.847, 13.848, 13.849, 13.85, 13.851, 13.857, 13.858, 13.86, 13.862, 13.863, 13.864, 13.865, 13.866, 13.868, 13.879, 13.881, 13.883, 13.884, 13.886, 13.887, 13.888, 13.89, 13.894, 13.908, 13.909, 13.91, 13.911, 13.912, 13.913, 13.916, 13.919, 13.92, 13.921, 13.922, 13.924, 13.925, 13.928, 13.929, 13.931, 13.933, 13.942, 13.943, 13.951, 13.953, 13.96, 13.967, 13.971, 13.975, 13.982, 13.985, 13.987, 13.991, 13.995, 13.999, 14.012, 14.014, 14.016, 14.038, 14.039, 14.086, 14.099, 14.101, 14.174, 14.183, 14.191, 14.235, 14.246, 14.424]
---
Round: 12, Unk. prob.: 1.000e+00
Surv probs: 0.000e+00, Fail probs: 0.000e+00
No. of non-dominant rules: 2121, Survival rules: 1986, Failure rules: 135
Batch update: 178 rules added, 0 existing rules removed (0 new rules dominated)
Survival: 178 rules added, 0 removed (from 178 candidates)
Batch update: 14 rules added, 0 existing rules removed (0 new rules dominated)
Failure: 14 rules added, 0 removed (from 14 candidates)
Updated sys_vals: [13.439, 13.609, 13.633, 13.647, 13.655, 13.658, 13.66, 13.661, 13.662, 13.664, 13.665, 13.666, 13.667, 13.668, 13.669, 13.67, 13.672, 13.673, 13.674, 13.676, 13.677, 13.679, 13.682, 13.685, 13.686, 13.688, 13.689, 13.69, 13.691, 13.693, 13.694, 13.695, 13.696, 13.697, 13.698, 13.699, 13.7, 13.702, 13.703, 13.704, 13.705, 13.706, 13.707, 13.709, 13.711, 13.712, 13.713, 13.714, 13.715, 13.716, 13.718, 13.719, 13.72, 13.721, 13.722, 13.723, 13.724, 13.725, 13.726, 13.727, 13.728, 13.729, 13.73, 13.731, 13.732, 13.733, 13.734, 13.735, 13.736, 13.737, 13.738, 13.739, 13.74, 13.741, 13.742, 13.743, 13.744, 13.745, 13.746, 13.747, 13.748, 13.749, 13.75, 13.751, 13.752, 13.753, 13.754, 13.755, 13.756, 13.757, 13.758, 13.759, 13.76, 13.761, 13.762, 13.763, 13.764, 13.765, 13.766, 13.767, 13.768, 13.769, 13.77, 13.771, 13.772, 13.773, 13.774, 13.775, 13.776, 13.777, 13.778, 13.779, 13.78, 13.781, 13.782, 13.783, 13.784, 13.785, 13.786, 13.787, 13.788, 13.789, 13.79, 13.791, 13.792, 13.793, 13.794, 13.795, 13.796, 13.797, 13.798, 13.799, 13.8, 13.801, 13.802, 13.803, 13.804, 13.805, 13.806, 13.808, 13.811, 13.812, 13.813, 13.814, 13.815, 13.816, 13.818, 13.819, 13.82, 13.821, 13.822, 13.823, 13.825, 13.826, 13.827, 13.831, 13.833, 13.834, 13.838, 13.839, 13.841, 13.842, 13.843, 13.845, 13.847, 13.848, 13.849, 13.85, 13.851, 13.857, 13.858, 13.86, 13.862, 13.863, 13.864, 13.865, 13.866, 13.868, 13.869, 13.879, 13.881, 13.883, 13.884, 13.886, 13.887, 13.888, 13.89, 13.894, 13.896, 13.903, 13.906, 13.908, 13.909, 13.91, 13.911, 13.912, 13.913, 13.916, 13.919, 13.92, 13.921, 13.922, 13.924, 13.925, 13.928, 13.929, 13.931, 13.933, 13.942, 13.943, 13.951, 13.953, 13.96, 13.967, 13.971, 13.975, 13.982, 13.985, 13.987, 13.991, 13.995, 13.999, 14.012, 14.014, 14.016, 14.038, 14.039, 14.086, 14.099, 14.101, 14.162, 14.174, 14.183, 14.191, 14.235, 14.246, 14.424]
---
Round: 13, Unk. prob.: 1.000e+00
Surv probs: 0.000e+00, Fail probs: 0.000e+00
No. of non-dominant rules: 2313, Survival rules: 2164, Failure rules: 149
Batch update: 178 rules added, 0 existing rules removed (0 new rules dominated)
Survival: 178 rules added, 0 removed (from 178 candidates)
Batch update: 14 rules added, 0 existing rules removed (0 new rules dominated)
Failure: 14 rules added, 0 removed (from 14 candidates)
Updated sys_vals: [13.439, 13.609, 13.633, 13.647, 13.655, 13.658, 13.66, 13.661, 13.662, 13.663, 13.664, 13.665, 13.666, 13.667, 13.668, 13.669, 13.67, 13.672, 13.673, 13.674, 13.676, 13.677, 13.679, 13.68, 13.682, 13.685, 13.686, 13.688, 13.689, 13.69, 13.691, 13.692, 13.693, 13.694, 13.695, 13.696, 13.697, 13.698, 13.699, 13.7, 13.702, 13.703, 13.704, 13.705, 13.706, 13.707, 13.709, 13.71, 13.711, 13.712, 13.713, 13.714, 13.715, 13.716, 13.718, 13.719, 13.72, 13.721, 13.722, 13.723, 13.724, 13.725, 13.726, 13.727, 13.728, 13.729, 13.73, 13.731, 13.732, 13.733, 13.734, 13.735, 13.736, 13.737, 13.738, 13.739, 13.74, 13.741, 13.742, 13.743, 13.744, 13.745, 13.746, 13.747, 13.748, 13.749, 13.75, 13.751, 13.752, 13.753, 13.754, 13.755, 13.756, 13.757, 13.758, 13.759, 13.76, 13.761, 13.762, 13.763, 13.764, 13.765, 13.766, 13.767, 13.768, 13.769, 13.77, 13.771, 13.772, 13.773, 13.774, 13.775, 13.776, 13.777, 13.778, 13.779, 13.78, 13.781, 13.782, 13.783, 13.784, 13.785, 13.786, 13.787, 13.788, 13.789, 13.79, 13.791, 13.792, 13.793, 13.794, 13.795, 13.796, 13.797, 13.798, 13.799, 13.8, 13.801, 13.802, 13.803, 13.804, 13.805, 13.806, 13.808, 13.81, 13.811, 13.812, 13.813, 13.814, 13.815, 13.816, 13.818, 13.819, 13.82, 13.821, 13.822, 13.823, 13.825, 13.826, 13.827, 13.831, 13.833, 13.834, 13.835, 13.838, 13.839, 13.841, 13.842, 13.843, 13.845, 13.847, 13.848, 13.849, 13.85, 13.851, 13.856, 13.857, 13.858, 13.86, 13.862, 13.863, 13.864, 13.865, 13.866, 13.868, 13.869, 13.879, 13.881, 13.883, 13.884, 13.886, 13.887, 13.888, 13.89, 13.894, 13.896, 13.903, 13.906, 13.908, 13.909, 13.91, 13.911, 13.912, 13.913, 13.915, 13.916, 13.919, 13.92, 13.921, 13.922, 13.924, 13.925, 13.928, 13.929, 13.931, 13.933, 13.942, 13.943, 13.951, 13.953, 13.954, 13.96, 13.967, 13.971, 13.975, 13.982, 13.985, 13.987, 13.991, 13.993, 13.995, 13.999, 14.012, 14.014, 14.016, 14.033, 14.038, 14.039, 14.086, 14.099, 14.101, 14.162, 14.174, 14.183, 14.191, 14.235, 14.246, 14.424, 14.99]
---
Round: 14, Unk. prob.: 1.000e+00
Surv probs: 0.000e+00, Fail probs: 0.000e+00
No. of non-dominant rules: 2505, Survival rules: 2342, Failure rules: 163
Batch update: 184 rules added, 0 existing rules removed (0 new rules dominated)
Survival: 184 rules added, 0 removed (from 184 candidates)
Batch update: 8 rules added, 0 existing rules removed (0 new rules dominated)
Failure: 8 rules added, 0 removed (from 8 candidates)
Updated sys_vals: [13.439, 13.609, 13.633, 13.647, 13.648, 13.655, 13.658, 13.66, 13.661, 13.662, 13.663, 13.664, 13.665, 13.666, 13.667, 13.668, 13.669, 13.67, 13.672, 13.673, 13.674, 13.676, 13.677, 13.678, 13.679, 13.68, 13.682, 13.685, 13.686, 13.688, 13.689, 13.69, 13.691, 13.692, 13.693, 13.694, 13.695, 13.696, 13.697, 13.698, 13.699, 13.7, 13.702, 13.703, 13.704, 13.705, 13.706, 13.707, 13.709, 13.71, 13.711, 13.712, 13.713, 13.714, 13.715, 13.716, 13.718, 13.719, 13.72, 13.721, 13.722, 13.723, 13.724, 13.725, 13.726, 13.727, 13.728, 13.729, 13.73, 13.731, 13.732, 13.733, 13.734, 13.735, 13.736, 13.737, 13.738, 13.739, 13.74, 13.741, 13.742, 13.743, 13.744, 13.745, 13.746, 13.747, 13.748, 13.749, 13.75, 13.751, 13.752, 13.753, 13.754, 13.755, 13.756, 13.757, 13.758, 13.759, 13.76, 13.761, 13.762, 13.763, 13.764, 13.765, 13.766, 13.767, 13.768, 13.769, 13.77, 13.771, 13.772, 13.773, 13.774, 13.775, 13.776, 13.777, 13.778, 13.779, 13.78, 13.781, 13.782, 13.783, 13.784, 13.785, 13.786, 13.787, 13.788, 13.789, 13.79, 13.791, 13.792, 13.793, 13.794, 13.795, 13.796, 13.797, 13.798, 13.799, 13.8, 13.801, 13.802, 13.803, 13.804, 13.805, 13.806, 13.808, 13.81, 13.811, 13.812, 13.813, 13.814, 13.815, 13.816, 13.818, 13.819, 13.82, 13.821, 13.822, 13.823, 13.825, 13.826, 13.827, 13.831, 13.833, 13.834, 13.835, 13.838, 13.839, 13.841, 13.842, 13.843, 13.845, 13.847, 13.848, 13.849, 13.85, 13.851, 13.856, 13.857, 13.858, 13.86, 13.862, 13.863, 13.864, 13.865, 13.866, 13.868, 13.869, 13.879, 13.881, 13.883, 13.884, 13.886, 13.887, 13.888, 13.89, 13.894, 13.896, 13.903, 13.906, 13.908, 13.909, 13.91, 13.911, 13.912, 13.913, 13.915, 13.916, 13.919, 13.92, 13.921, 13.922, 13.924, 13.925, 13.928, 13.929, 13.931, 13.933, 13.934, 13.942, 13.943, 13.951, 13.953, 13.954, 13.96, 13.967, 13.971, 13.975, 13.979, 13.982, 13.985, 13.987, 13.991, 13.993, 13.995, 13.999, 14.001, 14.012, 14.014, 14.016, 14.033, 14.038, 14.039, 14.086, 14.099, 14.101, 14.162, 14.174, 14.183, 14.191, 14.235, 14.246, 14.424, 14.99]
---
Round: 15, Unk. prob.: 1.000e+00
Surv probs: 0.000e+00, Fail probs: 0.000e+00
No. of non-dominant rules: 2697, Survival rules: 2526, Failure rules: 171
Batch update: 185 rules added, 0 existing rules removed (0 new rules dominated)
Survival: 185 rules added, 0 removed (from 185 candidates)
Batch update: 7 rules added, 0 existing rules removed (0 new rules dominated)
Failure: 7 rules added, 0 removed (from 7 candidates)
Updated sys_vals: [13.439, 13.609, 13.621, 13.633, 13.647, 13.648, 13.655, 13.658, 13.66, 13.661, 13.662, 13.663, 13.664, 13.665, 13.666, 13.667, 13.668, 13.669, 13.67, 13.672, 13.673, 13.674, 13.676, 13.677, 13.678, 13.679, 13.68, 13.682, 13.683, 13.685, 13.686, 13.688, 13.689, 13.69, 13.691, 13.692, 13.693, 13.694, 13.695, 13.696, 13.697, 13.698, 13.699, 13.7, 13.702, 13.703, 13.704, 13.705, 13.706, 13.707, 13.709, 13.71, 13.711, 13.712, 13.713, 13.714, 13.715, 13.716, 13.718, 13.719, 13.72, 13.721, 13.722, 13.723, 13.724, 13.725, 13.726, 13.727, 13.728, 13.729, 13.73, 13.731, 13.732, 13.733, 13.734, 13.735, 13.736, 13.737, 13.738, 13.739, 13.74, 13.741, 13.742, 13.743, 13.744, 13.745, 13.746, 13.747, 13.748, 13.749, 13.75, 13.751, 13.752, 13.753, 13.754, 13.755, 13.756, 13.757, 13.758, 13.759, 13.76, 13.761, 13.762, 13.763, 13.764, 13.765, 13.766, 13.767, 13.768, 13.769, 13.77, 13.771, 13.772, 13.773, 13.774, 13.775, 13.776, 13.777, 13.778, 13.779, 13.78, 13.781, 13.782, 13.783, 13.784, 13.785, 13.786, 13.787, 13.788, 13.789, 13.79, 13.791, 13.792, 13.793, 13.794, 13.795, 13.796, 13.797, 13.798, 13.799, 13.8, 13.801, 13.802, 13.803, 13.804, 13.805, 13.806, 13.808, 13.81, 13.811, 13.812, 13.813, 13.814, 13.815, 13.816, 13.818, 13.819, 13.82, 13.821, 13.822, 13.823, 13.825, 13.826, 13.827, 13.831, 13.833, 13.834, 13.835, 13.838, 13.839, 13.841, 13.842, 13.843, 13.844, 13.845, 13.847, 13.848, 13.849, 13.85, 13.851, 13.856, 13.857, 13.858, 13.86, 13.862, 13.863, 13.864, 13.865, 13.866, 13.868, 13.869, 13.879, 13.881, 13.883, 13.884, 13.886, 13.887, 13.888, 13.89, 13.894, 13.896, 13.897, 13.903, 13.906, 13.908, 13.909, 13.91, 13.911, 13.912, 13.913, 13.915, 13.916, 13.919, 13.92, 13.921, 13.922, 13.924, 13.925, 13.928, 13.929, 13.931, 13.933, 13.934, 13.942, 13.943, 13.951, 13.953, 13.954, 13.96, 13.967, 13.971, 13.975, 13.979, 13.982, 13.985, 13.987, 13.991, 13.993, 13.995, 13.999, 14.001, 14.012, 14.014, 14.016, 14.033, 14.038, 14.039, 14.086, 14.099, 14.1, 14.101, 14.162, 14.174, 14.183, 14.191, 14.235, 14.246, 14.424, 14.99]
---
Round: 16, Unk. prob.: 1.000e+00
Surv probs: 0.000e+00, Fail probs: 0.000e+00
No. of non-dominant rules: 2889, Survival rules: 2711, Failure rules: 178
Batch update: 182 rules added, 0 existing rules removed (0 new rules dominated)
Survival: 182 rules added, 0 removed (from 182 candidates)
Batch update: 10 rules added, 0 existing rules removed (0 new rules dominated)
Failure: 10 rules added, 0 removed (from 10 candidates)
Updated sys_vals: [13.439, 13.609, 13.621, 13.633, 13.647, 13.648, 13.655, 13.658, 13.66, 13.661, 13.662, 13.663, 13.664, 13.665, 13.666, 13.667, 13.668, 13.669, 13.67, 13.672, 13.673, 13.674, 13.676, 13.677, 13.678, 13.679, 13.68, 13.682, 13.683, 13.685, 13.686, 13.688, 13.689, 13.69, 13.691, 13.692, 13.693, 13.694, 13.695, 13.696, 13.697, 13.698, 13.699, 13.7, 13.702, 13.703, 13.704, 13.705, 13.706, 13.707, 13.708, 13.709, 13.71, 13.711, 13.712, 13.713, 13.714, 13.715, 13.716, 13.718, 13.719, 13.72, 13.721, 13.722, 13.723, 13.724, 13.725, 13.726, 13.727, 13.728, 13.729, 13.73, 13.731, 13.732, 13.733, 13.734, 13.735, 13.736, 13.737, 13.738, 13.739, 13.74, 13.741, 13.742, 13.743, 13.744, 13.745, 13.746, 13.747, 13.748, 13.749, 13.75, 13.751, 13.752, 13.753, 13.754, 13.755, 13.756, 13.757, 13.758, 13.759, 13.76, 13.761, 13.762, 13.763, 13.764, 13.765, 13.766, 13.767, 13.768, 13.769, 13.77, 13.771, 13.772, 13.773, 13.774, 13.775, 13.776, 13.777, 13.778, 13.779, 13.78, 13.781, 13.782, 13.783, 13.784, 13.785, 13.786, 13.787, 13.788, 13.789, 13.79, 13.791, 13.792, 13.793, 13.794, 13.795, 13.796, 13.797, 13.798, 13.799, 13.8, 13.801, 13.802, 13.803, 13.804, 13.805, 13.806, 13.808, 13.81, 13.811, 13.812, 13.813, 13.814, 13.815, 13.816, 13.818, 13.819, 13.82, 13.821, 13.822, 13.823, 13.825, 13.826, 13.827, 13.831, 13.833, 13.834, 13.835, 13.838, 13.839, 13.841, 13.842, 13.843, 13.844, 13.845, 13.847, 13.848, 13.849, 13.85, 13.851, 13.856, 13.857, 13.858, 13.86, 13.862, 13.863, 13.864, 13.865, 13.866, 13.868, 13.869, 13.879, 13.881, 13.883, 13.884, 13.886, 13.887, 13.888, 13.89, 13.894, 13.896, 13.897, 13.903, 13.906, 13.908, 13.909, 13.91, 13.911, 13.912, 13.913, 13.915, 13.916, 13.919, 13.92, 13.921, 13.922, 13.924, 13.925, 13.928, 13.929, 13.931, 13.933, 13.934, 13.942, 13.943, 13.951, 13.953, 13.954, 13.96, 13.967, 13.971, 13.975, 13.979, 13.982, 13.985, 13.987, 13.991, 13.993, 13.995, 13.999, 14.001, 14.012, 14.014, 14.016, 14.033, 14.038, 14.039, 14.048, 14.086, 14.099, 14.1, 14.101, 14.158, 14.162, 14.174, 14.183, 14.191, 14.208, 14.235, 14.246, 14.424, 14.99]
---
Round: 17, Unk. prob.: 1.000e+00
Surv probs: 0.000e+00, Fail probs: 0.000e+00
No. of non-dominant rules: 3081, Survival rules: 2893, Failure rules: 188
Batch update: 176 rules added, 0 existing rules removed (0 new rules dominated)
Survival: 176 rules added, 0 removed (from 176 candidates)
Batch update: 16 rules added, 0 existing rules removed (0 new rules dominated)
Failure: 16 rules added, 0 removed (from 16 candidates)
Updated sys_vals: [13.439, 13.609, 13.621, 13.633, 13.647, 13.648, 13.655, 13.658, 13.66, 13.661, 13.662, 13.663, 13.664, 13.665, 13.666, 13.667, 13.668, 13.669, 13.67, 13.672, 13.673, 13.674, 13.676, 13.677, 13.678, 13.679, 13.68, 13.682, 13.683, 13.685, 13.686, 13.688, 13.689, 13.69, 13.691, 13.692, 13.693, 13.694, 13.695, 13.696, 13.697, 13.698, 13.699, 13.7, 13.701, 13.702, 13.703, 13.704, 13.705, 13.706, 13.707, 13.708, 13.709, 13.71, 13.711, 13.712, 13.713, 13.714, 13.715, 13.716, 13.718, 13.719, 13.72, 13.721, 13.722, 13.723, 13.724, 13.725, 13.726, 13.727, 13.728, 13.729, 13.73, 13.731, 13.732, 13.733, 13.734, 13.735, 13.736, 13.737, 13.738, 13.739, 13.74, 13.741, 13.742, 13.743, 13.744, 13.745, 13.746, 13.747, 13.748, 13.749, 13.75, 13.751, 13.752, 13.753, 13.754, 13.755, 13.756, 13.757, 13.758, 13.759, 13.76, 13.761, 13.762, 13.763, 13.764, 13.765, 13.766, 13.767, 13.768, 13.769, 13.77, 13.771, 13.772, 13.773, 13.774, 13.775, 13.776, 13.777, 13.778, 13.779, 13.78, 13.781, 13.782, 13.783, 13.784, 13.785, 13.786, 13.787, 13.788, 13.789, 13.79, 13.791, 13.792, 13.793, 13.794, 13.795, 13.796, 13.797, 13.798, 13.799, 13.8, 13.801, 13.802, 13.803, 13.804, 13.805, 13.806, 13.808, 13.81, 13.811, 13.812, 13.813, 13.814, 13.815, 13.816, 13.818, 13.819, 13.82, 13.821, 13.822, 13.823, 13.825, 13.826, 13.827, 13.828, 13.831, 13.833, 13.834, 13.835, 13.838, 13.839, 13.841, 13.842, 13.843, 13.844, 13.845, 13.847, 13.848, 13.849, 13.85, 13.851, 13.854, 13.855, 13.856, 13.857, 13.858, 13.86, 13.862, 13.863, 13.864, 13.865, 13.866, 13.868, 13.869, 13.879, 13.881, 13.883, 13.884, 13.885, 13.886, 13.887, 13.888, 13.89, 13.894, 13.896, 13.897, 13.903, 13.906, 13.908, 13.909, 13.91, 13.911, 13.912, 13.913, 13.915, 13.916, 13.917, 13.919, 13.92, 13.921, 13.922, 13.924, 13.925, 13.928, 13.929, 13.931, 13.933, 13.934, 13.942, 13.943, 13.951, 13.953, 13.954, 13.96, 13.962, 13.967, 13.971, 13.975, 13.979, 13.982, 13.985, 13.987, 13.991, 13.993, 13.995, 13.999, 14.001, 14.005, 14.012, 14.014, 14.016, 14.033, 14.038, 14.039, 14.048, 14.086, 14.099, 14.1, 14.101, 14.134, 14.158, 14.162, 14.174, 14.183, 14.191, 14.208, 14.235, 14.246, 14.424, 14.99]
---
Round: 18, Unk. prob.: 1.000e+00
Surv probs: 0.000e+00, Fail probs: 0.000e+00
No. of non-dominant rules: 3273, Survival rules: 3069, Failure rules: 204
Batch update: 184 rules added, 0 existing rules removed (0 new rules dominated)
Survival: 184 rules added, 0 removed (from 184 candidates)
Batch update: 8 rules added, 0 existing rules removed (0 new rules dominated)
Failure: 8 rules added, 0 removed (from 8 candidates)
Updated sys_vals: [13.439, 13.609, 13.621, 13.633, 13.647, 13.648, 13.655, 13.658, 13.66, 13.661, 13.662, 13.663, 13.664, 13.665, 13.666, 13.667, 13.668, 13.669, 13.67, 13.672, 13.673, 13.674, 13.676, 13.677, 13.678, 13.679, 13.68, 13.682, 13.683, 13.684, 13.685, 13.686, 13.687, 13.688, 13.689, 13.69, 13.691, 13.692, 13.693, 13.694, 13.695, 13.696, 13.697, 13.698, 13.699, 13.7, 13.701, 13.702, 13.703, 13.704, 13.705, 13.706, 13.707, 13.708, 13.709, 13.71, 13.711, 13.712, 13.713, 13.714, 13.715, 13.716, 13.718, 13.719, 13.72, 13.721, 13.722, 13.723, 13.724, 13.725, 13.726, 13.727, 13.728, 13.729, 13.73, 13.731, 13.732, 13.733, 13.734, 13.735, 13.736, 13.737, 13.738, 13.739, 13.74, 13.741, 13.742, 13.743, 13.744, 13.745, 13.746, 13.747, 13.748, 13.749, 13.75, 13.751, 13.752, 13.753, 13.754, 13.755, 13.756, 13.757, 13.758, 13.759, 13.76, 13.761, 13.762, 13.763, 13.764, 13.765, 13.766, 13.767, 13.768, 13.769, 13.77, 13.771, 13.772, 13.773, 13.774, 13.775, 13.776, 13.777, 13.778, 13.779, 13.78, 13.781, 13.782, 13.783, 13.784, 13.785, 13.786, 13.787, 13.788, 13.789, 13.79, 13.791, 13.792, 13.793, 13.794, 13.795, 13.796, 13.797, 13.798, 13.799, 13.8, 13.801, 13.802, 13.803, 13.804, 13.805, 13.806, 13.808, 13.81, 13.811, 13.812, 13.813, 13.814, 13.815, 13.816, 13.818, 13.819, 13.82, 13.821, 13.822, 13.823, 13.825, 13.826, 13.827, 13.828, 13.831, 13.833, 13.834, 13.835, 13.838, 13.839, 13.841, 13.842, 13.843, 13.844, 13.845, 13.847, 13.848, 13.849, 13.85, 13.851, 13.854, 13.855, 13.856, 13.857, 13.858, 13.86, 13.861, 13.862, 13.863, 13.864, 13.865, 13.866, 13.868, 13.869, 13.879, 13.881, 13.883, 13.884, 13.885, 13.886, 13.887, 13.888, 13.89, 13.894, 13.896, 13.897, 13.903, 13.906, 13.908, 13.909, 13.91, 13.911, 13.912, 13.913, 13.915, 13.916, 13.917, 13.919, 13.92, 13.921, 13.922, 13.924, 13.925, 13.928, 13.929, 13.931, 13.933, 13.934, 13.938, 13.942, 13.943, 13.949, 13.951, 13.953, 13.954, 13.96, 13.962, 13.967, 13.971, 13.975, 13.979, 13.982, 13.985, 13.987, 13.991, 13.993, 13.995, 13.999, 14.001, 14.005, 14.012, 14.014, 14.016, 14.033, 14.038, 14.039, 14.048, 14.086, 14.099, 14.1, 14.101, 14.134, 14.157, 14.158, 14.162, 14.174, 14.183, 14.191, 14.208, 14.235, 14.246, 14.424, 14.99]
---
Round: 19, Unk. prob.: 1.000e+00
Surv probs: 0.000e+00, Fail probs: 0.000e+00
No. of non-dominant rules: 3465, Survival rules: 3253, Failure rules: 212
Batch update: 176 rules added, 0 existing rules removed (0 new rules dominated)
Survival: 176 rules added, 0 removed (from 176 candidates)
Batch update: 16 rules added, 0 existing rules removed (0 new rules dominated)
Failure: 16 rules added, 0 removed (from 16 candidates)
Updated sys_vals: [13.439, 13.609, 13.621, 13.633, 13.647, 13.648, 13.655, 13.658, 13.66, 13.661, 13.662, 13.663, 13.664, 13.665, 13.666, 13.667, 13.668, 13.669, 13.67, 13.671, 13.672, 13.673, 13.674, 13.676, 13.677, 13.678, 13.679, 13.68, 13.682, 13.683, 13.684, 13.685, 13.686, 13.687, 13.688, 13.689, 13.69, 13.691, 13.692, 13.693, 13.694, 13.695, 13.696, 13.697, 13.698, 13.699, 13.7, 13.701, 13.702, 13.703, 13.704, 13.705, 13.706, 13.707, 13.708, 13.709, 13.71, 13.711, 13.712, 13.713, 13.714, 13.715, 13.716, 13.718, 13.719, 13.72, 13.721, 13.722, 13.723, 13.724, 13.725, 13.726, 13.727, 13.728, 13.729, 13.73, 13.731, 13.732, 13.733, 13.734, 13.735, 13.736, 13.737, 13.738, 13.739, 13.74, 13.741, 13.742, 13.743, 13.744, 13.745, 13.746, 13.747, 13.748, 13.749, 13.75, 13.751, 13.752, 13.753, 13.754, 13.755, 13.756, 13.757, 13.758, 13.759, 13.76, 13.761, 13.762, 13.763, 13.764, 13.765, 13.766, 13.767, 13.768, 13.769, 13.77, 13.771, 13.772, 13.773, 13.774, 13.775, 13.776, 13.777, 13.778, 13.779, 13.78, 13.781, 13.782, 13.783, 13.784, 13.785, 13.786, 13.787, 13.788, 13.789, 13.79, 13.791, 13.792, 13.793, 13.794, 13.795, 13.796, 13.797, 13.798, 13.799, 13.8, 13.801, 13.802, 13.803, 13.804, 13.805, 13.806, 13.807, 13.808, 13.81, 13.811, 13.812, 13.813, 13.814, 13.815, 13.816, 13.818, 13.819, 13.82, 13.821, 13.822, 13.823, 13.825, 13.826, 13.827, 13.828, 13.831, 13.833, 13.834, 13.835, 13.836, 13.838, 13.839, 13.841, 13.842, 13.843, 13.844, 13.845, 13.847, 13.848, 13.849, 13.85, 13.851, 13.854, 13.855, 13.856, 13.857, 13.858, 13.86, 13.861, 13.862, 13.863, 13.864, 13.865, 13.866, 13.868, 13.869, 13.879, 13.881, 13.883, 13.884, 13.885, 13.886, 13.887, 13.888, 13.89, 13.894, 13.896, 13.897, 13.902, 13.903, 13.906, 13.908, 13.909, 13.91, 13.911, 13.912, 13.913, 13.915, 13.916, 13.917, 13.919, 13.92, 13.921, 13.922, 13.924, 13.925, 13.927, 13.928, 13.929, 13.931, 13.933, 13.934, 13.938, 13.942, 13.943, 13.949, 13.951, 13.953, 13.954, 13.96, 13.962, 13.967, 13.971, 13.975, 13.979, 13.982, 13.985, 13.987, 13.991, 13.993, 13.995, 13.999, 14.001, 14.005, 14.009, 14.012, 14.014, 14.016, 14.033, 14.038, 14.039, 14.048, 14.086, 14.099, 14.1, 14.101, 14.107, 14.134, 14.157, 14.158, 14.162, 14.174, 14.183, 14.191, 14.208, 14.235, 14.246, 14.424, 14.99]
---
Round: 20, Unk. prob.: 1.000e+00
Surv probs: 0.000e+00, Fail probs: 0.000e+00
No. of non-dominant rules: 3657, Survival rules: 3429, Failure rules: 228
Batch update: 184 rules added, 0 existing rules removed (0 new rules dominated)
Survival: 184 rules added, 0 removed (from 184 candidates)
Batch update: 8 rules added, 0 existing rules removed (0 new rules dominated)
Failure: 8 rules added, 0 removed (from 8 candidates)
Updated sys_vals: [13.439, 13.529, 13.609, 13.621, 13.633, 13.647, 13.648, 13.655, 13.658, 13.66, 13.661, 13.662, 13.663, 13.664, 13.665, 13.666, 13.667, 13.668, 13.669, 13.67, 13.671, 13.672, 13.673, 13.674, 13.676, 13.677, 13.678, 13.679, 13.68, 13.682, 13.683, 13.684, 13.685, 13.686, 13.687, 13.688, 13.689, 13.69, 13.691, 13.692, 13.693, 13.694, 13.695, 13.696, 13.697, 13.698, 13.699, 13.7, 13.701, 13.702, 13.703, 13.704, 13.705, 13.706, 13.707, 13.708, 13.709, 13.71, 13.711, 13.712, 13.713, 13.714, 13.715, 13.716, 13.718, 13.719, 13.72, 13.721, 13.722, 13.723, 13.724, 13.725, 13.726, 13.727, 13.728, 13.729, 13.73, 13.731, 13.732, 13.733, 13.734, 13.735, 13.736, 13.737, 13.738, 13.739, 13.74, 13.741, 13.742, 13.743, 13.744, 13.745, 13.746, 13.747, 13.748, 13.749, 13.75, 13.751, 13.752, 13.753, 13.754, 13.755, 13.756, 13.757, 13.758, 13.759, 13.76, 13.761, 13.762, 13.763, 13.764, 13.765, 13.766, 13.767, 13.768, 13.769, 13.77, 13.771, 13.772, 13.773, 13.774, 13.775, 13.776, 13.777, 13.778, 13.779, 13.78, 13.781, 13.782, 13.783, 13.784, 13.785, 13.786, 13.787, 13.788, 13.789, 13.79, 13.791, 13.792, 13.793, 13.794, 13.795, 13.796, 13.797, 13.798, 13.799, 13.8, 13.801, 13.802, 13.803, 13.804, 13.805, 13.806, 13.807, 13.808, 13.81, 13.811, 13.812, 13.813, 13.814, 13.815, 13.816, 13.818, 13.819, 13.82, 13.821, 13.822, 13.823, 13.825, 13.826, 13.827, 13.828, 13.831, 13.833, 13.834, 13.835, 13.836, 13.837, 13.838, 13.839, 13.841, 13.842, 13.843, 13.844, 13.845, 13.847, 13.848, 13.849, 13.85, 13.851, 13.854, 13.855, 13.856, 13.857, 13.858, 13.86, 13.861, 13.862, 13.863, 13.864, 13.865, 13.866, 13.868, 13.869, 13.879, 13.881, 13.883, 13.884, 13.885, 13.886, 13.887, 13.888, 13.89, 13.894, 13.896, 13.897, 13.902, 13.903, 13.906, 13.908, 13.909, 13.91, 13.911, 13.912, 13.913, 13.915, 13.916, 13.917, 13.919, 13.92, 13.921, 13.922, 13.924, 13.925, 13.927, 13.928, 13.929, 13.931, 13.933, 13.934, 13.938, 13.942, 13.943, 13.949, 13.951, 13.953, 13.954, 13.96, 13.962, 13.967, 13.971, 13.975, 13.979, 13.982, 13.985, 13.987, 13.991, 13.993, 13.995, 13.999, 14.001, 14.005, 14.009, 14.012, 14.014, 14.016, 14.033, 14.038, 14.039, 14.048, 14.056, 14.086, 14.099, 14.1, 14.101, 14.107, 14.134, 14.157, 14.158, 14.162, 14.174, 14.183, 14.191, 14.208, 14.235, 14.246, 14.424, 14.99]
---
Round: 21, Unk. prob.: 1.000e+00
Surv probs: 0.000e+00, Fail probs: 0.000e+00
No. of non-dominant rules: 3849, Survival rules: 3613, Failure rules: 236
Batch update: 186 rules added, 0 existing rules removed (0 new rules dominated)
Survival: 186 rules added, 0 removed (from 186 candidates)
Batch update: 6 rules added, 0 existing rules removed (0 new rules dominated)
Failure: 6 rules added, 0 removed (from 6 candidates)
Updated sys_vals: [13.439, 13.529, 13.593, 13.609, 13.621, 13.633, 13.647, 13.648, 13.655, 13.658, 13.66, 13.661, 13.662, 13.663, 13.664, 13.665, 13.666, 13.667, 13.668, 13.669, 13.67, 13.671, 13.672, 13.673, 13.674, 13.676, 13.677, 13.678, 13.679, 13.68, 13.682, 13.683, 13.684, 13.685, 13.686, 13.687, 13.688, 13.689, 13.69, 13.691, 13.692, 13.693, 13.694, 13.695, 13.696, 13.697, 13.698, 13.699, 13.7, 13.701, 13.702, 13.703, 13.704, 13.705, 13.706, 13.707, 13.708, 13.709, 13.71, 13.711, 13.712, 13.713, 13.714, 13.715, 13.716, 13.718, 13.719, 13.72, 13.721, 13.722, 13.723, 13.724, 13.725, 13.726, 13.727, 13.728, 13.729, 13.73, 13.731, 13.732, 13.733, 13.734, 13.735, 13.736, 13.737, 13.738, 13.739, 13.74, 13.741, 13.742, 13.743, 13.744, 13.745, 13.746, 13.747, 13.748, 13.749, 13.75, 13.751, 13.752, 13.753, 13.754, 13.755, 13.756, 13.757, 13.758, 13.759, 13.76, 13.761, 13.762, 13.763, 13.764, 13.765, 13.766, 13.767, 13.768, 13.769, 13.77, 13.771, 13.772, 13.773, 13.774, 13.775, 13.776, 13.777, 13.778, 13.779, 13.78, 13.781, 13.782, 13.783, 13.784, 13.785, 13.786, 13.787, 13.788, 13.789, 13.79, 13.791, 13.792, 13.793, 13.794, 13.795, 13.796, 13.797, 13.798, 13.799, 13.8, 13.801, 13.802, 13.803, 13.804, 13.805, 13.806, 13.807, 13.808, 13.81, 13.811, 13.812, 13.813, 13.814, 13.815, 13.816, 13.818, 13.819, 13.82, 13.821, 13.822, 13.823, 13.825, 13.826, 13.827, 13.828, 13.831, 13.833, 13.834, 13.835, 13.836, 13.837, 13.838, 13.839, 13.841, 13.842, 13.843, 13.844, 13.845, 13.847, 13.848, 13.849, 13.85, 13.851, 13.854, 13.855, 13.856, 13.857, 13.858, 13.86, 13.861, 13.862, 13.863, 13.864, 13.865, 13.866, 13.868, 13.869, 13.879, 13.881, 13.883, 13.884, 13.885, 13.886, 13.887, 13.888, 13.89, 13.894, 13.896, 13.897, 13.902, 13.903, 13.906, 13.908, 13.909, 13.91, 13.911, 13.912, 13.913, 13.915, 13.916, 13.917, 13.919, 13.92, 13.921, 13.922, 13.924, 13.925, 13.927, 13.928, 13.929, 13.931, 13.933, 13.934, 13.938, 13.942, 13.943, 13.949, 13.951, 13.953, 13.954, 13.96, 13.962, 13.967, 13.971, 13.975, 13.979, 13.982, 13.985, 13.987, 13.991, 13.993, 13.995, 13.999, 14.001, 14.005, 14.009, 14.012, 14.014, 14.016, 14.033, 14.038, 14.039, 14.048, 14.056, 14.086, 14.099, 14.1, 14.101, 14.107, 14.134, 14.157, 14.158, 14.162, 14.174, 14.183, 14.191, 14.208, 14.235, 14.246, 14.424, 14.99]
---
Round: 22, Unk. prob.: 1.000e+00
Surv probs: 0.000e+00, Fail probs: 0.000e+00
No. of non-dominant rules: 4041, Survival rules: 3799, Failure rules: 242
Batch update: 175 rules added, 0 existing rules removed (0 new rules dominated)
Survival: 175 rules added, 0 removed (from 175 candidates)
Batch update: 17 rules added, 0 existing rules removed (0 new rules dominated)
Failure: 17 rules added, 0 removed (from 17 candidates)
Updated sys_vals: [13.439, 13.529, 13.593, 13.609, 13.621, 13.633, 13.637, 13.647, 13.648, 13.655, 13.658, 13.66, 13.661, 13.662, 13.663, 13.664, 13.665, 13.666, 13.667, 13.668, 13.669, 13.67, 13.671, 13.672, 13.673, 13.674, 13.676, 13.677, 13.678, 13.679, 13.68, 13.682, 13.683, 13.684, 13.685, 13.686, 13.687, 13.688, 13.689, 13.69, 13.691, 13.692, 13.693, 13.694, 13.695, 13.696, 13.697, 13.698, 13.699, 13.7, 13.701, 13.702, 13.703, 13.704, 13.705, 13.706, 13.707, 13.708, 13.709, 13.71, 13.711, 13.712, 13.713, 13.714, 13.715, 13.716, 13.718, 13.719, 13.72, 13.721, 13.722, 13.723, 13.724, 13.725, 13.726, 13.727, 13.728, 13.729, 13.73, 13.731, 13.732, 13.733, 13.734, 13.735, 13.736, 13.737, 13.738, 13.739, 13.74, 13.741, 13.742, 13.743, 13.744, 13.745, 13.746, 13.747, 13.748, 13.749, 13.75, 13.751, 13.752, 13.753, 13.754, 13.755, 13.756, 13.757, 13.758, 13.759, 13.76, 13.761, 13.762, 13.763, 13.764, 13.765, 13.766, 13.767, 13.768, 13.769, 13.77, 13.771, 13.772, 13.773, 13.774, 13.775, 13.776, 13.777, 13.778, 13.779, 13.78, 13.781, 13.782, 13.783, 13.784, 13.785, 13.786, 13.787, 13.788, 13.789, 13.79, 13.791, 13.792, 13.793, 13.794, 13.795, 13.796, 13.797, 13.798, 13.799, 13.8, 13.801, 13.802, 13.803, 13.804, 13.805, 13.806, 13.807, 13.808, 13.81, 13.811, 13.812, 13.813, 13.814, 13.815, 13.816, 13.817, 13.818, 13.819, 13.82, 13.821, 13.822, 13.823, 13.825, 13.826, 13.827, 13.828, 13.831, 13.833, 13.834, 13.835, 13.836, 13.837, 13.838, 13.839, 13.841, 13.842, 13.843, 13.844, 13.845, 13.847, 13.848, 13.849, 13.85, 13.851, 13.854, 13.855, 13.856, 13.857, 13.858, 13.86, 13.861, 13.862, 13.863, 13.864, 13.865, 13.866, 13.868, 13.869, 13.879, 13.881, 13.883, 13.884, 13.885, 13.886, 13.887, 13.888, 13.89, 13.894, 13.896, 13.897, 13.902, 13.903, 13.906, 13.908, 13.909, 13.91, 13.911, 13.912, 13.913, 13.915, 13.916, 13.917, 13.919, 13.92, 13.921, 13.922, 13.924, 13.925, 13.927, 13.928, 13.929, 13.931, 13.933, 13.934, 13.938, 13.942, 13.943, 13.949, 13.951, 13.953, 13.954, 13.96, 13.962, 13.967, 13.971, 13.975, 13.979, 13.982, 13.985, 13.987, 13.991, 13.993, 13.995, 13.999, 14.001, 14.005, 14.006, 14.009, 14.011, 14.012, 14.014, 14.016, 14.027, 14.033, 14.038, 14.039, 14.048, 14.056, 14.086, 14.099, 14.1, 14.101, 14.107, 14.111, 14.134, 14.157, 14.158, 14.162, 14.174, 14.183, 14.191, 14.208, 14.235, 14.246, 14.424, 14.99]
---
Round: 23, Unk. prob.: 1.000e+00
Surv probs: 0.000e+00, Fail probs: 0.000e+00
No. of non-dominant rules: 4233, Survival rules: 3974, Failure rules: 259
Batch update: 180 rules added, 0 existing rules removed (0 new rules dominated)
Survival: 180 rules added, 0 removed (from 180 candidates)
Batch update: 12 rules added, 0 existing rules removed (0 new rules dominated)
Failure: 12 rules added, 0 removed (from 12 candidates)
Updated sys_vals: [13.439, 13.529, 13.593, 13.609, 13.621, 13.633, 13.637, 13.647, 13.648, 13.655, 13.658, 13.66, 13.661, 13.662, 13.663, 13.664, 13.665, 13.666, 13.667, 13.668, 13.669, 13.67, 13.671, 13.672, 13.673, 13.674, 13.676, 13.677, 13.678, 13.679, 13.68, 13.682, 13.683, 13.684, 13.685, 13.686, 13.687, 13.688, 13.689, 13.69, 13.691, 13.692, 13.693, 13.694, 13.695, 13.696, 13.697, 13.698, 13.699, 13.7, 13.701, 13.702, 13.703, 13.704, 13.705, 13.706, 13.707, 13.708, 13.709, 13.71, 13.711, 13.712, 13.713, 13.714, 13.715, 13.716, 13.717, 13.718, 13.719, 13.72, 13.721, 13.722, 13.723, 13.724, 13.725, 13.726, 13.727, 13.728, 13.729, 13.73, 13.731, 13.732, 13.733, 13.734, 13.735, 13.736, 13.737, 13.738, 13.739, 13.74, 13.741, 13.742, 13.743, 13.744, 13.745, 13.746, 13.747, 13.748, 13.749, 13.75, 13.751, 13.752, 13.753, 13.754, 13.755, 13.756, 13.757, 13.758, 13.759, 13.76, 13.761, 13.762, 13.763, 13.764, 13.765, 13.766, 13.767, 13.768, 13.769, 13.77, 13.771, 13.772, 13.773, 13.774, 13.775, 13.776, 13.777, 13.778, 13.779, 13.78, 13.781, 13.782, 13.783, 13.784, 13.785, 13.786, 13.787, 13.788, 13.789, 13.79, 13.791, 13.792, 13.793, 13.794, 13.795, 13.796, 13.797, 13.798, 13.799, 13.8, 13.801, 13.802, 13.803, 13.804, 13.805, 13.806, 13.807, 13.808, 13.81, 13.811, 13.812, 13.813, 13.814, 13.815, 13.816, 13.817, 13.818, 13.819, 13.82, 13.821, 13.822, 13.823, 13.825, 13.826, 13.827, 13.828, 13.831, 13.833, 13.834, 13.835, 13.836, 13.837, 13.838, 13.839, 13.841, 13.842, 13.843, 13.844, 13.845, 13.847, 13.848, 13.849, 13.85, 13.851, 13.854, 13.855, 13.856, 13.857, 13.858, 13.86, 13.861, 13.862, 13.863, 13.864, 13.865, 13.866, 13.868, 13.869, 13.879, 13.881, 13.883, 13.884, 13.885, 13.886, 13.887, 13.888, 13.89, 13.894, 13.896, 13.897, 13.902, 13.903, 13.906, 13.908, 13.909, 13.91, 13.911, 13.912, 13.913, 13.915, 13.916, 13.917, 13.919, 13.92, 13.921, 13.922, 13.924, 13.925, 13.927, 13.928, 13.929, 13.931, 13.933, 13.934, 13.938, 13.942, 13.943, 13.949, 13.951, 13.953, 13.954, 13.96, 13.962, 13.967, 13.971, 13.975, 13.979, 13.982, 13.985, 13.987, 13.989, 13.991, 13.993, 13.995, 13.999, 14.001, 14.005, 14.006, 14.009, 14.011, 14.012, 14.014, 14.016, 14.027, 14.033, 14.038, 14.039, 14.048, 14.056, 14.086, 14.099, 14.1, 14.101, 14.107, 14.111, 14.134, 14.157, 14.158, 14.162, 14.165, 14.174, 14.183, 14.191, 14.208, 14.235, 14.246, 14.424, 14.99]
---
Round: 24, Unk. prob.: 1.000e+00
Surv probs: 0.000e+00, Fail probs: 0.000e+00
No. of non-dominant rules: 4425, Survival rules: 4154, Failure rules: 271
Batch update: 178 rules added, 0 existing rules removed (0 new rules dominated)
Survival: 178 rules added, 0 removed (from 178 candidates)
Batch update: 14 rules added, 0 existing rules removed (0 new rules dominated)
Failure: 14 rules added, 0 removed (from 14 candidates)
Updated sys_vals: [13.439, 13.529, 13.593, 13.609, 13.621, 13.633, 13.637, 13.647, 13.648, 13.655, 13.658, 13.66, 13.661, 13.662, 13.663, 13.664, 13.665, 13.666, 13.667, 13.668, 13.669, 13.67, 13.671, 13.672, 13.673, 13.674, 13.676, 13.677, 13.678, 13.679, 13.68, 13.682, 13.683, 13.684, 13.685, 13.686, 13.687, 13.688, 13.689, 13.69, 13.691, 13.692, 13.693, 13.694, 13.695, 13.696, 13.697, 13.698, 13.699, 13.7, 13.701, 13.702, 13.703, 13.704, 13.705, 13.706, 13.707, 13.708, 13.709, 13.71, 13.711, 13.712, 13.713, 13.714, 13.715, 13.716, 13.717, 13.718, 13.719, 13.72, 13.721, 13.722, 13.723, 13.724, 13.725, 13.726, 13.727, 13.728, 13.729, 13.73, 13.731, 13.732, 13.733, 13.734, 13.735, 13.736, 13.737, 13.738, 13.739, 13.74, 13.741, 13.742, 13.743, 13.744, 13.745, 13.746, 13.747, 13.748, 13.749, 13.75, 13.751, 13.752, 13.753, 13.754, 13.755, 13.756, 13.757, 13.758, 13.759, 13.76, 13.761, 13.762, 13.763, 13.764, 13.765, 13.766, 13.767, 13.768, 13.769, 13.77, 13.771, 13.772, 13.773, 13.774, 13.775, 13.776, 13.777, 13.778, 13.779, 13.78, 13.781, 13.782, 13.783, 13.784, 13.785, 13.786, 13.787, 13.788, 13.789, 13.79, 13.791, 13.792, 13.793, 13.794, 13.795, 13.796, 13.797, 13.798, 13.799, 13.8, 13.801, 13.802, 13.803, 13.804, 13.805, 13.806, 13.807, 13.808, 13.81, 13.811, 13.812, 13.813, 13.814, 13.815, 13.816, 13.817, 13.818, 13.819, 13.82, 13.821, 13.822, 13.823, 13.825, 13.826, 13.827, 13.828, 13.831, 13.833, 13.834, 13.835, 13.836, 13.837, 13.838, 13.839, 13.841, 13.842, 13.843, 13.844, 13.845, 13.847, 13.848, 13.849, 13.85, 13.851, 13.854, 13.855, 13.856, 13.857, 13.858, 13.86, 13.861, 13.862, 13.863, 13.864, 13.865, 13.866, 13.868, 13.869, 13.871, 13.878, 13.879, 13.881, 13.883, 13.884, 13.885, 13.886, 13.887, 13.888, 13.89, 13.894, 13.896, 13.897, 13.902, 13.903, 13.906, 13.908, 13.909, 13.91, 13.911, 13.912, 13.913, 13.915, 13.916, 13.917, 13.919, 13.92, 13.921, 13.922, 13.924, 13.925, 13.927, 13.928, 13.929, 13.931, 13.933, 13.934, 13.937, 13.938, 13.941, 13.942, 13.943, 13.948, 13.949, 13.951, 13.953, 13.954, 13.96, 13.962, 13.967, 13.971, 13.975, 13.979, 13.982, 13.983, 13.985, 13.987, 13.989, 13.991, 13.993, 13.995, 13.999, 14.001, 14.005, 14.006, 14.009, 14.011, 14.012, 14.014, 14.016, 14.027, 14.033, 14.038, 14.039, 14.048, 14.056, 14.081, 14.086, 14.099, 14.1, 14.101, 14.107, 14.111, 14.134, 14.157, 14.158, 14.162, 14.165, 14.174, 14.183, 14.191, 14.208, 14.235, 14.246, 14.424, 14.99]
---
Round: 25, Unk. prob.: 1.000e+00
Surv probs: 0.000e+00, Fail probs: 0.000e+00
No. of non-dominant rules: 4617, Survival rules: 4332, Failure rules: 285
Batch update: 187 rules added, 0 existing rules removed (0 new rules dominated)
Survival: 187 rules added, 0 removed (from 187 candidates)
Batch update: 5 rules added, 0 existing rules removed (0 new rules dominated)
Failure: 5 rules added, 0 removed (from 5 candidates)
Updated sys_vals: [13.439, 13.529, 13.593, 13.609, 13.621, 13.633, 13.637, 13.647, 13.648, 13.655, 13.658, 13.66, 13.661, 13.662, 13.663, 13.664, 13.665, 13.666, 13.667, 13.668, 13.669, 13.67, 13.671, 13.672, 13.673, 13.674, 13.676, 13.677, 13.678, 13.679, 13.68, 13.682, 13.683, 13.684, 13.685, 13.686, 13.687, 13.688, 13.689, 13.69, 13.691, 13.692, 13.693, 13.694, 13.695, 13.696, 13.697, 13.698, 13.699, 13.7, 13.701, 13.702, 13.703, 13.704, 13.705, 13.706, 13.707, 13.708, 13.709, 13.71, 13.711, 13.712, 13.713, 13.714, 13.715, 13.716, 13.717, 13.718, 13.719, 13.72, 13.721, 13.722, 13.723, 13.724, 13.725, 13.726, 13.727, 13.728, 13.729, 13.73, 13.731, 13.732, 13.733, 13.734, 13.735, 13.736, 13.737, 13.738, 13.739, 13.74, 13.741, 13.742, 13.743, 13.744, 13.745, 13.746, 13.747, 13.748, 13.749, 13.75, 13.751, 13.752, 13.753, 13.754, 13.755, 13.756, 13.757, 13.758, 13.759, 13.76, 13.761, 13.762, 13.763, 13.764, 13.765, 13.766, 13.767, 13.768, 13.769, 13.77, 13.771, 13.772, 13.773, 13.774, 13.775, 13.776, 13.777, 13.778, 13.779, 13.78, 13.781, 13.782, 13.783, 13.784, 13.785, 13.786, 13.787, 13.788, 13.789, 13.79, 13.791, 13.792, 13.793, 13.794, 13.795, 13.796, 13.797, 13.798, 13.799, 13.8, 13.801, 13.802, 13.803, 13.804, 13.805, 13.806, 13.807, 13.808, 13.81, 13.811, 13.812, 13.813, 13.814, 13.815, 13.816, 13.817, 13.818, 13.819, 13.82, 13.821, 13.822, 13.823, 13.825, 13.826, 13.827, 13.828, 13.831, 13.833, 13.834, 13.835, 13.836, 13.837, 13.838, 13.839, 13.841, 13.842, 13.843, 13.844, 13.845, 13.847, 13.848, 13.849, 13.85, 13.851, 13.854, 13.855, 13.856, 13.857, 13.858, 13.86, 13.861, 13.862, 13.863, 13.864, 13.865, 13.866, 13.868, 13.869, 13.871, 13.878, 13.879, 13.881, 13.883, 13.884, 13.885, 13.886, 13.887, 13.888, 13.89, 13.892, 13.894, 13.896, 13.897, 13.902, 13.903, 13.906, 13.908, 13.909, 13.91, 13.911, 13.912, 13.913, 13.915, 13.916, 13.917, 13.919, 13.92, 13.921, 13.922, 13.924, 13.925, 13.927, 13.928, 13.929, 13.931, 13.933, 13.934, 13.937, 13.938, 13.941, 13.942, 13.943, 13.948, 13.949, 13.951, 13.953, 13.954, 13.96, 13.962, 13.967, 13.971, 13.975, 13.979, 13.982, 13.983, 13.985, 13.987, 13.989, 13.991, 13.993, 13.995, 13.999, 14.001, 14.005, 14.006, 14.009, 14.011, 14.012, 14.014, 14.016, 14.027, 14.033, 14.038, 14.039, 14.048, 14.056, 14.081, 14.086, 14.099, 14.1, 14.101, 14.107, 14.111, 14.134, 14.157, 14.158, 14.162, 14.165, 14.174, 14.183, 14.191, 14.208, 14.235, 14.246, 14.424, 14.99]
---
Round: 26, Unk. prob.: 1.000e+00
Surv probs: 0.000e+00, Fail probs: 0.000e+00
No. of non-dominant rules: 4809, Survival rules: 4519, Failure rules: 290
Batch update: 185 rules added, 0 existing rules removed (0 new rules dominated)
Survival: 185 rules added, 0 removed (from 185 candidates)
Batch update: 7 rules added, 0 existing rules removed (0 new rules dominated)
Failure: 7 rules added, 0 removed (from 7 candidates)
Updated sys_vals: [13.439, 13.529, 13.593, 13.609, 13.621, 13.633, 13.637, 13.647, 13.648, 13.655, 13.658, 13.66, 13.661, 13.662, 13.663, 13.664, 13.665, 13.666, 13.667, 13.668, 13.669, 13.67, 13.671, 13.672, 13.673, 13.674, 13.676, 13.677, 13.678, 13.679, 13.68, 13.682, 13.683, 13.684, 13.685, 13.686, 13.687, 13.688, 13.689, 13.69, 13.691, 13.692, 13.693, 13.694, 13.695, 13.696, 13.697, 13.698, 13.699, 13.7, 13.701, 13.702, 13.703, 13.704, 13.705, 13.706, 13.707, 13.708, 13.709, 13.71, 13.711, 13.712, 13.713, 13.714, 13.715, 13.716, 13.717, 13.718, 13.719, 13.72, 13.721, 13.722, 13.723, 13.724, 13.725, 13.726, 13.727, 13.728, 13.729, 13.73, 13.731, 13.732, 13.733, 13.734, 13.735, 13.736, 13.737, 13.738, 13.739, 13.74, 13.741, 13.742, 13.743, 13.744, 13.745, 13.746, 13.747, 13.748, 13.749, 13.75, 13.751, 13.752, 13.753, 13.754, 13.755, 13.756, 13.757, 13.758, 13.759, 13.76, 13.761, 13.762, 13.763, 13.764, 13.765, 13.766, 13.767, 13.768, 13.769, 13.77, 13.771, 13.772, 13.773, 13.774, 13.775, 13.776, 13.777, 13.778, 13.779, 13.78, 13.781, 13.782, 13.783, 13.784, 13.785, 13.786, 13.787, 13.788, 13.789, 13.79, 13.791, 13.792, 13.793, 13.794, 13.795, 13.796, 13.797, 13.798, 13.799, 13.8, 13.801, 13.802, 13.803, 13.804, 13.805, 13.806, 13.807, 13.808, 13.81, 13.811, 13.812, 13.813, 13.814, 13.815, 13.816, 13.817, 13.818, 13.819, 13.82, 13.821, 13.822, 13.823, 13.825, 13.826, 13.827, 13.828, 13.831, 13.833, 13.834, 13.835, 13.836, 13.837, 13.838, 13.839, 13.841, 13.842, 13.843, 13.844, 13.845, 13.847, 13.848, 13.849, 13.85, 13.851, 13.854, 13.855, 13.856, 13.857, 13.858, 13.86, 13.861, 13.862, 13.863, 13.864, 13.865, 13.866, 13.868, 13.869, 13.87, 13.871, 13.878, 13.879, 13.881, 13.883, 13.884, 13.885, 13.886, 13.887, 13.888, 13.89, 13.892, 13.894, 13.896, 13.897, 13.9, 13.902, 13.903, 13.906, 13.908, 13.909, 13.91, 13.911, 13.912, 13.913, 13.915, 13.916, 13.917, 13.919, 13.92, 13.921, 13.922, 13.924, 13.925, 13.927, 13.928, 13.929, 13.931, 13.933, 13.934, 13.937, 13.938, 13.941, 13.942, 13.943, 13.948, 13.949, 13.951, 13.953, 13.954, 13.96, 13.962, 13.967, 13.971, 13.975, 13.979, 13.982, 13.983, 13.985, 13.987, 13.989, 13.991, 13.993, 13.995, 13.999, 14.001, 14.005, 14.006, 14.009, 14.011, 14.012, 14.014, 14.016, 14.027, 14.033, 14.038, 14.039, 14.048, 14.056, 14.081, 14.086, 14.099, 14.1, 14.101, 14.107, 14.111, 14.134, 14.157, 14.158, 14.162, 14.165, 14.174, 14.183, 14.191, 14.208, 14.235, 14.246, 14.424, 14.99]
---
Round: 27, Unk. prob.: 1.000e+00
Surv probs: 0.000e+00, Fail probs: 0.000e+00
No. of non-dominant rules: 5001, Survival rules: 4704, Failure rules: 297
Batch update: 178 rules added, 0 existing rules removed (0 new rules dominated)
Survival: 178 rules added, 0 removed (from 178 candidates)
Batch update: 14 rules added, 0 existing rules removed (0 new rules dominated)
Failure: 14 rules added, 0 removed (from 14 candidates)
Updated sys_vals: [13.439, 13.529, 13.593, 13.609, 13.621, 13.633, 13.637, 13.647, 13.648, 13.655, 13.658, 13.66, 13.661, 13.662, 13.663, 13.664, 13.665, 13.666, 13.667, 13.668, 13.669, 13.67, 13.671, 13.672, 13.673, 13.674, 13.676, 13.677, 13.678, 13.679, 13.68, 13.682, 13.683, 13.684, 13.685, 13.686, 13.687, 13.688, 13.689, 13.69, 13.691, 13.692, 13.693, 13.694, 13.695, 13.696, 13.697, 13.698, 13.699, 13.7, 13.701, 13.702, 13.703, 13.704, 13.705, 13.706, 13.707, 13.708, 13.709, 13.71, 13.711, 13.712, 13.713, 13.714, 13.715, 13.716, 13.717, 13.718, 13.719, 13.72, 13.721, 13.722, 13.723, 13.724, 13.725, 13.726, 13.727, 13.728, 13.729, 13.73, 13.731, 13.732, 13.733, 13.734, 13.735, 13.736, 13.737, 13.738, 13.739, 13.74, 13.741, 13.742, 13.743, 13.744, 13.745, 13.746, 13.747, 13.748, 13.749, 13.75, 13.751, 13.752, 13.753, 13.754, 13.755, 13.756, 13.757, 13.758, 13.759, 13.76, 13.761, 13.762, 13.763, 13.764, 13.765, 13.766, 13.767, 13.768, 13.769, 13.77, 13.771, 13.772, 13.773, 13.774, 13.775, 13.776, 13.777, 13.778, 13.779, 13.78, 13.781, 13.782, 13.783, 13.784, 13.785, 13.786, 13.787, 13.788, 13.789, 13.79, 13.791, 13.792, 13.793, 13.794, 13.795, 13.796, 13.797, 13.798, 13.799, 13.8, 13.801, 13.802, 13.803, 13.804, 13.805, 13.806, 13.807, 13.808, 13.81, 13.811, 13.812, 13.813, 13.814, 13.815, 13.816, 13.817, 13.818, 13.819, 13.82, 13.821, 13.822, 13.823, 13.825, 13.826, 13.827, 13.828, 13.831, 13.833, 13.834, 13.835, 13.836, 13.837, 13.838, 13.839, 13.841, 13.842, 13.843, 13.844, 13.845, 13.847, 13.848, 13.849, 13.85, 13.851, 13.852, 13.854, 13.855, 13.856, 13.857, 13.858, 13.859, 13.86, 13.861, 13.862, 13.863, 13.864, 13.865, 13.866, 13.868, 13.869, 13.87, 13.871, 13.878, 13.879, 13.881, 13.883, 13.884, 13.885, 13.886, 13.887, 13.888, 13.89, 13.892, 13.894, 13.896, 13.897, 13.9, 13.902, 13.903, 13.906, 13.908, 13.909, 13.91, 13.911, 13.912, 13.913, 13.915, 13.916, 13.917, 13.919, 13.92, 13.921, 13.922, 13.924, 13.925, 13.927, 13.928, 13.929, 13.93, 13.931, 13.933, 13.934, 13.937, 13.938, 13.941, 13.942, 13.943, 13.948, 13.949, 13.951, 13.953, 13.954, 13.96, 13.962, 13.964, 13.967, 13.971, 13.975, 13.979, 13.982, 13.983, 13.985, 13.987, 13.989, 13.991, 13.993, 13.995, 13.999, 14.001, 14.005, 14.006, 14.009, 14.011, 14.012, 14.014, 14.016, 14.02, 14.027, 14.033, 14.038, 14.039, 14.048, 14.056, 14.081, 14.086, 14.099, 14.1, 14.101, 14.107, 14.111, 14.134, 14.157, 14.158, 14.162, 14.165, 14.174, 14.183, 14.191, 14.208, 14.235, 14.246, 14.257, 14.424, 14.99]
---
Round: 28, Unk. prob.: 1.000e+00
Surv probs: 0.000e+00, Fail probs: 0.000e+00
No. of non-dominant rules: 5193, Survival rules: 4882, Failure rules: 311
Batch update: 187 rules added, 0 existing rules removed (0 new rules dominated)
Survival: 187 rules added, 0 removed (from 187 candidates)
Batch update: 5 rules added, 0 existing rules removed (0 new rules dominated)
Failure: 5 rules added, 0 removed (from 5 candidates)
Updated sys_vals: [13.439, 13.529, 13.593, 13.609, 13.621, 13.633, 13.637, 13.642, 13.647, 13.648, 13.655, 13.658, 13.66, 13.661, 13.662, 13.663, 13.664, 13.665, 13.666, 13.667, 13.668, 13.669, 13.67, 13.671, 13.672, 13.673, 13.674, 13.676, 13.677, 13.678, 13.679, 13.68, 13.682, 13.683, 13.684, 13.685, 13.686, 13.687, 13.688, 13.689, 13.69, 13.691, 13.692, 13.693, 13.694, 13.695, 13.696, 13.697, 13.698, 13.699, 13.7, 13.701, 13.702, 13.703, 13.704, 13.705, 13.706, 13.707, 13.708, 13.709, 13.71, 13.711, 13.712, 13.713, 13.714, 13.715, 13.716, 13.717, 13.718, 13.719, 13.72, 13.721, 13.722, 13.723, 13.724, 13.725, 13.726, 13.727, 13.728, 13.729, 13.73, 13.731, 13.732, 13.733, 13.734, 13.735, 13.736, 13.737, 13.738, 13.739, 13.74, 13.741, 13.742, 13.743, 13.744, 13.745, 13.746, 13.747, 13.748, 13.749, 13.75, 13.751, 13.752, 13.753, 13.754, 13.755, 13.756, 13.757, 13.758, 13.759, 13.76, 13.761, 13.762, 13.763, 13.764, 13.765, 13.766, 13.767, 13.768, 13.769, 13.77, 13.771, 13.772, 13.773, 13.774, 13.775, 13.776, 13.777, 13.778, 13.779, 13.78, 13.781, 13.782, 13.783, 13.784, 13.785, 13.786, 13.787, 13.788, 13.789, 13.79, 13.791, 13.792, 13.793, 13.794, 13.795, 13.796, 13.797, 13.798, 13.799, 13.8, 13.801, 13.802, 13.803, 13.804, 13.805, 13.806, 13.807, 13.808, 13.81, 13.811, 13.812, 13.813, 13.814, 13.815, 13.816, 13.817, 13.818, 13.819, 13.82, 13.821, 13.822, 13.823, 13.825, 13.826, 13.827, 13.828, 13.831, 13.833, 13.834, 13.835, 13.836, 13.837, 13.838, 13.839, 13.841, 13.842, 13.843, 13.844, 13.845, 13.847, 13.848, 13.849, 13.85, 13.851, 13.852, 13.854, 13.855, 13.856, 13.857, 13.858, 13.859, 13.86, 13.861, 13.862, 13.863, 13.864, 13.865, 13.866, 13.868, 13.869, 13.87, 13.871, 13.873, 13.878, 13.879, 13.881, 13.883, 13.884, 13.885, 13.886, 13.887, 13.888, 13.89, 13.892, 13.894, 13.895, 13.896, 13.897, 13.9, 13.902, 13.903, 13.906, 13.908, 13.909, 13.91, 13.911, 13.912, 13.913, 13.915, 13.916, 13.917, 13.919, 13.92, 13.921, 13.922, 13.924, 13.925, 13.927, 13.928, 13.929, 13.93, 13.931, 13.933, 13.934, 13.937, 13.938, 13.941, 13.942, 13.943, 13.948, 13.949, 13.951, 13.953, 13.954, 13.96, 13.962, 13.964, 13.967, 13.971, 13.975, 13.977, 13.979, 13.982, 13.983, 13.985, 13.987, 13.989, 13.991, 13.993, 13.995, 13.999, 14.001, 14.005, 14.006, 14.009, 14.011, 14.012, 14.014, 14.016, 14.02, 14.027, 14.033, 14.038, 14.039, 14.048, 14.056, 14.081, 14.086, 14.099, 14.1, 14.101, 14.107, 14.111, 14.134, 14.157, 14.158, 14.162, 14.165, 14.174, 14.183, 14.191, 14.208, 14.235, 14.246, 14.257, 14.424, 14.99]
---
Round: 29, Unk. prob.: 1.000e+00
Surv probs: 0.000e+00, Fail probs: 0.000e+00
No. of non-dominant rules: 5385, Survival rules: 5069, Failure rules: 316
Batch update: 180 rules added, 0 existing rules removed (0 new rules dominated)
Survival: 180 rules added, 0 removed (from 180 candidates)
Batch update: 12 rules added, 0 existing rules removed (0 new rules dominated)
Failure: 12 rules added, 0 removed (from 12 candidates)
Updated sys_vals: [13.439, 13.529, 13.593, 13.609, 13.621, 13.633, 13.637, 13.642, 13.647, 13.648, 13.655, 13.658, 13.66, 13.661, 13.662, 13.663, 13.664, 13.665, 13.666, 13.667, 13.668, 13.669, 13.67, 13.671, 13.672, 13.673, 13.674, 13.676, 13.677, 13.678, 13.679, 13.68, 13.682, 13.683, 13.684, 13.685, 13.686, 13.687, 13.688, 13.689, 13.69, 13.691, 13.692, 13.693, 13.694, 13.695, 13.696, 13.697, 13.698, 13.699, 13.7, 13.701, 13.702, 13.703, 13.704, 13.705, 13.706, 13.707, 13.708, 13.709, 13.71, 13.711, 13.712, 13.713, 13.714, 13.715, 13.716, 13.717, 13.718, 13.719, 13.72, 13.721, 13.722, 13.723, 13.724, 13.725, 13.726, 13.727, 13.728, 13.729, 13.73, 13.731, 13.732, 13.733, 13.734, 13.735, 13.736, 13.737, 13.738, 13.739, 13.74, 13.741, 13.742, 13.743, 13.744, 13.745, 13.746, 13.747, 13.748, 13.749, 13.75, 13.751, 13.752, 13.753, 13.754, 13.755, 13.756, 13.757, 13.758, 13.759, 13.76, 13.761, 13.762, 13.763, 13.764, 13.765, 13.766, 13.767, 13.768, 13.769, 13.77, 13.771, 13.772, 13.773, 13.774, 13.775, 13.776, 13.777, 13.778, 13.779, 13.78, 13.781, 13.782, 13.783, 13.784, 13.785, 13.786, 13.787, 13.788, 13.789, 13.79, 13.791, 13.792, 13.793, 13.794, 13.795, 13.796, 13.797, 13.798, 13.799, 13.8, 13.801, 13.802, 13.803, 13.804, 13.805, 13.806, 13.807, 13.808, 13.81, 13.811, 13.812, 13.813, 13.814, 13.815, 13.816, 13.817, 13.818, 13.819, 13.82, 13.821, 13.822, 13.823, 13.825, 13.826, 13.827, 13.828, 13.829, 13.831, 13.833, 13.834, 13.835, 13.836, 13.837, 13.838, 13.839, 13.841, 13.842, 13.843, 13.844, 13.845, 13.846, 13.847, 13.848, 13.849, 13.85, 13.851, 13.852, 13.854, 13.855, 13.856, 13.857, 13.858, 13.859, 13.86, 13.861, 13.862, 13.863, 13.864, 13.865, 13.866, 13.868, 13.869, 13.87, 13.871, 13.873, 13.878, 13.879, 13.881, 13.883, 13.884, 13.885, 13.886, 13.887, 13.888, 13.89, 13.892, 13.894, 13.895, 13.896, 13.897, 13.9, 13.901, 13.902, 13.903, 13.906, 13.908, 13.909, 13.91, 13.911, 13.912, 13.913, 13.915, 13.916, 13.917, 13.919, 13.92, 13.921, 13.922, 13.924, 13.925, 13.927, 13.928, 13.929, 13.93, 13.931, 13.933, 13.934, 13.937, 13.938, 13.941, 13.942, 13.943, 13.948, 13.949, 13.951, 13.953, 13.954, 13.96, 13.962, 13.964, 13.965, 13.967, 13.971, 13.975, 13.977, 13.979, 13.982, 13.983, 13.985, 13.987, 13.989, 13.991, 13.993, 13.995, 13.999, 14.001, 14.005, 14.006, 14.009, 14.011, 14.012, 14.014, 14.016, 14.02, 14.027, 14.033, 14.038, 14.039, 14.048, 14.056, 14.081, 14.086, 14.099, 14.1, 14.101, 14.107, 14.111, 14.134, 14.157, 14.158, 14.162, 14.165, 14.174, 14.183, 14.191, 14.208, 14.235, 14.246, 14.257, 14.424, 14.99]
---
Round: 30, Unk. prob.: 1.000e+00
Surv probs: 0.000e+00, Fail probs: 0.000e+00
No. of non-dominant rules: 5577, Survival rules: 5249, Failure rules: 328
Batch update: 173 rules added, 0 existing rules removed (0 new rules dominated)
Survival: 173 rules added, 0 removed (from 173 candidates)
Batch update: 19 rules added, 0 existing rules removed (0 new rules dominated)
Failure: 19 rules added, 0 removed (from 19 candidates)
Updated sys_vals: [13.439, 13.529, 13.593, 13.609, 13.621, 13.633, 13.637, 13.642, 13.647, 13.648, 13.655, 13.658, 13.66, 13.661, 13.662, 13.663, 13.664, 13.665, 13.666, 13.667, 13.668, 13.669, 13.67, 13.671, 13.672, 13.673, 13.674, 13.676, 13.677, 13.678, 13.679, 13.68, 13.681, 13.682, 13.683, 13.684, 13.685, 13.686, 13.687, 13.688, 13.689, 13.69, 13.691, 13.692, 13.693, 13.694, 13.695, 13.696, 13.697, 13.698, 13.699, 13.7, 13.701, 13.702, 13.703, 13.704, 13.705, 13.706, 13.707, 13.708, 13.709, 13.71, 13.711, 13.712, 13.713, 13.714, 13.715, 13.716, 13.717, 13.718, 13.719, 13.72, 13.721, 13.722, 13.723, 13.724, 13.725, 13.726, 13.727, 13.728, 13.729, 13.73, 13.731, 13.732, 13.733, 13.734, 13.735, 13.736, 13.737, 13.738, 13.739, 13.74, 13.741, 13.742, 13.743, 13.744, 13.745, 13.746, 13.747, 13.748, 13.749, 13.75, 13.751, 13.752, 13.753, 13.754, 13.755, 13.756, 13.757, 13.758, 13.759, 13.76, 13.761, 13.762, 13.763, 13.764, 13.765, 13.766, 13.767, 13.768, 13.769, 13.77, 13.771, 13.772, 13.773, 13.774, 13.775, 13.776, 13.777, 13.778, 13.779, 13.78, 13.781, 13.782, 13.783, 13.784, 13.785, 13.786, 13.787, 13.788, 13.789, 13.79, 13.791, 13.792, 13.793, 13.794, 13.795, 13.796, 13.797, 13.798, 13.799, 13.8, 13.801, 13.802, 13.803, 13.804, 13.805, 13.806, 13.807, 13.808, 13.81, 13.811, 13.812, 13.813, 13.814, 13.815, 13.816, 13.817, 13.818, 13.819, 13.82, 13.821, 13.822, 13.823, 13.824, 13.825, 13.826, 13.827, 13.828, 13.829, 13.831, 13.833, 13.834, 13.835, 13.836, 13.837, 13.838, 13.839, 13.841, 13.842, 13.843, 13.844, 13.845, 13.846, 13.847, 13.848, 13.849, 13.85, 13.851, 13.852, 13.854, 13.855, 13.856, 13.857, 13.858, 13.859, 13.86, 13.861, 13.862, 13.863, 13.864, 13.865, 13.866, 13.868, 13.869, 13.87, 13.871, 13.872, 13.873, 13.874, 13.878, 13.879, 13.881, 13.883, 13.884, 13.885, 13.886, 13.887, 13.888, 13.889, 13.89, 13.892, 13.894, 13.895, 13.896, 13.897, 13.898, 13.9, 13.901, 13.902, 13.903, 13.906, 13.908, 13.909, 13.91, 13.911, 13.912, 13.913, 13.915, 13.916, 13.917, 13.919, 13.92, 13.921, 13.922, 13.924, 13.925, 13.927, 13.928, 13.929, 13.93, 13.931, 13.933, 13.934, 13.937, 13.938, 13.941, 13.942, 13.943, 13.948, 13.949, 13.951, 13.953, 13.954, 13.958, 13.96, 13.962, 13.964, 13.965, 13.967, 13.971, 13.975, 13.977, 13.979, 13.982, 13.983, 13.985, 13.987, 13.989, 13.991, 13.993, 13.995, 13.996, 13.999, 14.001, 14.005, 14.006, 14.009, 14.011, 14.012, 14.014, 14.016, 14.02, 14.027, 14.033, 14.038, 14.039, 14.048, 14.056, 14.081, 14.084, 14.086, 14.099, 14.1, 14.101, 14.107, 14.111, 14.113, 14.134, 14.157, 14.158, 14.162, 14.165, 14.174, 14.183, 14.191, 14.208, 14.235, 14.246, 14.257, 14.424, 14.99]
---
Round: 31, Unk. prob.: 1.000e+00
Surv probs: 0.000e+00, Fail probs: 0.000e+00
No. of non-dominant rules: 5769, Survival rules: 5422, Failure rules: 347
Batch update: 180 rules added, 0 existing rules removed (0 new rules dominated)
Survival: 180 rules added, 0 removed (from 180 candidates)
Batch update: 12 rules added, 0 existing rules removed (0 new rules dominated)
Failure: 12 rules added, 0 removed (from 12 candidates)
Updated sys_vals: [13.439, 13.529, 13.593, 13.609, 13.621, 13.633, 13.637, 13.642, 13.647, 13.648, 13.655, 13.658, 13.659, 13.66, 13.661, 13.662, 13.663, 13.664, 13.665, 13.666, 13.667, 13.668, 13.669, 13.67, 13.671, 13.672, 13.673, 13.674, 13.676, 13.677, 13.678, 13.679, 13.68, 13.681, 13.682, 13.683, 13.684, 13.685, 13.686, 13.687, 13.688, 13.689, 13.69, 13.691, 13.692, 13.693, 13.694, 13.695, 13.696, 13.697, 13.698, 13.699, 13.7, 13.701, 13.702, 13.703, 13.704, 13.705, 13.706, 13.707, 13.708, 13.709, 13.71, 13.711, 13.712, 13.713, 13.714, 13.715, 13.716, 13.717, 13.718, 13.719, 13.72, 13.721, 13.722, 13.723, 13.724, 13.725, 13.726, 13.727, 13.728, 13.729, 13.73, 13.731, 13.732, 13.733, 13.734, 13.735, 13.736, 13.737, 13.738, 13.739, 13.74, 13.741, 13.742, 13.743, 13.744, 13.745, 13.746, 13.747, 13.748, 13.749, 13.75, 13.751, 13.752, 13.753, 13.754, 13.755, 13.756, 13.757, 13.758, 13.759, 13.76, 13.761, 13.762, 13.763, 13.764, 13.765, 13.766, 13.767, 13.768, 13.769, 13.77, 13.771, 13.772, 13.773, 13.774, 13.775, 13.776, 13.777, 13.778, 13.779, 13.78, 13.781, 13.782, 13.783, 13.784, 13.785, 13.786, 13.787, 13.788, 13.789, 13.79, 13.791, 13.792, 13.793, 13.794, 13.795, 13.796, 13.797, 13.798, 13.799, 13.8, 13.801, 13.802, 13.803, 13.804, 13.805, 13.806, 13.807, 13.808, 13.81, 13.811, 13.812, 13.813, 13.814, 13.815, 13.816, 13.817, 13.818, 13.819, 13.82, 13.821, 13.822, 13.823, 13.824, 13.825, 13.826, 13.827, 13.828, 13.829, 13.831, 13.833, 13.834, 13.835, 13.836, 13.837, 13.838, 13.839, 13.841, 13.842, 13.843, 13.844, 13.845, 13.846, 13.847, 13.848, 13.849, 13.85, 13.851, 13.852, 13.854, 13.855, 13.856, 13.857, 13.858, 13.859, 13.86, 13.861, 13.862, 13.863, 13.864, 13.865, 13.866, 13.868, 13.869, 13.87, 13.871, 13.872, 13.873, 13.874, 13.878, 13.879, 13.881, 13.883, 13.884, 13.885, 13.886, 13.887, 13.888, 13.889, 13.89, 13.892, 13.894, 13.895, 13.896, 13.897, 13.898, 13.9, 13.901, 13.902, 13.903, 13.906, 13.908, 13.909, 13.91, 13.911, 13.912, 13.913, 13.915, 13.916, 13.917, 13.919, 13.92, 13.921, 13.922, 13.924, 13.925, 13.927, 13.928, 13.929, 13.93, 13.931, 13.933, 13.934, 13.937, 13.938, 13.939, 13.941, 13.942, 13.943, 13.948, 13.949, 13.951, 13.953, 13.954, 13.958, 13.96, 13.962, 13.964, 13.965, 13.967, 13.971, 13.975, 13.977, 13.979, 13.982, 13.983, 13.985, 13.987, 13.989, 13.991, 13.993, 13.995, 13.996, 13.999, 14.001, 14.005, 14.006, 14.009, 14.011, 14.012, 14.014, 14.016, 14.02, 14.027, 14.033, 14.038, 14.039, 14.048, 14.056, 14.081, 14.084, 14.086, 14.099, 14.1, 14.101, 14.107, 14.111, 14.113, 14.134, 14.157, 14.158, 14.162, 14.165, 14.174, 14.183, 14.191, 14.208, 14.235, 14.246, 14.257, 14.424, 14.99]
---
Round: 32, Unk. prob.: 1.000e+00
Surv probs: 0.000e+00, Fail probs: 0.000e+00
No. of non-dominant rules: 5961, Survival rules: 5602, Failure rules: 359
Batch update: 179 rules added, 0 existing rules removed (0 new rules dominated)
Survival: 179 rules added, 0 removed (from 179 candidates)
Batch update: 13 rules added, 0 existing rules removed (0 new rules dominated)
Failure: 13 rules added, 0 removed (from 13 candidates)
Updated sys_vals: [13.439, 13.529, 13.593, 13.609, 13.621, 13.633, 13.637, 13.642, 13.647, 13.648, 13.655, 13.658, 13.659, 13.66, 13.661, 13.662, 13.663, 13.664, 13.665, 13.666, 13.667, 13.668, 13.669, 13.67, 13.671, 13.672, 13.673, 13.674, 13.676, 13.677, 13.678, 13.679, 13.68, 13.681, 13.682, 13.683, 13.684, 13.685, 13.686, 13.687, 13.688, 13.689, 13.69, 13.691, 13.692, 13.693, 13.694, 13.695, 13.696, 13.697, 13.698, 13.699, 13.7, 13.701, 13.702, 13.703, 13.704, 13.705, 13.706, 13.707, 13.708, 13.709, 13.71, 13.711, 13.712, 13.713, 13.714, 13.715, 13.716, 13.717, 13.718, 13.719, 13.72, 13.721, 13.722, 13.723, 13.724, 13.725, 13.726, 13.727, 13.728, 13.729, 13.73, 13.731, 13.732, 13.733, 13.734, 13.735, 13.736, 13.737, 13.738, 13.739, 13.74, 13.741, 13.742, 13.743, 13.744, 13.745, 13.746, 13.747, 13.748, 13.749, 13.75, 13.751, 13.752, 13.753, 13.754, 13.755, 13.756, 13.757, 13.758, 13.759, 13.76, 13.761, 13.762, 13.763, 13.764, 13.765, 13.766, 13.767, 13.768, 13.769, 13.77, 13.771, 13.772, 13.773, 13.774, 13.775, 13.776, 13.777, 13.778, 13.779, 13.78, 13.781, 13.782, 13.783, 13.784, 13.785, 13.786, 13.787, 13.788, 13.789, 13.79, 13.791, 13.792, 13.793, 13.794, 13.795, 13.796, 13.797, 13.798, 13.799, 13.8, 13.801, 13.802, 13.803, 13.804, 13.805, 13.806, 13.807, 13.808, 13.81, 13.811, 13.812, 13.813, 13.814, 13.815, 13.816, 13.817, 13.818, 13.819, 13.82, 13.821, 13.822, 13.823, 13.824, 13.825, 13.826, 13.827, 13.828, 13.829, 13.831, 13.833, 13.834, 13.835, 13.836, 13.837, 13.838, 13.839, 13.841, 13.842, 13.843, 13.844, 13.845, 13.846, 13.847, 13.848, 13.849, 13.85, 13.851, 13.852, 13.854, 13.855, 13.856, 13.857, 13.858, 13.859, 13.86, 13.861, 13.862, 13.863, 13.864, 13.865, 13.866, 13.868, 13.869, 13.87, 13.871, 13.872, 13.873, 13.874, 13.878, 13.879, 13.881, 13.883, 13.884, 13.885, 13.886, 13.887, 13.888, 13.889, 13.89, 13.892, 13.894, 13.895, 13.896, 13.897, 13.898, 13.9, 13.901, 13.902, 13.903, 13.906, 13.908, 13.909, 13.91, 13.911, 13.912, 13.913, 13.915, 13.916, 13.917, 13.919, 13.92, 13.921, 13.922, 13.924, 13.925, 13.927, 13.928, 13.929, 13.93, 13.931, 13.933, 13.934, 13.937, 13.938, 13.939, 13.941, 13.942, 13.943, 13.948, 13.949, 13.951, 13.953, 13.954, 13.958, 13.96, 13.962, 13.964, 13.965, 13.967, 13.971, 13.975, 13.977, 13.979, 13.982, 13.983, 13.985, 13.987, 13.989, 13.991, 13.993, 13.995, 13.996, 13.999, 14.001, 14.005, 14.006, 14.009, 14.011, 14.012, 14.014, 14.016, 14.02, 14.027, 14.033, 14.038, 14.039, 14.048, 14.056, 14.077, 14.081, 14.084, 14.086, 14.092, 14.099, 14.1, 14.101, 14.107, 14.111, 14.113, 14.134, 14.157, 14.158, 14.162, 14.165, 14.174, 14.183, 14.191, 14.208, 14.235, 14.246, 14.257, 14.424, 14.99]
---
Round: 33, Unk. prob.: 1.000e+00
Surv probs: 0.000e+00, Fail probs: 0.000e+00
No. of non-dominant rules: 6153, Survival rules: 5781, Failure rules: 372
Batch update: 181 rules added, 0 existing rules removed (0 new rules dominated)
Survival: 181 rules added, 0 removed (from 181 candidates)
Batch update: 11 rules added, 0 existing rules removed (0 new rules dominated)
Failure: 11 rules added, 0 removed (from 11 candidates)
Updated sys_vals: [13.439, 13.529, 13.593, 13.609, 13.621, 13.633, 13.637, 13.642, 13.647, 13.648, 13.655, 13.658, 13.659, 13.66, 13.661, 13.662, 13.663, 13.664, 13.665, 13.666, 13.667, 13.668, 13.669, 13.67, 13.671, 13.672, 13.673, 13.674, 13.676, 13.677, 13.678, 13.679, 13.68, 13.681, 13.682, 13.683, 13.684, 13.685, 13.686, 13.687, 13.688, 13.689, 13.69, 13.691, 13.692, 13.693, 13.694, 13.695, 13.696, 13.697, 13.698, 13.699, 13.7, 13.701, 13.702, 13.703, 13.704, 13.705, 13.706, 13.707, 13.708, 13.709, 13.71, 13.711, 13.712, 13.713, 13.714, 13.715, 13.716, 13.717, 13.718, 13.719, 13.72, 13.721, 13.722, 13.723, 13.724, 13.725, 13.726, 13.727, 13.728, 13.729, 13.73, 13.731, 13.732, 13.733, 13.734, 13.735, 13.736, 13.737, 13.738, 13.739, 13.74, 13.741, 13.742, 13.743, 13.744, 13.745, 13.746, 13.747, 13.748, 13.749, 13.75, 13.751, 13.752, 13.753, 13.754, 13.755, 13.756, 13.757, 13.758, 13.759, 13.76, 13.761, 13.762, 13.763, 13.764, 13.765, 13.766, 13.767, 13.768, 13.769, 13.77, 13.771, 13.772, 13.773, 13.774, 13.775, 13.776, 13.777, 13.778, 13.779, 13.78, 13.781, 13.782, 13.783, 13.784, 13.785, 13.786, 13.787, 13.788, 13.789, 13.79, 13.791, 13.792, 13.793, 13.794, 13.795, 13.796, 13.797, 13.798, 13.799, 13.8, 13.801, 13.802, 13.803, 13.804, 13.805, 13.806, 13.807, 13.808, 13.81, 13.811, 13.812, 13.813, 13.814, 13.815, 13.816, 13.817, 13.818, 13.819, 13.82, 13.821, 13.822, 13.823, 13.824, 13.825, 13.826, 13.827, 13.828, 13.829, 13.831, 13.833, 13.834, 13.835, 13.836, 13.837, 13.838, 13.839, 13.841, 13.842, 13.843, 13.844, 13.845, 13.846, 13.847, 13.848, 13.849, 13.85, 13.851, 13.852, 13.853, 13.854, 13.855, 13.856, 13.857, 13.858, 13.859, 13.86, 13.861, 13.862, 13.863, 13.864, 13.865, 13.866, 13.868, 13.869, 13.87, 13.871, 13.872, 13.873, 13.874, 13.878, 13.879, 13.881, 13.883, 13.884, 13.885, 13.886, 13.887, 13.888, 13.889, 13.89, 13.892, 13.894, 13.895, 13.896, 13.897, 13.898, 13.9, 13.901, 13.902, 13.903, 13.906, 13.908, 13.909, 13.91, 13.911, 13.912, 13.913, 13.915, 13.916, 13.917, 13.919, 13.92, 13.921, 13.922, 13.924, 13.925, 13.927, 13.928, 13.929, 13.93, 13.931, 13.932, 13.933, 13.934, 13.937, 13.938, 13.939, 13.941, 13.942, 13.943, 13.947, 13.948, 13.949, 13.951, 13.953, 13.954, 13.958, 13.96, 13.962, 13.964, 13.965, 13.967, 13.971, 13.975, 13.977, 13.979, 13.982, 13.983, 13.985, 13.987, 13.989, 13.991, 13.993, 13.995, 13.996, 13.999, 14.001, 14.005, 14.006, 14.009, 14.011, 14.012, 14.014, 14.016, 14.02, 14.027, 14.033, 14.038, 14.039, 14.048, 14.056, 14.077, 14.081, 14.084, 14.086, 14.092, 14.099, 14.1, 14.101, 14.107, 14.111, 14.113, 14.134, 14.157, 14.158, 14.162, 14.165, 14.174, 14.183, 14.191, 14.208, 14.235, 14.246, 14.257, 14.424, 14.99]
---
Round: 34, Unk. prob.: 1.000e+00
Surv probs: 0.000e+00, Fail probs: 0.000e+00
No. of non-dominant rules: 6345, Survival rules: 5962, Failure rules: 383
Batch update: 180 rules added, 0 existing rules removed (0 new rules dominated)
Survival: 180 rules added, 0 removed (from 180 candidates)
Batch update: 12 rules added, 0 existing rules removed (0 new rules dominated)
Failure: 12 rules added, 0 removed (from 12 candidates)
Updated sys_vals: [13.439, 13.529, 13.593, 13.609, 13.621, 13.633, 13.637, 13.642, 13.647, 13.648, 13.652, 13.655, 13.658, 13.659, 13.66, 13.661, 13.662, 13.663, 13.664, 13.665, 13.666, 13.667, 13.668, 13.669, 13.67, 13.671, 13.672, 13.673, 13.674, 13.676, 13.677, 13.678, 13.679, 13.68, 13.681, 13.682, 13.683, 13.684, 13.685, 13.686, 13.687, 13.688, 13.689, 13.69, 13.691, 13.692, 13.693, 13.694, 13.695, 13.696, 13.697, 13.698, 13.699, 13.7, 13.701, 13.702, 13.703, 13.704, 13.705, 13.706, 13.707, 13.708, 13.709, 13.71, 13.711, 13.712, 13.713, 13.714, 13.715, 13.716, 13.717, 13.718, 13.719, 13.72, 13.721, 13.722, 13.723, 13.724, 13.725, 13.726, 13.727, 13.728, 13.729, 13.73, 13.731, 13.732, 13.733, 13.734, 13.735, 13.736, 13.737, 13.738, 13.739, 13.74, 13.741, 13.742, 13.743, 13.744, 13.745, 13.746, 13.747, 13.748, 13.749, 13.75, 13.751, 13.752, 13.753, 13.754, 13.755, 13.756, 13.757, 13.758, 13.759, 13.76, 13.761, 13.762, 13.763, 13.764, 13.765, 13.766, 13.767, 13.768, 13.769, 13.77, 13.771, 13.772, 13.773, 13.774, 13.775, 13.776, 13.777, 13.778, 13.779, 13.78, 13.781, 13.782, 13.783, 13.784, 13.785, 13.786, 13.787, 13.788, 13.789, 13.79, 13.791, 13.792, 13.793, 13.794, 13.795, 13.796, 13.797, 13.798, 13.799, 13.8, 13.801, 13.802, 13.803, 13.804, 13.805, 13.806, 13.807, 13.808, 13.809, 13.81, 13.811, 13.812, 13.813, 13.814, 13.815, 13.816, 13.817, 13.818, 13.819, 13.82, 13.821, 13.822, 13.823, 13.824, 13.825, 13.826, 13.827, 13.828, 13.829, 13.831, 13.833, 13.834, 13.835, 13.836, 13.837, 13.838, 13.839, 13.841, 13.842, 13.843, 13.844, 13.845, 13.846, 13.847, 13.848, 13.849, 13.85, 13.851, 13.852, 13.853, 13.854, 13.855, 13.856, 13.857, 13.858, 13.859, 13.86, 13.861, 13.862, 13.863, 13.864, 13.865, 13.866, 13.868, 13.869, 13.87, 13.871, 13.872, 13.873, 13.874, 13.878, 13.879, 13.881, 13.882, 13.883, 13.884, 13.885, 13.886, 13.887, 13.888, 13.889, 13.89, 13.892, 13.894, 13.895, 13.896, 13.897, 13.898, 13.9, 13.901, 13.902, 13.903, 13.906, 13.908, 13.909, 13.91, 13.911, 13.912, 13.913, 13.915, 13.916, 13.917, 13.919, 13.92, 13.921, 13.922, 13.924, 13.925, 13.927, 13.928, 13.929, 13.93, 13.931, 13.932, 13.933, 13.934, 13.937, 13.938, 13.939, 13.941, 13.942, 13.943, 13.947, 13.948, 13.949, 13.951, 13.953, 13.954, 13.958, 13.96, 13.962, 13.964, 13.965, 13.967, 13.971, 13.975, 13.977, 13.979, 13.982, 13.983, 13.985, 13.987, 13.989, 13.991, 13.993, 13.995, 13.996, 13.999, 14.001, 14.005, 14.006, 14.009, 14.011, 14.012, 14.013, 14.014, 14.016, 14.02, 14.027, 14.033, 14.038, 14.039, 14.048, 14.056, 14.077, 14.081, 14.084, 14.086, 14.092, 14.099, 14.1, 14.101, 14.107, 14.111, 14.113, 14.134, 14.157, 14.158, 14.162, 14.165, 14.174, 14.183, 14.191, 14.208, 14.235, 14.246, 14.257, 14.424, 14.99]
---
Round: 35, Unk. prob.: 1.000e+00
Surv probs: 0.000e+00, Fail probs: 0.000e+00
No. of non-dominant rules: 6537, Survival rules: 6142, Failure rules: 395
Batch update: 180 rules added, 0 existing rules removed (0 new rules dominated)
Survival: 180 rules added, 0 removed (from 180 candidates)
Batch update: 12 rules added, 0 existing rules removed (0 new rules dominated)
Failure: 12 rules added, 0 removed (from 12 candidates)
Updated sys_vals: [13.439, 13.529, 13.59, 13.593, 13.609, 13.621, 13.633, 13.637, 13.642, 13.647, 13.648, 13.652, 13.655, 13.658, 13.659, 13.66, 13.661, 13.662, 13.663, 13.664, 13.665, 13.666, 13.667, 13.668, 13.669, 13.67, 13.671, 13.672, 13.673, 13.674, 13.676, 13.677, 13.678, 13.679, 13.68, 13.681, 13.682, 13.683, 13.684, 13.685, 13.686, 13.687, 13.688, 13.689, 13.69, 13.691, 13.692, 13.693, 13.694, 13.695, 13.696, 13.697, 13.698, 13.699, 13.7, 13.701, 13.702, 13.703, 13.704, 13.705, 13.706, 13.707, 13.708, 13.709, 13.71, 13.711, 13.712, 13.713, 13.714, 13.715, 13.716, 13.717, 13.718, 13.719, 13.72, 13.721, 13.722, 13.723, 13.724, 13.725, 13.726, 13.727, 13.728, 13.729, 13.73, 13.731, 13.732, 13.733, 13.734, 13.735, 13.736, 13.737, 13.738, 13.739, 13.74, 13.741, 13.742, 13.743, 13.744, 13.745, 13.746, 13.747, 13.748, 13.749, 13.75, 13.751, 13.752, 13.753, 13.754, 13.755, 13.756, 13.757, 13.758, 13.759, 13.76, 13.761, 13.762, 13.763, 13.764, 13.765, 13.766, 13.767, 13.768, 13.769, 13.77, 13.771, 13.772, 13.773, 13.774, 13.775, 13.776, 13.777, 13.778, 13.779, 13.78, 13.781, 13.782, 13.783, 13.784, 13.785, 13.786, 13.787, 13.788, 13.789, 13.79, 13.791, 13.792, 13.793, 13.794, 13.795, 13.796, 13.797, 13.798, 13.799, 13.8, 13.801, 13.802, 13.803, 13.804, 13.805, 13.806, 13.807, 13.808, 13.809, 13.81, 13.811, 13.812, 13.813, 13.814, 13.815, 13.816, 13.817, 13.818, 13.819, 13.82, 13.821, 13.822, 13.823, 13.824, 13.825, 13.826, 13.827, 13.828, 13.829, 13.831, 13.833, 13.834, 13.835, 13.836, 13.837, 13.838, 13.839, 13.841, 13.842, 13.843, 13.844, 13.845, 13.846, 13.847, 13.848, 13.849, 13.85, 13.851, 13.852, 13.853, 13.854, 13.855, 13.856, 13.857, 13.858, 13.859, 13.86, 13.861, 13.862, 13.863, 13.864, 13.865, 13.866, 13.868, 13.869, 13.87, 13.871, 13.872, 13.873, 13.874, 13.878, 13.879, 13.881, 13.882, 13.883, 13.884, 13.885, 13.886, 13.887, 13.888, 13.889, 13.89, 13.892, 13.894, 13.895, 13.896, 13.897, 13.898, 13.9, 13.901, 13.902, 13.903, 13.904, 13.906, 13.908, 13.909, 13.91, 13.911, 13.912, 13.913, 13.915, 13.916, 13.917, 13.919, 13.92, 13.921, 13.922, 13.924, 13.925, 13.927, 13.928, 13.929, 13.93, 13.931, 13.932, 13.933, 13.934, 13.937, 13.938, 13.939, 13.941, 13.942, 13.943, 13.945, 13.947, 13.948, 13.949, 13.951, 13.953, 13.954, 13.958, 13.96, 13.962, 13.964, 13.965, 13.967, 13.971, 13.973, 13.975, 13.977, 13.979, 13.982, 13.983, 13.985, 13.987, 13.989, 13.991, 13.993, 13.995, 13.996, 13.999, 14.001, 14.005, 14.006, 14.009, 14.011, 14.012, 14.013, 14.014, 14.016, 14.02, 14.027, 14.033, 14.038, 14.039, 14.048, 14.053, 14.056, 14.077, 14.081, 14.084, 14.086, 14.092, 14.099, 14.1, 14.101, 14.107, 14.111, 14.113, 14.134, 14.157, 14.158, 14.162, 14.165, 14.174, 14.183, 14.191, 14.208, 14.235, 14.246, 14.257, 14.424, 14.99]
---
Round: 36, Unk. prob.: 1.000e+00
Surv probs: 0.000e+00, Fail probs: 0.000e+00
No. of non-dominant rules: 6729, Survival rules: 6322, Failure rules: 407
Batch update: 181 rules added, 0 existing rules removed (0 new rules dominated)
Survival: 181 rules added, 0 removed (from 181 candidates)
Batch update: 11 rules added, 0 existing rules removed (0 new rules dominated)
Failure: 11 rules added, 0 removed (from 11 candidates)
Updated sys_vals: [13.439, 13.529, 13.59, 13.593, 13.609, 13.621, 13.633, 13.637, 13.642, 13.647, 13.648, 13.652, 13.655, 13.658, 13.659, 13.66, 13.661, 13.662, 13.663, 13.664, 13.665, 13.666, 13.667, 13.668, 13.669, 13.67, 13.671, 13.672, 13.673, 13.674, 13.676, 13.677, 13.678, 13.679, 13.68, 13.681, 13.682, 13.683, 13.684, 13.685, 13.686, 13.687, 13.688, 13.689, 13.69, 13.691, 13.692, 13.693, 13.694, 13.695, 13.696, 13.697, 13.698, 13.699, 13.7, 13.701, 13.702, 13.703, 13.704, 13.705, 13.706, 13.707, 13.708, 13.709, 13.71, 13.711, 13.712, 13.713, 13.714, 13.715, 13.716, 13.717, 13.718, 13.719, 13.72, 13.721, 13.722, 13.723, 13.724, 13.725, 13.726, 13.727, 13.728, 13.729, 13.73, 13.731, 13.732, 13.733, 13.734, 13.735, 13.736, 13.737, 13.738, 13.739, 13.74, 13.741, 13.742, 13.743, 13.744, 13.745, 13.746, 13.747, 13.748, 13.749, 13.75, 13.751, 13.752, 13.753, 13.754, 13.755, 13.756, 13.757, 13.758, 13.759, 13.76, 13.761, 13.762, 13.763, 13.764, 13.765, 13.766, 13.767, 13.768, 13.769, 13.77, 13.771, 13.772, 13.773, 13.774, 13.775, 13.776, 13.777, 13.778, 13.779, 13.78, 13.781, 13.782, 13.783, 13.784, 13.785, 13.786, 13.787, 13.788, 13.789, 13.79, 13.791, 13.792, 13.793, 13.794, 13.795, 13.796, 13.797, 13.798, 13.799, 13.8, 13.801, 13.802, 13.803, 13.804, 13.805, 13.806, 13.807, 13.808, 13.809, 13.81, 13.811, 13.812, 13.813, 13.814, 13.815, 13.816, 13.817, 13.818, 13.819, 13.82, 13.821, 13.822, 13.823, 13.824, 13.825, 13.826, 13.827, 13.828, 13.829, 13.831, 13.833, 13.834, 13.835, 13.836, 13.837, 13.838, 13.839, 13.841, 13.842, 13.843, 13.844, 13.845, 13.846, 13.847, 13.848, 13.849, 13.85, 13.851, 13.852, 13.853, 13.854, 13.855, 13.856, 13.857, 13.858, 13.859, 13.86, 13.861, 13.862, 13.863, 13.864, 13.865, 13.866, 13.868, 13.869, 13.87, 13.871, 13.872, 13.873, 13.874, 13.876, 13.878, 13.879, 13.881, 13.882, 13.883, 13.884, 13.885, 13.886, 13.887, 13.888, 13.889, 13.89, 13.892, 13.894, 13.895, 13.896, 13.897, 13.898, 13.9, 13.901, 13.902, 13.903, 13.904, 13.906, 13.908, 13.909, 13.91, 13.911, 13.912, 13.913, 13.915, 13.916, 13.917, 13.919, 13.92, 13.921, 13.922, 13.924, 13.925, 13.927, 13.928, 13.929, 13.93, 13.931, 13.932, 13.933, 13.934, 13.937, 13.938, 13.939, 13.941, 13.942, 13.943, 13.945, 13.947, 13.948, 13.949, 13.951, 13.953, 13.954, 13.956, 13.958, 13.96, 13.962, 13.964, 13.965, 13.967, 13.971, 13.973, 13.975, 13.977, 13.979, 13.982, 13.983, 13.985, 13.987, 13.989, 13.991, 13.993, 13.995, 13.996, 13.999, 14.001, 14.005, 14.006, 14.009, 14.011, 14.012, 14.013, 14.014, 14.016, 14.02, 14.027, 14.033, 14.038, 14.039, 14.048, 14.053, 14.056, 14.077, 14.081, 14.084, 14.086, 14.092, 14.099, 14.1, 14.101, 14.107, 14.111, 14.113, 14.134, 14.157, 14.158, 14.162, 14.165, 14.174, 14.183, 14.191, 14.208, 14.235, 14.246, 14.257, 14.424, 14.99]
---
Round: 37, Unk. prob.: 1.000e+00
Surv probs: 0.000e+00, Fail probs: 0.000e+00
No. of non-dominant rules: 6921, Survival rules: 6503, Failure rules: 418
Batch update: 182 rules added, 0 existing rules removed (0 new rules dominated)
Survival: 182 rules added, 0 removed (from 182 candidates)
Batch update: 10 rules added, 0 existing rules removed (0 new rules dominated)
Failure: 10 rules added, 0 removed (from 10 candidates)
Updated sys_vals: [13.439, 13.529, 13.531, 13.59, 13.593, 13.609, 13.621, 13.633, 13.637, 13.642, 13.647, 13.648, 13.652, 13.655, 13.658, 13.659, 13.66, 13.661, 13.662, 13.663, 13.664, 13.665, 13.666, 13.667, 13.668, 13.669, 13.67, 13.671, 13.672, 13.673, 13.674, 13.676, 13.677, 13.678, 13.679, 13.68, 13.681, 13.682, 13.683, 13.684, 13.685, 13.686, 13.687, 13.688, 13.689, 13.69, 13.691, 13.692, 13.693, 13.694, 13.695, 13.696, 13.697, 13.698, 13.699, 13.7, 13.701, 13.702, 13.703, 13.704, 13.705, 13.706, 13.707, 13.708, 13.709, 13.71, 13.711, 13.712, 13.713, 13.714, 13.715, 13.716, 13.717, 13.718, 13.719, 13.72, 13.721, 13.722, 13.723, 13.724, 13.725, 13.726, 13.727, 13.728, 13.729, 13.73, 13.731, 13.732, 13.733, 13.734, 13.735, 13.736, 13.737, 13.738, 13.739, 13.74, 13.741, 13.742, 13.743, 13.744, 13.745, 13.746, 13.747, 13.748, 13.749, 13.75, 13.751, 13.752, 13.753, 13.754, 13.755, 13.756, 13.757, 13.758, 13.759, 13.76, 13.761, 13.762, 13.763, 13.764, 13.765, 13.766, 13.767, 13.768, 13.769, 13.77, 13.771, 13.772, 13.773, 13.774, 13.775, 13.776, 13.777, 13.778, 13.779, 13.78, 13.781, 13.782, 13.783, 13.784, 13.785, 13.786, 13.787, 13.788, 13.789, 13.79, 13.791, 13.792, 13.793, 13.794, 13.795, 13.796, 13.797, 13.798, 13.799, 13.8, 13.801, 13.802, 13.803, 13.804, 13.805, 13.806, 13.807, 13.808, 13.809, 13.81, 13.811, 13.812, 13.813, 13.814, 13.815, 13.816, 13.817, 13.818, 13.819, 13.82, 13.821, 13.822, 13.823, 13.824, 13.825, 13.826, 13.827, 13.828, 13.829, 13.831, 13.833, 13.834, 13.835, 13.836, 13.837, 13.838, 13.839, 13.841, 13.842, 13.843, 13.844, 13.845, 13.846, 13.847, 13.848, 13.849, 13.85, 13.851, 13.852, 13.853, 13.854, 13.855, 13.856, 13.857, 13.858, 13.859, 13.86, 13.861, 13.862, 13.863, 13.864, 13.865, 13.866, 13.868, 13.869, 13.87, 13.871, 13.872, 13.873, 13.874, 13.876, 13.878, 13.879, 13.881, 13.882, 13.883, 13.884, 13.885, 13.886, 13.887, 13.888, 13.889, 13.89, 13.892, 13.894, 13.895, 13.896, 13.897, 13.898, 13.9, 13.901, 13.902, 13.903, 13.904, 13.906, 13.908, 13.909, 13.91, 13.911, 13.912, 13.913, 13.915, 13.916, 13.917, 13.919, 13.92, 13.921, 13.922, 13.924, 13.925, 13.927, 13.928, 13.929, 13.93, 13.931, 13.932, 13.933, 13.934, 13.937, 13.938, 13.939, 13.941, 13.942, 13.943, 13.945, 13.947, 13.948, 13.949, 13.951, 13.953, 13.954, 13.956, 13.958, 13.96, 13.962, 13.964, 13.965, 13.967, 13.971, 13.973, 13.975, 13.977, 13.979, 13.981, 13.982, 13.983, 13.985, 13.987, 13.989, 13.991, 13.993, 13.995, 13.996, 13.999, 14.001, 14.005, 14.006, 14.009, 14.011, 14.012, 14.013, 14.014, 14.016, 14.02, 14.027, 14.033, 14.038, 14.039, 14.048, 14.053, 14.056, 14.07, 14.077, 14.081, 14.084, 14.086, 14.092, 14.099, 14.1, 14.101, 14.107, 14.111, 14.113, 14.12, 14.131, 14.134, 14.157, 14.158, 14.162, 14.165, 14.174, 14.183, 14.191, 14.208, 14.235, 14.246, 14.257, 14.424, 14.99]
---
Round: 38, Unk. prob.: 1.000e+00
Surv probs: 0.000e+00, Fail probs: 0.000e+00
No. of non-dominant rules: 7113, Survival rules: 6685, Failure rules: 428
Batch update: 185 rules added, 0 existing rules removed (0 new rules dominated)
Survival: 185 rules added, 0 removed (from 185 candidates)
Batch update: 7 rules added, 0 existing rules removed (0 new rules dominated)
Failure: 7 rules added, 0 removed (from 7 candidates)
Updated sys_vals: [13.439, 13.529, 13.531, 13.589, 13.59, 13.593, 13.609, 13.621, 13.633, 13.637, 13.642, 13.647, 13.648, 13.652, 13.655, 13.658, 13.659, 13.66, 13.661, 13.662, 13.663, 13.664, 13.665, 13.666, 13.667, 13.668, 13.669, 13.67, 13.671, 13.672, 13.673, 13.674, 13.676, 13.677, 13.678, 13.679, 13.68, 13.681, 13.682, 13.683, 13.684, 13.685, 13.686, 13.687, 13.688, 13.689, 13.69, 13.691, 13.692, 13.693, 13.694, 13.695, 13.696, 13.697, 13.698, 13.699, 13.7, 13.701, 13.702, 13.703, 13.704, 13.705, 13.706, 13.707, 13.708, 13.709, 13.71, 13.711, 13.712, 13.713, 13.714, 13.715, 13.716, 13.717, 13.718, 13.719, 13.72, 13.721, 13.722, 13.723, 13.724, 13.725, 13.726, 13.727, 13.728, 13.729, 13.73, 13.731, 13.732, 13.733, 13.734, 13.735, 13.736, 13.737, 13.738, 13.739, 13.74, 13.741, 13.742, 13.743, 13.744, 13.745, 13.746, 13.747, 13.748, 13.749, 13.75, 13.751, 13.752, 13.753, 13.754, 13.755, 13.756, 13.757, 13.758, 13.759, 13.76, 13.761, 13.762, 13.763, 13.764, 13.765, 13.766, 13.767, 13.768, 13.769, 13.77, 13.771, 13.772, 13.773, 13.774, 13.775, 13.776, 13.777, 13.778, 13.779, 13.78, 13.781, 13.782, 13.783, 13.784, 13.785, 13.786, 13.787, 13.788, 13.789, 13.79, 13.791, 13.792, 13.793, 13.794, 13.795, 13.796, 13.797, 13.798, 13.799, 13.8, 13.801, 13.802, 13.803, 13.804, 13.805, 13.806, 13.807, 13.808, 13.809, 13.81, 13.811, 13.812, 13.813, 13.814, 13.815, 13.816, 13.817, 13.818, 13.819, 13.82, 13.821, 13.822, 13.823, 13.824, 13.825, 13.826, 13.827, 13.828, 13.829, 13.831, 13.833, 13.834, 13.835, 13.836, 13.837, 13.838, 13.839, 13.841, 13.842, 13.843, 13.844, 13.845, 13.846, 13.847, 13.848, 13.849, 13.85, 13.851, 13.852, 13.853, 13.854, 13.855, 13.856, 13.857, 13.858, 13.859, 13.86, 13.861, 13.862, 13.863, 13.864, 13.865, 13.866, 13.868, 13.869, 13.87, 13.871, 13.872, 13.873, 13.874, 13.876, 13.878, 13.879, 13.881, 13.882, 13.883, 13.884, 13.885, 13.886, 13.887, 13.888, 13.889, 13.89, 13.892, 13.894, 13.895, 13.896, 13.897, 13.898, 13.9, 13.901, 13.902, 13.903, 13.904, 13.906, 13.908, 13.909, 13.91, 13.911, 13.912, 13.913, 13.915, 13.916, 13.917, 13.919, 13.92, 13.921, 13.922, 13.924, 13.925, 13.927, 13.928, 13.929, 13.93, 13.931, 13.932, 13.933, 13.934, 13.937, 13.938, 13.939, 13.941, 13.942, 13.943, 13.945, 13.947, 13.948, 13.949, 13.951, 13.953, 13.954, 13.956, 13.958, 13.96, 13.962, 13.964, 13.965, 13.967, 13.971, 13.973, 13.975, 13.977, 13.979, 13.981, 13.982, 13.983, 13.985, 13.987, 13.989, 13.991, 13.993, 13.995, 13.996, 13.999, 14.001, 14.005, 14.006, 14.009, 14.011, 14.012, 14.013, 14.014, 14.016, 14.02, 14.027, 14.033, 14.038, 14.039, 14.048, 14.053, 14.056, 14.07, 14.077, 14.081, 14.084, 14.086, 14.092, 14.099, 14.1, 14.101, 14.107, 14.111, 14.113, 14.12, 14.131, 14.134, 14.157, 14.158, 14.162, 14.165, 14.174, 14.183, 14.191, 14.208, 14.235, 14.246, 14.257, 14.424, 14.99]
---
Round: 39, Unk. prob.: 1.000e+00
Surv probs: 0.000e+00, Fail probs: 0.000e+00
No. of non-dominant rules: 7305, Survival rules: 6870, Failure rules: 435
Batch update: 179 rules added, 0 existing rules removed (0 new rules dominated)
Survival: 179 rules added, 0 removed (from 179 candidates)
Batch update: 13 rules added, 0 existing rules removed (0 new rules dominated)
Failure: 13 rules added, 0 removed (from 13 candidates)
Updated sys_vals: [13.439, 13.529, 13.531, 13.589, 13.59, 13.593, 13.609, 13.621, 13.625, 13.633, 13.637, 13.642, 13.647, 13.648, 13.652, 13.655, 13.658, 13.659, 13.66, 13.661, 13.662, 13.663, 13.664, 13.665, 13.666, 13.667, 13.668, 13.669, 13.67, 13.671, 13.672, 13.673, 13.674, 13.676, 13.677, 13.678, 13.679, 13.68, 13.681, 13.682, 13.683, 13.684, 13.685, 13.686, 13.687, 13.688, 13.689, 13.69, 13.691, 13.692, 13.693, 13.694, 13.695, 13.696, 13.697, 13.698, 13.699, 13.7, 13.701, 13.702, 13.703, 13.704, 13.705, 13.706, 13.707, 13.708, 13.709, 13.71, 13.711, 13.712, 13.713, 13.714, 13.715, 13.716, 13.717, 13.718, 13.719, 13.72, 13.721, 13.722, 13.723, 13.724, 13.725, 13.726, 13.727, 13.728, 13.729, 13.73, 13.731, 13.732, 13.733, 13.734, 13.735, 13.736, 13.737, 13.738, 13.739, 13.74, 13.741, 13.742, 13.743, 13.744, 13.745, 13.746, 13.747, 13.748, 13.749, 13.75, 13.751, 13.752, 13.753, 13.754, 13.755, 13.756, 13.757, 13.758, 13.759, 13.76, 13.761, 13.762, 13.763, 13.764, 13.765, 13.766, 13.767, 13.768, 13.769, 13.77, 13.771, 13.772, 13.773, 13.774, 13.775, 13.776, 13.777, 13.778, 13.779, 13.78, 13.781, 13.782, 13.783, 13.784, 13.785, 13.786, 13.787, 13.788, 13.789, 13.79, 13.791, 13.792, 13.793, 13.794, 13.795, 13.796, 13.797, 13.798, 13.799, 13.8, 13.801, 13.802, 13.803, 13.804, 13.805, 13.806, 13.807, 13.808, 13.809, 13.81, 13.811, 13.812, 13.813, 13.814, 13.815, 13.816, 13.817, 13.818, 13.819, 13.82, 13.821, 13.822, 13.823, 13.824, 13.825, 13.826, 13.827, 13.828, 13.829, 13.831, 13.833, 13.834, 13.835, 13.836, 13.837, 13.838, 13.839, 13.841, 13.842, 13.843, 13.844, 13.845, 13.846, 13.847, 13.848, 13.849, 13.85, 13.851, 13.852, 13.853, 13.854, 13.855, 13.856, 13.857, 13.858, 13.859, 13.86, 13.861, 13.862, 13.863, 13.864, 13.865, 13.866, 13.868, 13.869, 13.87, 13.871, 13.872, 13.873, 13.874, 13.876, 13.878, 13.879, 13.881, 13.882, 13.883, 13.884, 13.885, 13.886, 13.887, 13.888, 13.889, 13.89, 13.892, 13.894, 13.895, 13.896, 13.897, 13.898, 13.9, 13.901, 13.902, 13.903, 13.904, 13.906, 13.908, 13.909, 13.91, 13.911, 13.912, 13.913, 13.914, 13.915, 13.916, 13.917, 13.919, 13.92, 13.921, 13.922, 13.924, 13.925, 13.927, 13.928, 13.929, 13.93, 13.931, 13.932, 13.933, 13.934, 13.937, 13.938, 13.939, 13.941, 13.942, 13.943, 13.945, 13.947, 13.948, 13.949, 13.951, 13.953, 13.954, 13.956, 13.958, 13.96, 13.962, 13.964, 13.965, 13.967, 13.971, 13.973, 13.975, 13.977, 13.979, 13.981, 13.982, 13.983, 13.985, 13.987, 13.989, 13.991, 13.993, 13.995, 13.996, 13.999, 14.001, 14.005, 14.006, 14.009, 14.011, 14.012, 14.013, 14.014, 14.016, 14.02, 14.027, 14.033, 14.038, 14.039, 14.048, 14.053, 14.056, 14.07, 14.077, 14.081, 14.084, 14.086, 14.092, 14.099, 14.1, 14.101, 14.107, 14.111, 14.113, 14.12, 14.131, 14.134, 14.154, 14.157, 14.158, 14.162, 14.165, 14.174, 14.183, 14.191, 14.208, 14.235, 14.246, 14.257, 14.424, 14.99]
---
Round: 40, Unk. prob.: 1.000e+00
Surv probs: 0.000e+00, Fail probs: 0.000e+00
No. of non-dominant rules: 7497, Survival rules: 7049, Failure rules: 448
Batch update: 183 rules added, 0 existing rules removed (0 new rules dominated)
Survival: 183 rules added, 0 removed (from 183 candidates)
Batch update: 9 rules added, 0 existing rules removed (0 new rules dominated)
Failure: 9 rules added, 0 removed (from 9 candidates)
Updated sys_vals: [13.439, 13.529, 13.531, 13.589, 13.59, 13.593, 13.609, 13.621, 13.625, 13.633, 13.637, 13.642, 13.647, 13.648, 13.652, 13.655, 13.658, 13.659, 13.66, 13.661, 13.662, 13.663, 13.664, 13.665, 13.666, 13.667, 13.668, 13.669, 13.67, 13.671, 13.672, 13.673, 13.674, 13.675, 13.676, 13.677, 13.678, 13.679, 13.68, 13.681, 13.682, 13.683, 13.684, 13.685, 13.686, 13.687, 13.688, 13.689, 13.69, 13.691, 13.692, 13.693, 13.694, 13.695, 13.696, 13.697, 13.698, 13.699, 13.7, 13.701, 13.702, 13.703, 13.704, 13.705, 13.706, 13.707, 13.708, 13.709, 13.71, 13.711, 13.712, 13.713, 13.714, 13.715, 13.716, 13.717, 13.718, 13.719, 13.72, 13.721, 13.722, 13.723, 13.724, 13.725, 13.726, 13.727, 13.728, 13.729, 13.73, 13.731, 13.732, 13.733, 13.734, 13.735, 13.736, 13.737, 13.738, 13.739, 13.74, 13.741, 13.742, 13.743, 13.744, 13.745, 13.746, 13.747, 13.748, 13.749, 13.75, 13.751, 13.752, 13.753, 13.754, 13.755, 13.756, 13.757, 13.758, 13.759, 13.76, 13.761, 13.762, 13.763, 13.764, 13.765, 13.766, 13.767, 13.768, 13.769, 13.77, 13.771, 13.772, 13.773, 13.774, 13.775, 13.776, 13.777, 13.778, 13.779, 13.78, 13.781, 13.782, 13.783, 13.784, 13.785, 13.786, 13.787, 13.788, 13.789, 13.79, 13.791, 13.792, 13.793, 13.794, 13.795, 13.796, 13.797, 13.798, 13.799, 13.8, 13.801, 13.802, 13.803, 13.804, 13.805, 13.806, 13.807, 13.808, 13.809, 13.81, 13.811, 13.812, 13.813, 13.814, 13.815, 13.816, 13.817, 13.818, 13.819, 13.82, 13.821, 13.822, 13.823, 13.824, 13.825, 13.826, 13.827, 13.828, 13.829, 13.831, 13.833, 13.834, 13.835, 13.836, 13.837, 13.838, 13.839, 13.841, 13.842, 13.843, 13.844, 13.845, 13.846, 13.847, 13.848, 13.849, 13.85, 13.851, 13.852, 13.853, 13.854, 13.855, 13.856, 13.857, 13.858, 13.859, 13.86, 13.861, 13.862, 13.863, 13.864, 13.865, 13.866, 13.868, 13.869, 13.87, 13.871, 13.872, 13.873, 13.874, 13.876, 13.878, 13.879, 13.881, 13.882, 13.883, 13.884, 13.885, 13.886, 13.887, 13.888, 13.889, 13.89, 13.892, 13.894, 13.895, 13.896, 13.897, 13.898, 13.9, 13.901, 13.902, 13.903, 13.904, 13.906, 13.908, 13.909, 13.91, 13.911, 13.912, 13.913, 13.914, 13.915, 13.916, 13.917, 13.919, 13.92, 13.921, 13.922, 13.924, 13.925, 13.927, 13.928, 13.929, 13.93, 13.931, 13.932, 13.933, 13.934, 13.937, 13.938, 13.939, 13.941, 13.942, 13.943, 13.945, 13.947, 13.948, 13.949, 13.951, 13.953, 13.954, 13.956, 13.958, 13.96, 13.962, 13.964, 13.965, 13.967, 13.971, 13.973, 13.975, 13.977, 13.979, 13.981, 13.982, 13.983, 13.985, 13.987, 13.989, 13.991, 13.993, 13.995, 13.996, 13.999, 14.001, 14.005, 14.006, 14.009, 14.011, 14.012, 14.013, 14.014, 14.016, 14.02, 14.024, 14.027, 14.033, 14.038, 14.039, 14.048, 14.053, 14.056, 14.07, 14.077, 14.081, 14.084, 14.086, 14.092, 14.099, 14.1, 14.101, 14.107, 14.111, 14.113, 14.12, 14.131, 14.134, 14.154, 14.157, 14.158, 14.162, 14.165, 14.174, 14.183, 14.191, 14.208, 14.235, 14.246, 14.257, 14.424, 14.99]
---
Round: 41, Unk. prob.: 1.000e+00
Surv probs: 0.000e+00, Fail probs: 0.000e+00
No. of non-dominant rules: 7689, Survival rules: 7232, Failure rules: 457
Batch update: 185 rules added, 0 existing rules removed (0 new rules dominated)
Survival: 185 rules added, 0 removed (from 185 candidates)
Batch update: 7 rules added, 0 existing rules removed (0 new rules dominated)
Failure: 7 rules added, 0 removed (from 7 candidates)
Updated sys_vals: [13.439, 13.529, 13.531, 13.589, 13.59, 13.593, 13.609, 13.621, 13.625, 13.633, 13.636, 13.637, 13.642, 13.647, 13.648, 13.652, 13.655, 13.658, 13.659, 13.66, 13.661, 13.662, 13.663, 13.664, 13.665, 13.666, 13.667, 13.668, 13.669, 13.67, 13.671, 13.672, 13.673, 13.674, 13.675, 13.676, 13.677, 13.678, 13.679, 13.68, 13.681, 13.682, 13.683, 13.684, 13.685, 13.686, 13.687, 13.688, 13.689, 13.69, 13.691, 13.692, 13.693, 13.694, 13.695, 13.696, 13.697, 13.698, 13.699, 13.7, 13.701, 13.702, 13.703, 13.704, 13.705, 13.706, 13.707, 13.708, 13.709, 13.71, 13.711, 13.712, 13.713, 13.714, 13.715, 13.716, 13.717, 13.718, 13.719, 13.72, 13.721, 13.722, 13.723, 13.724, 13.725, 13.726, 13.727, 13.728, 13.729, 13.73, 13.731, 13.732, 13.733, 13.734, 13.735, 13.736, 13.737, 13.738, 13.739, 13.74, 13.741, 13.742, 13.743, 13.744, 13.745, 13.746, 13.747, 13.748, 13.749, 13.75, 13.751, 13.752, 13.753, 13.754, 13.755, 13.756, 13.757, 13.758, 13.759, 13.76, 13.761, 13.762, 13.763, 13.764, 13.765, 13.766, 13.767, 13.768, 13.769, 13.77, 13.771, 13.772, 13.773, 13.774, 13.775, 13.776, 13.777, 13.778, 13.779, 13.78, 13.781, 13.782, 13.783, 13.784, 13.785, 13.786, 13.787, 13.788, 13.789, 13.79, 13.791, 13.792, 13.793, 13.794, 13.795, 13.796, 13.797, 13.798, 13.799, 13.8, 13.801, 13.802, 13.803, 13.804, 13.805, 13.806, 13.807, 13.808, 13.809, 13.81, 13.811, 13.812, 13.813, 13.814, 13.815, 13.816, 13.817, 13.818, 13.819, 13.82, 13.821, 13.822, 13.823, 13.824, 13.825, 13.826, 13.827, 13.828, 13.829, 13.831, 13.833, 13.834, 13.835, 13.836, 13.837, 13.838, 13.839, 13.841, 13.842, 13.843, 13.844, 13.845, 13.846, 13.847, 13.848, 13.849, 13.85, 13.851, 13.852, 13.853, 13.854, 13.855, 13.856, 13.857, 13.858, 13.859, 13.86, 13.861, 13.862, 13.863, 13.864, 13.865, 13.866, 13.868, 13.869, 13.87, 13.871, 13.872, 13.873, 13.874, 13.876, 13.878, 13.879, 13.881, 13.882, 13.883, 13.884, 13.885, 13.886, 13.887, 13.888, 13.889, 13.89, 13.892, 13.894, 13.895, 13.896, 13.897, 13.898, 13.9, 13.901, 13.902, 13.903, 13.904, 13.906, 13.908, 13.909, 13.91, 13.911, 13.912, 13.913, 13.914, 13.915, 13.916, 13.917, 13.919, 13.92, 13.921, 13.922, 13.924, 13.925, 13.927, 13.928, 13.929, 13.93, 13.931, 13.932, 13.933, 13.934, 13.937, 13.938, 13.939, 13.941, 13.942, 13.943, 13.945, 13.947, 13.948, 13.949, 13.951, 13.953, 13.954, 13.956, 13.958, 13.96, 13.962, 13.964, 13.965, 13.967, 13.971, 13.973, 13.975, 13.977, 13.979, 13.981, 13.982, 13.983, 13.985, 13.987, 13.989, 13.991, 13.993, 13.995, 13.996, 13.999, 14.001, 14.005, 14.006, 14.009, 14.011, 14.012, 14.013, 14.014, 14.016, 14.02, 14.024, 14.027, 14.033, 14.038, 14.039, 14.048, 14.053, 14.056, 14.07, 14.077, 14.081, 14.084, 14.086, 14.092, 14.099, 14.1, 14.101, 14.107, 14.111, 14.113, 14.12, 14.131, 14.134, 14.154, 14.157, 14.158, 14.162, 14.165, 14.174, 14.183, 14.191, 14.208, 14.235, 14.246, 14.257, 14.42, 14.424, 14.99]
---
Round: 42, Unk. prob.: 1.000e+00
Surv probs: 0.000e+00, Fail probs: 0.000e+00
No. of non-dominant rules: 7881, Survival rules: 7417, Failure rules: 464
Batch update: 181 rules added, 0 existing rules removed (0 new rules dominated)
Survival: 181 rules added, 0 removed (from 181 candidates)
Batch update: 11 rules added, 0 existing rules removed (0 new rules dominated)
Failure: 11 rules added, 0 removed (from 11 candidates)
Updated sys_vals: [13.439, 13.529, 13.531, 13.589, 13.59, 13.593, 13.609, 13.621, 13.625, 13.633, 13.636, 13.637, 13.642, 13.647, 13.648, 13.652, 13.653, 13.655, 13.658, 13.659, 13.66, 13.661, 13.662, 13.663, 13.664, 13.665, 13.666, 13.667, 13.668, 13.669, 13.67, 13.671, 13.672, 13.673, 13.674, 13.675, 13.676, 13.677, 13.678, 13.679, 13.68, 13.681, 13.682, 13.683, 13.684, 13.685, 13.686, 13.687, 13.688, 13.689, 13.69, 13.691, 13.692, 13.693, 13.694, 13.695, 13.696, 13.697, 13.698, 13.699, 13.7, 13.701, 13.702, 13.703, 13.704, 13.705, 13.706, 13.707, 13.708, 13.709, 13.71, 13.711, 13.712, 13.713, 13.714, 13.715, 13.716, 13.717, 13.718, 13.719, 13.72, 13.721, 13.722, 13.723, 13.724, 13.725, 13.726, 13.727, 13.728, 13.729, 13.73, 13.731, 13.732, 13.733, 13.734, 13.735, 13.736, 13.737, 13.738, 13.739, 13.74, 13.741, 13.742, 13.743, 13.744, 13.745, 13.746, 13.747, 13.748, 13.749, 13.75, 13.751, 13.752, 13.753, 13.754, 13.755, 13.756, 13.757, 13.758, 13.759, 13.76, 13.761, 13.762, 13.763, 13.764, 13.765, 13.766, 13.767, 13.768, 13.769, 13.77, 13.771, 13.772, 13.773, 13.774, 13.775, 13.776, 13.777, 13.778, 13.779, 13.78, 13.781, 13.782, 13.783, 13.784, 13.785, 13.786, 13.787, 13.788, 13.789, 13.79, 13.791, 13.792, 13.793, 13.794, 13.795, 13.796, 13.797, 13.798, 13.799, 13.8, 13.801, 13.802, 13.803, 13.804, 13.805, 13.806, 13.807, 13.808, 13.809, 13.81, 13.811, 13.812, 13.813, 13.814, 13.815, 13.816, 13.817, 13.818, 13.819, 13.82, 13.821, 13.822, 13.823, 13.824, 13.825, 13.826, 13.827, 13.828, 13.829, 13.831, 13.833, 13.834, 13.835, 13.836, 13.837, 13.838, 13.839, 13.841, 13.842, 13.843, 13.844, 13.845, 13.846, 13.847, 13.848, 13.849, 13.85, 13.851, 13.852, 13.853, 13.854, 13.855, 13.856, 13.857, 13.858, 13.859, 13.86, 13.861, 13.862, 13.863, 13.864, 13.865, 13.866, 13.868, 13.869, 13.87, 13.871, 13.872, 13.873, 13.874, 13.876, 13.878, 13.879, 13.881, 13.882, 13.883, 13.884, 13.885, 13.886, 13.887, 13.888, 13.889, 13.89, 13.892, 13.894, 13.895, 13.896, 13.897, 13.898, 13.9, 13.901, 13.902, 13.903, 13.904, 13.906, 13.908, 13.909, 13.91, 13.911, 13.912, 13.913, 13.914, 13.915, 13.916, 13.917, 13.919, 13.92, 13.921, 13.922, 13.924, 13.925, 13.927, 13.928, 13.929, 13.93, 13.931, 13.932, 13.933, 13.934, 13.937, 13.938, 13.939, 13.941, 13.942, 13.943, 13.945, 13.947, 13.948, 13.949, 13.951, 13.953, 13.954, 13.956, 13.958, 13.96, 13.962, 13.964, 13.965, 13.967, 13.971, 13.973, 13.975, 13.977, 13.978, 13.979, 13.981, 13.982, 13.983, 13.985, 13.987, 13.989, 13.991, 13.993, 13.995, 13.996, 13.999, 14.001, 14.005, 14.006, 14.009, 14.011, 14.012, 14.013, 14.014, 14.016, 14.02, 14.024, 14.027, 14.032, 14.033, 14.038, 14.039, 14.048, 14.053, 14.056, 14.07, 14.077, 14.081, 14.084, 14.086, 14.092, 14.099, 14.1, 14.101, 14.107, 14.111, 14.113, 14.12, 14.13, 14.131, 14.134, 14.154, 14.157, 14.158, 14.162, 14.165, 14.174, 14.183, 14.191, 14.208, 14.235, 14.246, 14.257, 14.42, 14.424, 14.99]
---
Round: 43, Unk. prob.: 1.000e+00
Surv probs: 0.000e+00, Fail probs: 0.000e+00
No. of non-dominant rules: 8073, Survival rules: 7598, Failure rules: 475
Batch update: 181 rules added, 0 existing rules removed (0 new rules dominated)
Survival: 181 rules added, 0 removed (from 181 candidates)
Batch update: 11 rules added, 0 existing rules removed (0 new rules dominated)
Failure: 11 rules added, 0 removed (from 11 candidates)
Updated sys_vals: [13.439, 13.529, 13.531, 13.589, 13.59, 13.593, 13.609, 13.621, 13.625, 13.633, 13.636, 13.637, 13.642, 13.647, 13.648, 13.652, 13.653, 13.655, 13.658, 13.659, 13.66, 13.661, 13.662, 13.663, 13.664, 13.665, 13.666, 13.667, 13.668, 13.669, 13.67, 13.671, 13.672, 13.673, 13.674, 13.675, 13.676, 13.677, 13.678, 13.679, 13.68, 13.681, 13.682, 13.683, 13.684, 13.685, 13.686, 13.687, 13.688, 13.689, 13.69, 13.691, 13.692, 13.693, 13.694, 13.695, 13.696, 13.697, 13.698, 13.699, 13.7, 13.701, 13.702, 13.703, 13.704, 13.705, 13.706, 13.707, 13.708, 13.709, 13.71, 13.711, 13.712, 13.713, 13.714, 13.715, 13.716, 13.717, 13.718, 13.719, 13.72, 13.721, 13.722, 13.723, 13.724, 13.725, 13.726, 13.727, 13.728, 13.729, 13.73, 13.731, 13.732, 13.733, 13.734, 13.735, 13.736, 13.737, 13.738, 13.739, 13.74, 13.741, 13.742, 13.743, 13.744, 13.745, 13.746, 13.747, 13.748, 13.749, 13.75, 13.751, 13.752, 13.753, 13.754, 13.755, 13.756, 13.757, 13.758, 13.759, 13.76, 13.761, 13.762, 13.763, 13.764, 13.765, 13.766, 13.767, 13.768, 13.769, 13.77, 13.771, 13.772, 13.773, 13.774, 13.775, 13.776, 13.777, 13.778, 13.779, 13.78, 13.781, 13.782, 13.783, 13.784, 13.785, 13.786, 13.787, 13.788, 13.789, 13.79, 13.791, 13.792, 13.793, 13.794, 13.795, 13.796, 13.797, 13.798, 13.799, 13.8, 13.801, 13.802, 13.803, 13.804, 13.805, 13.806, 13.807, 13.808, 13.809, 13.81, 13.811, 13.812, 13.813, 13.814, 13.815, 13.816, 13.817, 13.818, 13.819, 13.82, 13.821, 13.822, 13.823, 13.824, 13.825, 13.826, 13.827, 13.828, 13.829, 13.83, 13.831, 13.833, 13.834, 13.835, 13.836, 13.837, 13.838, 13.839, 13.841, 13.842, 13.843, 13.844, 13.845, 13.846, 13.847, 13.848, 13.849, 13.85, 13.851, 13.852, 13.853, 13.854, 13.855, 13.856, 13.857, 13.858, 13.859, 13.86, 13.861, 13.862, 13.863, 13.864, 13.865, 13.866, 13.868, 13.869, 13.87, 13.871, 13.872, 13.873, 13.874, 13.876, 13.878, 13.879, 13.881, 13.882, 13.883, 13.884, 13.885, 13.886, 13.887, 13.888, 13.889, 13.89, 13.892, 13.894, 13.895, 13.896, 13.897, 13.898, 13.899, 13.9, 13.901, 13.902, 13.903, 13.904, 13.906, 13.908, 13.909, 13.91, 13.911, 13.912, 13.913, 13.914, 13.915, 13.916, 13.917, 13.919, 13.92, 13.921, 13.922, 13.924, 13.925, 13.927, 13.928, 13.929, 13.93, 13.931, 13.932, 13.933, 13.934, 13.937, 13.938, 13.939, 13.941, 13.942, 13.943, 13.945, 13.947, 13.948, 13.949, 13.951, 13.953, 13.954, 13.956, 13.958, 13.96, 13.962, 13.964, 13.965, 13.967, 13.971, 13.972, 13.973, 13.975, 13.977, 13.978, 13.979, 13.981, 13.982, 13.983, 13.985, 13.987, 13.989, 13.991, 13.993, 13.995, 13.996, 13.999, 14.001, 14.005, 14.006, 14.009, 14.011, 14.012, 14.013, 14.014, 14.016, 14.02, 14.024, 14.027, 14.032, 14.033, 14.038, 14.039, 14.046, 14.048, 14.053, 14.056, 14.07, 14.077, 14.081, 14.084, 14.086, 14.092, 14.099, 14.1, 14.101, 14.107, 14.111, 14.113, 14.12, 14.13, 14.131, 14.134, 14.154, 14.157, 14.158, 14.162, 14.165, 14.174, 14.183, 14.191, 14.208, 14.235, 14.246, 14.257, 14.42, 14.424, 14.99]
---
Round: 44, Unk. prob.: 1.000e+00
Surv probs: 0.000e+00, Fail probs: 0.000e+00
No. of non-dominant rules: 8265, Survival rules: 7779, Failure rules: 486
Batch update: 179 rules added, 0 existing rules removed (0 new rules dominated)
Survival: 179 rules added, 0 removed (from 179 candidates)
Batch update: 13 rules added, 0 existing rules removed (0 new rules dominated)
Failure: 13 rules added, 0 removed (from 13 candidates)
Updated sys_vals: [13.439, 13.529, 13.531, 13.589, 13.59, 13.593, 13.609, 13.621, 13.625, 13.633, 13.636, 13.637, 13.642, 13.647, 13.648, 13.652, 13.653, 13.655, 13.658, 13.659, 13.66, 13.661, 13.662, 13.663, 13.664, 13.665, 13.666, 13.667, 13.668, 13.669, 13.67, 13.671, 13.672, 13.673, 13.674, 13.675, 13.676, 13.677, 13.678, 13.679, 13.68, 13.681, 13.682, 13.683, 13.684, 13.685, 13.686, 13.687, 13.688, 13.689, 13.69, 13.691, 13.692, 13.693, 13.694, 13.695, 13.696, 13.697, 13.698, 13.699, 13.7, 13.701, 13.702, 13.703, 13.704, 13.705, 13.706, 13.707, 13.708, 13.709, 13.71, 13.711, 13.712, 13.713, 13.714, 13.715, 13.716, 13.717, 13.718, 13.719, 13.72, 13.721, 13.722, 13.723, 13.724, 13.725, 13.726, 13.727, 13.728, 13.729, 13.73, 13.731, 13.732, 13.733, 13.734, 13.735, 13.736, 13.737, 13.738, 13.739, 13.74, 13.741, 13.742, 13.743, 13.744, 13.745, 13.746, 13.747, 13.748, 13.749, 13.75, 13.751, 13.752, 13.753, 13.754, 13.755, 13.756, 13.757, 13.758, 13.759, 13.76, 13.761, 13.762, 13.763, 13.764, 13.765, 13.766, 13.767, 13.768, 13.769, 13.77, 13.771, 13.772, 13.773, 13.774, 13.775, 13.776, 13.777, 13.778, 13.779, 13.78, 13.781, 13.782, 13.783, 13.784, 13.785, 13.786, 13.787, 13.788, 13.789, 13.79, 13.791, 13.792, 13.793, 13.794, 13.795, 13.796, 13.797, 13.798, 13.799, 13.8, 13.801, 13.802, 13.803, 13.804, 13.805, 13.806, 13.807, 13.808, 13.809, 13.81, 13.811, 13.812, 13.813, 13.814, 13.815, 13.816, 13.817, 13.818, 13.819, 13.82, 13.821, 13.822, 13.823, 13.824, 13.825, 13.826, 13.827, 13.828, 13.829, 13.83, 13.831, 13.833, 13.834, 13.835, 13.836, 13.837, 13.838, 13.839, 13.841, 13.842, 13.843, 13.844, 13.845, 13.846, 13.847, 13.848, 13.849, 13.85, 13.851, 13.852, 13.853, 13.854, 13.855, 13.856, 13.857, 13.858, 13.859, 13.86, 13.861, 13.862, 13.863, 13.864, 13.865, 13.866, 13.868, 13.869, 13.87, 13.871, 13.872, 13.873, 13.874, 13.876, 13.878, 13.879, 13.881, 13.882, 13.883, 13.884, 13.885, 13.886, 13.887, 13.888, 13.889, 13.89, 13.892, 13.894, 13.895, 13.896, 13.897, 13.898, 13.899, 13.9, 13.901, 13.902, 13.903, 13.904, 13.906, 13.908, 13.909, 13.91, 13.911, 13.912, 13.913, 13.914, 13.915, 13.916, 13.917, 13.919, 13.92, 13.921, 13.922, 13.924, 13.925, 13.927, 13.928, 13.929, 13.93, 13.931, 13.932, 13.933, 13.934, 13.935, 13.937, 13.938, 13.939, 13.941, 13.942, 13.943, 13.945, 13.947, 13.948, 13.949, 13.95, 13.951, 13.953, 13.954, 13.956, 13.957, 13.958, 13.96, 13.962, 13.964, 13.965, 13.967, 13.971, 13.972, 13.973, 13.975, 13.977, 13.978, 13.979, 13.981, 13.982, 13.983, 13.985, 13.987, 13.989, 13.991, 13.993, 13.995, 13.996, 13.999, 14.001, 14.005, 14.006, 14.009, 14.011, 14.012, 14.013, 14.014, 14.016, 14.02, 14.024, 14.027, 14.032, 14.033, 14.038, 14.039, 14.046, 14.048, 14.053, 14.056, 14.07, 14.077, 14.081, 14.084, 14.086, 14.092, 14.099, 14.1, 14.101, 14.107, 14.111, 14.113, 14.12, 14.13, 14.131, 14.134, 14.154, 14.157, 14.158, 14.162, 14.165, 14.174, 14.183, 14.191, 14.208, 14.235, 14.246, 14.257, 14.42, 14.424, 14.99]
---
Round: 45, Unk. prob.: 1.000e+00
Surv probs: 0.000e+00, Fail probs: 0.000e+00
No. of non-dominant rules: 8457, Survival rules: 7958, Failure rules: 499
